molecular_weight,heavy_atom_count,ring_count,hbd,hba,rotatable_bonds,tpsa,logp,num_aromatic_rings,fraction_csp3,smiles,drug_id
340.64,21,3,0,2,2,21.59,5.05,2,0.1875,COc1cc2c(cc1Cl)C(c1ccc(Cl)c(Cl)c1)=NCC2,CHEMBL1087421
306.19,20,3,0,2,2,21.59,4.4,2,0.1875,COc1cc2c(cc1Cl)C(c1cccc(Cl)c1)=NCC2,CHEMBL1088633
587.71,43,7,2,8,8,96.68,6.28,6,0.1515,O=C(Cc1ccccc1)Nc1cccc(-c2nc3sccn3c2-c2ccnc(Nc3cccc(N4CCOCC4)c3)n2)c1,CHEMBL1090360
226.24,17,3,3,5,1,106.5,1.18,3,0.0,Nc1nccc(-c2ccc3c(N)n[nH]c3c2)n1,CHEMBL1688215
473.58,35,5,3,7,7,106.25,3.19,3,0.3846,CNc1cncc(-c2c[nH]c(=O)c(NC(=O)c3ccc(N4CCCC4CN4CCCC4)cc3)c2)n1,CHEMBL1765781
372.46,27,4,2,7,5,86.52,3.94,3,0.1,N#CC(=C1Nc2ccccc2S1)c1ccnc(NCCc2cccnc2)n1,CHEMBL1788116
554.54,36,3,2,5,6,84.99,5.23,2,0.48,CN(C)CCN1CCN(C(=O)c2cc(C(C)(C)C)sc2NC(=O)Nc2cccc(Cl)c2Cl)CCC1=O,CHEMBL1929238
432.54,32,6,2,3,2,51.37,4.05,3,0.4231,CC1CCC(N2CCC3(CN(C(=O)c4cc5ccc(F)cc5[nH]4)c4ccccc43)C2)CN1,CHEMBL1933552
332.36,25,4,3,3,3,74.35,3.89,3,0.05,COc1cc(-c2ccc3c(c2)NC(=O)C3=Cc2ccc[nH]2)ccc1O,CHEMBL202930
458.93,32,4,2,7,6,96.61,2.78,3,0.3182,COc1cc2ncnc(Nc3cccc(Cl)c3F)c2cc1CN1CCN(C)CC1C(N)=O,CHEMBL204420
443.91,31,4,2,6,6,93.37,4.01,3,0.3182,COc1cc2ncnc(Nc3cccc(Cl)c3F)c2cc1CN1CCCCC1C(N)=O,CHEMBL206783
429.88,30,4,2,6,6,93.37,3.62,3,0.2857,COc1cc2ncnc(Nc3ccc(F)c(Cl)c3)c2cc1CN1CCCC1C(N)=O,CHEMBL206955
415.86,29,4,2,6,6,93.37,3.09,3,0.25,COc1cc2ncnc(Nc3cccc(Cl)c3F)c2cc1CN1CC(C(N)=O)C1,CHEMBL207037
486.98,34,4,2,7,7,96.61,3.56,3,0.375,COc1cc2ncnc(Nc3cccc(Cl)c3F)c2cc1CN(C)C1(C(N)=O)CCN(C)CC1,CHEMBL207130
459.91,32,4,2,7,7,102.6,3.25,3,0.3182,COc1cc2ncnc(Nc3cccc(Cl)c3F)c2cc1CN1CC(OC)CC1C(N)=O,CHEMBL207235
415.86,29,4,2,6,6,93.37,3.23,3,0.25,COc1cc2ncnc(Nc3cccc(Cl)c3F)c2cc1CN1CCC1C(N)=O,CHEMBL207246
461.93,32,3,2,7,10,102.6,3.5,3,0.3182,COCCC(C(N)=O)N(C)Cc1cc2c(Nc3cccc(Cl)c3F)ncnc2cc1OC,CHEMBL207445
429.88,30,4,2,6,6,93.37,3.62,3,0.2857,COc1cc2ncnc(Nc3cccc(Cl)c3F)c2cc1CN1CCCC1C(N)=O,CHEMBL207584
445.88,31,4,2,7,6,102.6,2.86,3,0.2857,COc1cc2ncnc(Nc3cccc(Cl)c3F)c2cc1CN1CCOCC1C(N)=O,CHEMBL207674
417.87,29,3,2,6,7,93.37,3.48,3,0.25,COc1cc2ncnc(Nc3cccc(Cl)c3F)c2cc1CN(C)C(C)C(N)=O,CHEMBL207687
458.93,32,4,2,7,7,96.61,2.78,3,0.3182,COc1cc2ncnc(Nc3cccc(Cl)c3F)c2cc1CN(C)C1(C(N)=O)CN(C)C1,CHEMBL207718
502.98,35,4,2,8,10,105.84,2.79,3,0.375,COCCN1CC(C(N)=O)(N(C)Cc2cc3c(Nc4cccc(Cl)c4F)ncnc3cc2OC)C1,CHEMBL207815
445.93,31,3,2,6,8,93.37,4.26,3,0.3182,COc1cc2ncnc(Nc3cccc(Cl)c3F)c2cc1CN(C(C)C)C(C)C(N)=O,CHEMBL208048
417.87,29,3,2,6,7,93.37,3.48,3,0.25,COc1cc2ncnc(Nc3cccc(Cl)c3F)c2cc1CN(C)C(C)C(N)=O,CHEMBL208118
433.87,30,3,3,7,8,113.6,2.45,3,0.25,COc1cc2ncnc(Nc3cccc(Cl)c3F)c2cc1CN(C)C(CO)C(N)=O,CHEMBL208286
429.88,30,4,2,6,6,93.37,3.62,3,0.2857,COc1cc2ncnc(Nc3cccc(Cl)c3F)c2cc1CN1CCCC1C(N)=O,CHEMBL208292
220.23,16,1,2,5,3,101.03,0.89,1,0.3,CCOc1nc(NC(C)=O)cc(N)c1C#N,CHEMBL208637
252.28,19,2,2,4,2,91.8,2.16,2,0.0714,CC(=O)Nc1cc(N)c(C#N)c(-c2ccccc2)n1,CHEMBL210032
356.38,26,2,2,7,7,119.49,2.13,2,0.2778,CCOc1nc(NC(=O)Cc2cc(OC)ccc2OC)cc(N)c1C#N,CHEMBL210618
443.91,29,2,2,8,8,129.84,2.32,2,0.3333,CCOc1nc(NC(=O)Cc2cc(OC)c(S(C)(=O)=O)cc2OC)cc(N)c1Cl,CHEMBL210928
434.47,30,2,2,9,8,153.63,1.54,2,0.3158,CCOc1nc(NC(=O)Cc2cc(OC)c(S(C)(=O)=O)cc2OC)cc(N)c1C#N,CHEMBL210963
431.9,30,3,2,6,7,79.38,3.74,3,0.2857,CNC(=O)C(C)N(C)Cc1cc2c(Nc3cccc(Cl)c3F)ncnc2cc1OC,CHEMBL211003
354.36,26,4,0,4,2,56.22,4.63,4,0.2105,CC(C)(C)c1nnc2ccc(-c3ocnc3-c3ccc(F)cc3F)cn12,CHEMBL212382
372.35,27,4,0,4,2,56.22,4.77,4,0.2105,CC(C)(C)c1nnc2ccc(-c3ocnc3-c3cc(F)c(F)cc3F)cn12,CHEMBL212968
358.32,26,4,0,4,3,56.22,4.59,4,0.1667,CC(C)c1nnc2ccc(-c3ocnc3-c3cc(F)c(F)cc3F)cn12,CHEMBL213423
323.33,24,4,1,5,4,68.25,3.62,4,0.1176,CCNc1nnc2ccc(-c3ocnc3-c3ccc(F)cc3)cn12,CHEMBL213451
339.35,25,4,1,3,3,58.87,4.19,4,0.1667,CC(C)c1nnc2ccc(-c3cn[nH]c3-c3cc(F)ccc3F)cn12,CHEMBL214198
356.79,25,4,0,4,3,56.22,4.97,4,0.1667,CC(C)c1nnc2ccc(-c3ocnc3-c3ccc(F)cc3Cl)cn12,CHEMBL215652
403.44,30,6,2,5,0,96.01,2.09,4,0.3182,CC1CC2CN1CCn1[nH]c3c(cccc3c1=O)-c1nc3c(cccc3[nH]c1=O)O2,CHEMBL215803
414.47,31,4,3,8,6,108.9,3.83,4,0.1739,CC(C)(C)Nc1c(Nc2ccnc(Nc3ccc(-c4ccncc4)cc3)n2)c(=O)c1=O,CHEMBL2205426
431.88,30,3,3,7,3,129.39,3.51,2,0.4,N#Cc1ncc2nc1OCCCCCOc1cc(CCCO)c(Cl)cc1NC(=O)N2,CHEMBL223367
466.91,31,3,3,8,2,155.33,2.96,2,0.3333,CS(=O)(=O)Nc1cc2c(cc1Cl)NC(=O)Nc1cnc(C#N)c(n1)OCCCCCO2,CHEMBL223460
510.64,37,4,3,8,13,117.71,3.25,2,0.5556,COc1ccc(CCNc2ncc(C(=O)NCCCN3CCCC3=O)c(NC3CCCC3)n2)cc1OC,CHEMBL2312290
466.59,34,4,3,7,11,108.48,3.19,2,0.52,COc1ccccc1CNc1ncc(C(=O)NCCCN2CCCC2=O)c(NC2CCCC2)n1,CHEMBL2312301
505.45,34,4,3,6,10,99.25,4.49,2,0.5,O=C(NCCCN1CCCC1=O)c1cnc(NCc2cc(Cl)ccc2Cl)nc1NC1CCCC1,CHEMBL2312303
507.42,34,4,3,7,10,108.48,4.32,2,0.4783,O=C(NCCCN1CCOC1=O)c1cnc(NCc2cc(Cl)ccc2Cl)nc1NC1CCCC1,CHEMBL2312304
455.51,32,4,1,6,3,102.59,3.22,3,0.2174,Cc1c(C(=O)N2CCOc3ccc(-c4ccc(N)nc4)cc3C2)ccc(S(C)(=O)=O)c1F,CHEMBL2333365
334.38,25,4,2,6,2,96.28,3.43,4,0.1579,COc1cc2ncc3c(N)nc4c(C)c(N)ccc4c3c2cc1OC,CHEMBL235157
458.52,35,6,3,5,3,83.12,2.04,3,0.069,O=C1C=CC(=c2ccc(=C3NNC4=C3Cc3cc(C(=O)NCc5ccncc5)ccc34)cc2)C=C1,CHEMBL242753
471.93,32,4,3,9,3,134.08,4.27,3,0.25,N#Cc1ncc2nc1OCCCCOc1cc(NCc3cncs3)c(Cl)cc1NC(=O)N2,CHEMBL248757
484.43,33,4,2,4,7,65.95,6.13,4,0.28,CCN(CC)CC=Cc1[nH]c(=O)c2c(ccc3nc(Nc4c(Cl)cccc4Cl)n(C)c32)c1C,CHEMBL281957
447.88,31,3,3,8,4,138.62,3.35,2,0.4,N#Cc1ncc2nc1OCCCCCOc1cc(OCCCO)c(Cl)cc1NC(=O)N2,CHEMBL373598
474.97,33,3,2,7,10,96.61,3.41,3,0.3478,COc1cc2ncnc(Nc3cccc(Cl)c3F)c2cc1CN(CCN(C)C)C(C)C(N)=O,CHEMBL376967
383.86,25,2,2,6,6,111.38,2.05,2,0.25,CCOc1nc(C(=O)NCc2ccc(S(C)(=O)=O)cc2)cc(N)c1Cl,CHEMBL377383
443.91,31,4,2,6,7,93.37,4.01,3,0.3182,COc1cc2ncnc(Nc3cccc(Cl)c3F)c2cc1CN1CCCC1CC(N)=O,CHEMBL377772
429.88,30,4,2,6,6,79.38,3.49,3,0.2857,COc1cc2ncnc(Nc3cccc(Cl)c3F)c2cc1CN(C)C1CCNC1=O,CHEMBL378370
448.5,31,2,2,9,8,153.63,1.92,2,0.35,COc1cc(S(C)(=O)=O)c(OC)cc1CC(=O)Nc1cc(N)c(C#N)c(OC(C)C)n1,CHEMBL378627
403.85,28,3,2,6,7,93.37,3.09,3,0.2105,COc1cc2ncnc(Nc3cccc(Cl)c3F)c2cc1CN(C)CC(N)=O,CHEMBL379601
447.9,31,3,2,7,9,102.6,3.11,3,0.2857,COCC(C(N)=O)N(C)Cc1cc2c(Nc3cccc(Cl)c3F)ncnc2cc1OC,CHEMBL379905
304.35,23,4,0,4,3,56.22,4.17,4,0.1667,CC(C)c1nnc2ccc(-c3ocnc3-c3ccccc3)cn12,CHEMBL379929
445.93,31,3,1,6,7,70.59,4.08,3,0.3182,COc1cc2ncnc(Nc3cccc(Cl)c3F)c2cc1CN(C)C(C)C(=O)N(C)C,CHEMBL380006
403.85,28,3,3,6,7,102.16,3.14,3,0.2105,COc1cc2ncnc(Nc3cccc(Cl)c3F)c2cc1CNC(C)C(N)=O,CHEMBL380386
429.88,30,4,2,6,6,93.37,3.48,3,0.2857,COc1cc2ncnc(Nc3cccc(Cl)c3F)c2cc1CN1CCC(C(N)=O)C1,CHEMBL380454
460.94,32,3,2,7,9,96.61,3.02,3,0.3182,COc1cc2ncnc(Nc3cccc(Cl)c3F)c2cc1CN(C)C(CN(C)C)C(N)=O,CHEMBL380889
429.88,30,4,2,6,6,93.37,3.62,3,0.2857,COc1cc2ncnc(Nc3ccc(F)c(Cl)c3)c2cc1CN1CCCC1C(N)=O,CHEMBL382638
457.94,32,4,1,6,6,70.59,4.23,3,0.3478,COc1cc2ncnc(Nc3cccc(Cl)c3F)c2cc1CN1CCCC1C(=O)N(C)C,CHEMBL382822
461.93,32,3,2,7,10,102.6,3.5,3,0.3182,COCCN(Cc1cc2c(Nc3cccc(Cl)c3F)ncnc2cc1OC)C(C)C(N)=O,CHEMBL382823
515.03,36,4,2,7,8,96.61,4.33,3,0.4231,COc1cc2ncnc(Nc3cccc(Cl)c3F)c2cc1CN(C)C1(C(N)=O)CCN(C(C)C)CC1,CHEMBL383246
443.91,31,4,2,6,6,79.38,3.88,3,0.3182,CNC(=O)C1CCCN1Cc1cc2c(Nc3cccc(Cl)c3F)ncnc2cc1OC,CHEMBL383760
577.69,43,6,4,7,6,117.95,6.01,4,0.2353,COc1cc(-c2ccc3c(c2)Nc2ccc(C(C)(C)C(=O)Nc4ccc(N5CCOCC5)cc4)cc2NC3=O)ccc1N,CHEMBL389745
549.63,41,6,4,7,6,117.95,5.27,4,0.1875,COc1cc(-c2ccc3c(c2)Nc2ccc(CC(=O)Nc4ccc(N5CCOCC5)cc4)cc2NC3=O)ccc1N,CHEMBL395080
414.51,31,4,5,6,5,85.42,2.09,2,0.16,CC(C)NCc1ccc(NC2=CC(=c3ccc(=C4C=CC(=O)C=C4O)cc3)NN2)cc1,CHEMBL398606
486.98,34,4,2,7,8,96.61,3.55,3,0.375,COc1cc2ncnc(Nc3cccc(Cl)c3F)c2cc1CN(C)C1(C(N)=O)CN(C(C)C)C1,CHEMBL425601
386.86,27,4,1,5,5,50.28,4.77,3,0.3,COc1cc2ncnc(Nc3cccc(Cl)c3F)c2cc1CN1CCCC1,CHEMBL437885
465.55,35,6,4,5,2,90.46,1.75,2,0.2414,O=C1C=CC(=c2ccc(=C3NNC4=C3Cc3cc(C(=O)NC5CCC(O)CC5)ccc34)cc2)C=C1,CHEMBL438485
348.45,26,4,2,2,6,58.2,3.69,2,0.3636,Cc1ccc(C(=O)NC2CC2)cc1-c1ccc(C(=O)NCC2CC2)cc1,CHEMBL478649
496.61,37,6,2,6,5,79.63,5.36,4,0.3333,Cc1ccc(C(=O)Nc2cccc(N3CCOCC3)c2)cc1-c1ccc2c(C3CCNCC3)noc2c1,CHEMBL485285
481.6,36,6,2,6,5,83.29,5.52,4,0.3448,Cc1ccc(NC(=O)c2ccnc(N3CCCC3)c2)cc1-c1ccc2c(C3CCNCC3)noc2c1,CHEMBL485286
453.55,34,5,1,6,5,84.15,5.58,4,0.2593,Cc1nnc(-c2ccc(-c3cc(NC(=O)c4ccnc(N5CCCC5)c4)ccc3C)c(C)c2)o1,CHEMBL495729
375.47,28,5,2,4,4,67.16,4.16,3,0.3913,Cc1ccc(C(=O)NC2CC2)cc1-c1ccc2c(C3CCNCC3)noc2c1,CHEMBL497563
347.42,26,4,1,4,4,68.02,4.22,3,0.2857,Cc1nnc(-c2ccc(-c3cc(C(=O)NC4CC4)ccc3C)c(C)c2)o1,CHEMBL522579
468.56,35,5,1,6,5,80.49,5.42,4,0.25,Cc1nnc(-c2ccc(-c3cc(C(=O)Nc4cccc(N5CCOCC5)c4)ccc3C)c(C)c2)o1,CHEMBL523559
500.36,34,4,4,5,7,102.93,5.43,4,0.125,Cc1cnc(Nc2ccc(F)cc2Cl)nc1-c1c[nH]c(C(=O)NC(CO)c2cccc(Cl)c2)c1,CHEMBL583042
425.52,31,6,3,6,4,111.43,4.4,6,0.087,NCCn1cc(-c2cc(-c3cc4ccccc4s3)c3[nH]ncc3c2)c2nc(N)ncc21,CHEMBL590109
449.49,33,5,2,6,5,90.82,4.23,3,0.2917,COc1ccc(N2Cc3cnc(Nc4ccc(F)cc4)nc3N(C3CCC(O)C3)C2=O)cc1,CHEMBL606964
319.43,22,3,1,4,2,62.3,1.92,2,0.4375,Cc1cncc2cccc(S(=O)(=O)N3CCCNCC3C)c12,CHEMBL1082440
507.5,35,4,3,8,7,129.21,3.14,3,0.2381,CN(c1ncccc1CNc1nc(Nc2ccc3c(c2)CC(=O)N3)ncc1C(F)(F)F)S(C)(=O)=O,CHEMBL1084546
587.71,43,7,2,8,8,96.68,6.28,6,0.1515,O=C(Cc1ccccc1)Nc1cccc(-c2nc3sccn3c2-c2ccnc(Nc3ccc(N4CCOCC4)cc3)n2)c1,CHEMBL1090356
448.53,33,5,2,8,5,114.43,1.58,3,0.3913,COc1ccc(N2CCN(C)CC2)cc1Nc1ncc2c(n1)-c1c(c(C(N)=O)nn1C)CC2,CHEMBL1094408
291.35,22,4,2,2,4,57.78,3.62,3,0.2222,O=C(Cc1ccc2ccccc2c1)Nc1cc(C2CC2)[nH]n1,CHEMBL115220
349.21,20,3,1,4,3,65.21,3.95,3,0.0,NC(=O)c1cc2c(Oc3ccc(Br)cc3)cncc2s1,CHEMBL116070
470.96,33,5,1,6,4,47.53,4.26,3,0.3333,CN1CCN(c2ccc(-c3cnc4c(c3)N(Cc3c(F)ccc(F)c3Cl)CCN4)cn2)CC1,CHEMBL1164265
251.29,19,3,1,4,3,47.04,3.38,3,0.0667,COc1cccc(Nc2ncnc3ccccc23)c1,CHEMBL117697
390.4,29,4,2,7,6,116.66,2.65,4,0.1,COc1ccc(-c2cc3nccn3c(Nc3ncccc3C(N)=O)n2)cc1OC,CHEMBL1190711
388.37,28,4,1,6,4,78.27,2.99,3,0.3158,Cn1c(=O)c(Oc2ccc(F)cc2F)cc2cnc(NC3CCOCC3)nc21,CHEMBL1230122
361.49,26,3,2,4,4,81.33,2.31,1,0.7368,CC(C)CC(=O)Nc1n[nH]c2c1CN(C(=O)C1CCN(C)CC1)C2(C)C,CHEMBL1230607
440.46,32,3,2,7,7,136.59,3.53,3,0.3182,CC(C)(C)C(=O)Oc1ccc2c(c1)nc(NC(=O)c1cccc([N+](=O)[O-])c1)n2CCCO,CHEMBL1236126
440.42,32,3,3,10,9,163.76,3.0,3,0.15,COc1cc(Nc2ncc([N+](=O)[O-])c(Nc3ccccc3C(N)=O)n2)cc(OC)c1OC,CHEMBL1241473
401.5,29,5,3,5,2,92.93,4.99,4,0.1364,Cc1cccc(NC(=O)Nc2ccc3c(c2)CCc2sc4ncnc(N)c4c2-3)c1,CHEMBL1242373
544.68,39,6,3,7,8,102.59,4.28,4,0.3448,O=C(Nc1n[nH]c2cc(C(=O)NC(CN3CCCC3)c3ccccc3)sc12)c1ccc(N2CCOCC2)cc1,CHEMBL1258913
279.3,21,3,3,4,3,110.68,1.82,3,0.0,NC(=O)c1cc(-c2ccnc(N)n2)[nH]c1-c1ccccc1,CHEMBL1270230
315.38,24,4,1,4,4,55.11,3.71,4,0.1053,Cc1ccc(CNc2ccc3nnc(-c4ccccc4)n3n2)cc1,CHEMBL1375418
332.82,22,3,1,6,4,73.92,3.72,3,0.1333,Cc1nc(COc2ccccc2Cl)sc1-c1ccnc(N)n1,CHEMBL1375640
275.31,21,4,1,2,1,46.92,3.07,3,0.0588,Cn1cc(C=C2C(=O)Nc3cccnc32)c2ccccc21,CHEMBL1516890
415.86,29,4,2,5,4,95.0,3.02,3,0.3,O=C(CO)N1CCC(c2[nH]nc(-c3ccc(Cl)cc3F)c2-c2ccncn2)CC1,CHEMBL1614705
416.36,30,5,2,5,3,101.45,1.89,3,0.25,NC1C2CN(c3nc4c(cc3F)c(=O)c(C(=O)O)cn4-c3ccc(F)cc3F)CC12,CHEMBL1624529
275.32,21,4,1,3,3,59.39,2.73,4,0.0625,c1ccc(Cc2cn(-c3ccc4[nH]ncc4c3)nn2)cc1,CHEMBL1682341
290.33,22,4,2,4,3,85.41,2.45,4,0.0625,Nc1n[nH]c2ccc(-c3cn(Cc4ccccc4)nn3)cc12,CHEMBL1682346
290.33,22,4,2,4,3,80.73,3.39,4,0.0588,Nc1n[nH]c2ccc(-c3cc(Cc4ccccc4)no3)cc12,CHEMBL1682358
235.25,18,4,1,3,1,58.87,2.27,4,0.0,c1cnc2nc(-c3ccc4[nH]ncc4c3)cn2c1,CHEMBL1682540
292.37,21,4,2,4,3,53.6,4.43,4,0.0,c1ccc(Nc2nc(-c3ccc4[nH]ncc4c3)cs2)cc1,CHEMBL1682545
306.39,22,4,2,4,4,53.6,4.3,4,0.0588,c1ccc(CNc2nc(-c3ccc4[nH]ncc4c3)cs2)cc1,CHEMBL1682546
332.41,25,5,2,4,3,70.9,4.02,4,0.3158,c1cnc2nc(-c3ccc4[nH]ncc4c3)c(NC3CCCCC3)n2c1,CHEMBL1682552
292.35,22,4,2,4,3,70.9,3.09,4,0.1875,CC(C)Nc1c(-c2ccc3[nH]ncc3c2)nc2ncccn12,CHEMBL1682553
306.37,23,4,2,4,5,70.9,3.48,4,0.2353,CCCCNc1c(-c2ccc3[nH]ncc3c2)nc2ncccn12,CHEMBL1682554
391.45,29,5,1,4,5,58.97,3.56,4,0.2727,Fc1ccc(-c2ncn(CCN3CCOCC3)c2-c2ccc3[nH]ncc3c2)cc1,CHEMBL1682558
361.44,26,4,1,3,4,41.57,5.67,4,0.0476,CSc1ccc(-c2nc(-c3ccc(F)cc3)c(-c3ccncc3)[nH]2)cc1,CHEMBL17370
532.53,38,5,3,9,7,134.66,1.92,3,0.4167,CN1CCN(c2ccc(OC(F)(F)F)c(Nc3ncc4c(n3)-c3c(c(C(N)=O)nn3CCO)CC4)c2)CC1,CHEMBL1738758
450.35,30,4,2,5,5,77.99,5.04,3,0.3333,CC(Oc1cc(-c2cnn(C3CCNCC3)c2)cnc1N)c1c(Cl)ccc(F)c1Cl,CHEMBL1825138
371.44,28,4,3,2,3,70.23,4.86,3,0.1304,Cc1cccc(NC(=O)Nc2ccc(-c3cccc4c3CNC4=O)cc2C)c1,CHEMBL183844
371.44,28,4,3,2,3,70.23,4.86,3,0.1304,Cc1ccc(NC(=O)Nc2ccc(-c3cccc4c3CNC4=O)cc2)cc1C,CHEMBL184847
357.41,27,4,3,2,3,70.23,4.55,3,0.0909,Cc1cccc(NC(=O)Nc2ccc(-c3cccc4c3CNC4=O)cc2)c1,CHEMBL185569
475.48,34,4,2,7,6,101.54,2.98,3,0.3182,CN1CCN(c2ccc(OC(F)(F)F)c(Nc3nccc(-c4cc(C(N)=O)cn4C)n3)c2)CC1,CHEMBL1933576
501.51,36,5,2,7,5,87.55,3.16,3,0.375,CN1CCN(c2ccc(OC(F)(F)F)c(Nc3nccc(-c4cc5c(n4C)CCNC5=O)n3)c2)CC1,CHEMBL1933582
270.34,20,3,2,4,3,70.67,2.58,2,0.4,O=c1cc(-c2ccncc2)[nH]c(NC2CCCCC2)n1,CHEMBL1958401
375.46,27,4,3,5,3,92.93,4.89,4,0.05,Cc1cccc(NC(=O)Nc2ccc(-c3csc4ncnc(N)c34)cc2)c1,CHEMBL196363
307.36,23,3,3,4,3,110.68,2.44,3,0.1176,Cc1cccc(-c2[nH]c(-c3ccnc(N)n3)cc2C(N)=O)c1C,CHEMBL1964290
411.31,29,4,1,3,3,59.39,4.91,4,0.1667,FC(F)(F)c1ccc(Cn2cc(-c3ccc4[nH]ncc4c3)nn2)c(C(F)(F)F)c1,CHEMBL1964413
346.31,25,3,2,3,2,66.91,4.6,3,0.1176,Cc1ccc2nccc(NC(=O)Nc3cccc(C(F)(F)F)n3)c2c1,CHEMBL1964444
278.29,19,2,2,5,4,97.16,2.37,2,0.0909,O=C(NCc1ccccc1)Nc1ncc([N+](=O)[O-])s1,CHEMBL1964644
415.52,30,5,3,5,2,92.93,5.3,4,0.1739,Cc1cc(C)cc(NC(=O)Nc2ccc3c(c2)CCc2sc4ncnc(N)c4c2-3)c1,CHEMBL1964687
426.4,31,4,3,4,3,97.86,4.88,4,0.0952,Cn1nc(N)c2c(-c3ccc(NC(=O)Nc4cccc(C(F)(F)F)c4)cc3)cncc21,CHEMBL1964692
288.3,20,3,1,4,3,65.21,3.33,3,0.0,NC(=O)c1cc2c(Oc3cccc(F)c3)cncc2s1,CHEMBL1964777
343.41,24,3,1,5,6,81.18,2.22,3,0.1765,CS(=O)(=O)NCCOc1cncc(-c2ccc3cnccc3c2)c1,CHEMBL1964804
362.43,27,4,3,3,4,81.25,3.1,3,0.2381,O=C(NC(CO)c1ccccc1)N1CC=C(c2c[nH]c3ncccc23)CC1,CHEMBL1964937
379.27,24,3,2,3,3,72.19,4.87,3,0.0588,Cc1ccc(C(=O)Nc2c(C(N)=O)sc3ccc(Cl)c(Cl)c23)cc1,CHEMBL1965131
405.5,29,5,1,4,4,61.14,5.46,5,0.1818,CC(C)Cn1c(N)nc2ccc(-c3c(-c4ccc(F)cc4)nc4sccn34)cc21,CHEMBL1965423
418.48,30,4,4,6,4,122.03,4.48,4,0.0476,Cc1cccc(NC(=O)Nc2ccc(NC(=O)c3csc4ncnc(N)c34)cc2)c1,CHEMBL1965507
444.49,32,5,3,5,4,93.18,6.59,5,0.0,Nc1ncc(-c2ccoc2)c2scc(-c3ccc(NC(=O)Nc4ccccc4F)cc3)c12,CHEMBL1965570
408.41,30,5,2,6,5,88.23,3.38,4,0.2381,Cc1nccn2c(-c3ccnc(NCC4(O)CC4)n3)c(-c3ccc(F)cc3F)nc12,CHEMBL1965589
375.44,28,4,2,5,6,91.73,2.37,4,0.2,CN(C)CC(=O)Nc1n[nH]c2ccc(-c3cn(Cc4ccccc4)nn3)cc12,CHEMBL1965631
348.19,23,3,3,4,3,110.68,3.13,3,0.0,NC(=O)c1cc(-c2ccnc(N)n2)[nH]c1-c1ccc(Cl)cc1Cl,CHEMBL1965660
370.89,26,4,2,5,4,69.73,3.96,3,0.4211,CN(C)C1CCCC(Nc2nc(Cl)cc(-c3c[nH]c4ncccc34)n2)C1,CHEMBL1965702
442.44,32,4,2,5,7,86.05,4.78,4,0.2174,Cc1[nH]nc2ccc(-c3cncc(OCC(N)Cc4cccc(OC(F)(F)F)c4)c3)cc12,CHEMBL1965836
376.46,28,4,2,3,4,70.25,4.13,3,0.2727,COc1cccc(C(C)NC(=O)N2CC=C(c3c[nH]c4ncccc34)CC2)c1,CHEMBL1965845
427.53,31,4,4,5,3,106.06,4.81,4,0.0833,Cc1cccc(NC(=O)Nc2ccc(-c3csc4c(C#CCN)cnc(N)c34)cc2)c1,CHEMBL1965988
369.35,27,4,2,4,4,66.49,4.65,4,0.1053,FC(F)(F)c1cccc(CNc2cc(-c3c[nH]c4ncccc34)ncn2)c1,CHEMBL1966040
412.43,31,5,2,4,5,88.49,4.26,5,0.0435,O=C(Nc1n[nH]c2ccc(-c3cn(Cc4ccccc4)nn3)cc12)c1ccc(F)cc1,CHEMBL1966204
477.55,34,4,4,6,8,147.04,2.47,4,0.125,NCCCNS(=O)(=O)c1cccc(C(=O)Nc2ccc(-c3n[nH]c(=O)c4ccccc34)cc2)c1,CHEMBL1966279
256.31,19,3,2,4,3,80.73,3.0,3,0.2857,CC(C)Cc1cc(-c2ccc3[nH]nc(N)c3c2)on1,CHEMBL1966343
444.49,32,5,3,5,4,93.18,6.59,5,0.0,Nc1ncc(-c2ccoc2)c2scc(-c3ccc(NC(=O)Nc4cccc(F)c4)cc3)c12,CHEMBL1966514
308.39,23,4,3,5,3,92.51,2.7,3,0.3529,NC1CCC(Nc2nccc(-c3c[nH]c4ncccc34)n2)CC1,CHEMBL1966628
325.39,24,4,2,4,1,53.49,3.35,1,0.3684,CC1=C2C(=NC3=C(C(=O)CC(C)(C)C3)C2c2ccccc2F)NN1,CHEMBL1966703
411.91,28,3,4,3,4,73.39,3.59,3,0.0476,O=C(NNC(=S)Nc1ccc(Cl)cc1)C(O)(c1ccccc1)c1ccccc1,CHEMBL1966722
323.38,23,5,1,5,1,75.94,2.57,4,0.25,O=c1nc2sc3c(c2c2nc(-c4ccncc4)[nH]n12)CCCC3,CHEMBL1966808
350.28,25,3,2,3,2,66.91,4.43,3,0.0625,O=C(Nc1cccc(C(F)(F)F)n1)Nc1ccnc2c(F)cccc12,CHEMBL1966816
367.86,25,4,2,3,4,57.78,4.87,4,0.0526,O=C(NCc1ccc(Cl)cc1)c1cc2c(-c3ccccc3)[nH]nc2s1,CHEMBL1967094
454.56,33,5,3,5,4,97.86,5.9,5,0.08,Cc1cccc(NC(=O)Nc2ccc(-c3csc4c(-c5cnn(C)c5)cnc(N)c34)cc2)c1,CHEMBL1967116
398.47,30,5,3,4,6,93.03,3.67,4,0.1667,NC(COc1cncc(-c2ccc3c(c2)CC(=O)N3)c1)Cc1c[nH]c2ccccc12,CHEMBL1967302
361.43,26,4,3,5,3,92.93,4.58,4,0.0,Nc1ncnc2scc(-c3ccc(NC(=O)Nc4ccccc4)cc3)c12,CHEMBL1967531
497.62,36,5,1,6,7,92.42,4.67,5,0.1429,CN(C)c1cccc2c(S(=O)(=O)N(CCN)c3cncc(-c4ccc5cnccc5c4)c3)cccc12,CHEMBL1967544
522.65,38,5,2,8,7,106.17,3.61,2,0.5556,CCN1C(=O)N(C)c2cnc(Nc3ccc(C(=O)NC4CCN(C)CC4)cc3OC)nc2N1C1CCCC1,CHEMBL1967560
254.29,19,3,2,3,3,70.67,2.85,3,0.2143,CCCC(=O)Nc1n[nH]c2nc3ccccc3cc12,CHEMBL1967564
529.6,38,5,4,6,6,140.95,5.41,5,0.1111,CC(C)(C(N)=O)n1cc(-c2cnc(N)c3c(-c4ccc(NC(=O)Nc5cccc(F)c5)cc4)csc23)cn1,CHEMBL1967720
451.55,33,5,3,7,6,99.41,2.51,2,0.4583,Cc1cc(Nc2ncc(F)c(NC3C4C=CC(C4)C3C(N)=O)n2)ccc1N1CCN(C)CC1,CHEMBL1967878
268.32,20,3,2,4,4,76.82,2.27,3,0.2,Cc1[nH]nc2ccc(-c3cncc(OCCN)c3)cc12,CHEMBL1967887
408.48,30,4,1,6,7,71.49,4.19,4,0.3182,CN(C)CC(C)(C)CNc1nccc(-c2c(-c3ccc(F)cc3)nc3occn23)n1,CHEMBL1968127
269.29,19,4,1,5,1,75.94,1.69,4,0.0,O=c1nc2sccc2c2nc(-c3ccncc3)[nH]n12,CHEMBL1968151
521.67,38,5,2,8,7,102.93,3.56,2,0.5714,CCC1C(=O)N(C)c2cnc(Nc3ccc(C(=O)NC4CCN(C)CC4)cc3OC)nc2N1C1CCCC1,CHEMBL1968380
415.52,30,5,3,5,3,92.93,5.25,4,0.1739,CCc1cccc(NC(=O)Nc2ccc3c(c2)CCc2sc4ncnc(N)c4c2-3)c1,CHEMBL1968406
267.34,20,3,2,4,5,66.49,3.23,3,0.2667,CCCCNc1cc(-c2c[nH]c3ncccc23)ncn1,CHEMBL1968459
380.5,26,4,2,6,3,80.9,4.22,4,0.1053,CNC(=O)C=Cc1cnc(N)c2c(-c3ccc4sc(C)nc4c3)csc12,CHEMBL1968590
535.65,40,6,3,7,10,108.06,6.13,5,0.2903,CCCC(=O)Nc1cccc(-c2nc(Nc3ccc4[nH]ncc4c3)c3cc(OCCN4CCCC4)ccc3n2)c1,CHEMBL1968705
467.62,35,6,1,5,7,69.2,5.61,4,0.3793,Cc1c(-c2cccc(OCc3ccccc3)c2)c2c(N)ncnc2n1C1CC(CN2CCCC2)C1,CHEMBL1968791
330.82,23,3,3,5,5,92.51,3.07,3,0.3125,CC(C)(CN)CNc1nc(Cl)cc(-c2c[nH]c3ncccc23)n1,CHEMBL1968930
359.39,27,4,5,6,3,93.62,2.94,2,0.0,O=C1C=CC(=C2NNC(Nc3ccc(O)cc3)=C2c2ccc(O)cc2)C=C1,CHEMBL1969042
346.43,26,3,1,3,5,51.22,4.56,3,0.1818,COc1cccc(C(C)NC(=O)c2ccc(-c3ccncc3)c(C)c2)c1,CHEMBL1969049
379.37,28,5,0,4,3,61.15,4.87,5,0.15,CC(C)n1nnc2ccc(-c3c(-c4ccc(F)cc4F)nc4occn34)cc21,CHEMBL1969126
370.89,26,4,2,5,4,69.73,3.96,3,0.4211,CN(C)C1CCC(Nc2nc(Cl)cc(-c3c[nH]c4ncccc34)n2)CC1,CHEMBL1969151
410.38,30,4,3,5,4,102.41,5.01,4,0.0476,COc1ccc(-c2ccc(NC(=O)Nc3cc(F)cc(F)c3)cc2)c2c(N)noc12,CHEMBL1969190
457.58,34,4,1,4,7,91.02,5.5,3,0.4074,CCCCn1c(NC(=O)c2cccc(C#N)c2)nc2cc(N(C)C(=O)C3CCCCC3)ccc21,CHEMBL1969301
364.38,27,4,1,6,6,77.23,3.05,4,0.1579,COCCNc1nccc(-c2c(-c3ccc(F)cc3)nc3cnccn23)n1,CHEMBL1969372
344.37,26,5,3,4,3,82.59,2.73,2,0.15,O=C1NNC=C2C=Nc3cc(NC(=O)C4CC4c4ccccc4)cc1c32,CHEMBL1969502
497.53,35,4,3,9,6,162.48,2.42,4,0.2174,CC(C)(C)OC(=O)n1ncc2cc(Nc3c(NCc4ccc(S(N)(=O)=O)cc4)c(=O)c3=O)ccc21,CHEMBL1969506
379.46,28,3,3,7,6,96.01,3.71,3,0.3333,Cc1cccc(Nc2nccc(Nc3c(NC(C)C(C)(C)C)c(=O)c3=O)n2)c1,CHEMBL1969523
320.43,20,5,2,5,0,66.18,2.8,4,0.2727,S=c1[nH]nc2c3c4c(sc3n3c(=S)[nH]nc3n12)CCC4,CHEMBL1969537
374.45,28,4,1,4,5,79.7,3.35,4,0.2381,CC(C)N(C)C(=O)c1c(-c2ccc3[nH]ncc3c2)nnn1Cc1ccccc1,CHEMBL1969561
334.38,25,4,2,5,2,77.39,1.6,1,0.2632,N#Cc1ccc2c(c1)C(=C1C=CC(CN3CCOCC3)=CN1)C(=O)N2,CHEMBL1969664
426.88,30,4,2,6,6,88.23,4.08,4,0.2381,CC(C)(CO)CNc1nccc(-c2c(-c3ccc(F)cc3)nc3c(Cl)nccn23)n1,CHEMBL1969735
283.33,21,4,1,4,3,68.62,2.25,3,0.4,c1cc2[nH]ncc2cc1-c1cn(CC2CCOCC2)nn1,CHEMBL1969843
303.37,22,3,2,5,3,85.35,0.62,2,0.5333,CC1CCN(C(=O)CO)CC1N(C)c1ncnc2[nH]ccc12,CHEMBL1969879
410.4,30,4,3,2,3,69.81,6.2,4,0.0909,Cc1[nH]nc2cccc(-c3ccc(NC(=O)Nc4cccc(C(F)(F)F)c4)cc3)c12,CHEMBL1970074
290.37,22,4,2,4,0,48.78,2.49,2,0.2222,CC(C)(C)c1ccc2c(c1)=NC(=C1NNc3ccccc31)N=2,CHEMBL1970104
525.64,38,5,4,6,6,126.96,5.67,5,0.1429,CNC(=O)C(C)n1cc(-c2cnc(N)c3c(-c4ccc(NC(=O)Nc5ccc(C)cc5)cc4)csc23)cn1,CHEMBL1970142
286.72,20,3,2,4,1,87.72,2.59,2,0.1429,Cc1[nH]nc2c1C(c1ccccc1Cl)C(C#N)=C(N)O2,CHEMBL1970189
432.51,31,4,4,6,4,122.03,4.79,4,0.0909,Cc1cc(C)cc(NC(=O)Nc2ccc(NC(=O)c3csc4ncnc(N)c34)cc2)c1,CHEMBL1970203
346.43,26,3,1,3,5,51.22,4.56,3,0.1818,COc1cccc(C(C)NC(=O)c2ccc(-c3ccncc3C)cc2)c1,CHEMBL1970217
263.3,20,3,2,3,2,82.0,2.58,3,0.0,NC(=O)c1cc(-c2cccc(N)c2)cc2cccnc12,CHEMBL1970314
226.23,17,3,2,4,1,72.28,2.78,3,0.0,Nc1noc2cccc(-c3cccc(O)c3)c12,CHEMBL1970340
326.38,23,3,2,5,3,70.92,3.48,2,0.0588,COc1cc(C=C2SC(Nc3ccccc3)=NC2=O)ccc1O,CHEMBL1970522
345.2,21,3,3,2,3,69.81,3.65,3,0.0667,O=C(NCc1ccc(Br)cc1)Nc1ccc2[nH]ncc2c1,CHEMBL1970709
397.48,30,5,3,4,6,92.61,4.36,5,0.1667,Cc1[nH]nc2ccc(-c3cncc(OCC(N)Cc4c[nH]c5ccccc45)c3)cc12,CHEMBL1970903
310.36,23,3,1,4,4,76.88,3.37,3,0.2941,CCCC(=O)Nc1nn(C(=O)CC)c2nc3ccccc3cc12,CHEMBL1970913
336.35,25,3,4,6,6,107.37,3.24,3,0.0556,O=C(O)c1ccccc1Nc1ccnc(NCc2cccc(O)c2)n1,CHEMBL1970950
439.44,32,4,3,2,3,70.23,5.88,3,0.1667,Cc1cc(C)cc(NC(=O)Nc2ccc(-c3cccc4c3CNC4=O)c(C(F)(F)F)c2)c1,CHEMBL1971021
590.5,37,4,3,9,8,128.79,3.31,3,0.2917,CNS(=O)(=O)c1ccccc1Nc1nc(Nc2cc(N3CCN(C(C)=O)CC3)ccc2OC)ncc1Br,CHEMBL1971029
345.4,26,3,3,2,4,84.22,4.4,3,0.0476,Cc1cccc(NC(=O)Nc2ccc(-c3cccc(C(N)=O)c3)cc2)c1,CHEMBL1971141
438.44,32,4,2,6,6,105.3,3.96,4,0.2273,Cc1nccn2c(-c3ccnc(NCC(C)(C)C(=O)O)n3)c(-c3ccc(F)cc3F)nc12,CHEMBL1971149
407.93,27,3,3,5,7,99.77,3.27,3,0.3333,CC(C)(CNc1cc(-c2c[nH]c3ncccc23)cc(Cl)n1)CNS(C)(=O)=O,CHEMBL1971172
378.41,28,5,2,6,4,80.28,3.35,4,0.25,Fc1ccc(-c2nc3occn3c2-c2ccnc(NC3CCNCC3)n2)cc1,CHEMBL1971186
428.5,32,5,2,7,5,104.68,2.39,4,0.2174,CN1CCN(c2cccc(Nc3nccc(-c4c(C(N)=O)nc5ccccn45)n3)c2)CC1,CHEMBL1971245
387.42,29,4,3,4,3,92.93,4.97,4,0.0455,Cc1ccc(F)c(NC(=O)Nc2ccc(-c3ccc4nccnc4c3N)cc2)c1,CHEMBL1971649
402.79,28,4,3,6,4,101.74,4.71,4,0.0556,Cc1c[nH]c2nccc(Oc3c(F)cc(Nc4cc(Cl)nc(N)n4)cc3F)c12,CHEMBL1971943
417.39,30,4,2,5,3,79.38,4.13,3,0.25,O=C(Nc1cccc(N2CCOCC2)n1)Nc1ccnc2c(C(F)(F)F)cccc12,CHEMBL1972119
462.55,35,5,3,5,8,107.02,4.99,5,0.1034,Nc1ccc(-c2cncc(OCC(N)Cc3c[nH]c4ccccc34)c2)cc1C(=O)c1ccccc1,CHEMBL1972125
327.39,25,4,2,2,4,57.78,4.16,4,0.0476,O=C(NCc1ccccc1)c1cccc(-c2cnc3[nH]ccc3c2)c1,CHEMBL1972142
366.43,28,5,2,4,4,85.41,4.12,5,0.0455,Nc1n[nH]c2ccc(-c3nnn(Cc4ccccc4)c3-c3ccccc3)cc12,CHEMBL1972158
386.48,27,3,3,4,7,103.95,3.73,3,0.2632,CCCS(=O)(=O)Nc1ccc(-c2ccc3[nH]nc(NC(=O)CC)c3c2)cc1,CHEMBL1972221
287.75,20,3,3,4,4,79.62,2.65,3,0.1429,NCCNc1cc(-c2c[nH]c3ncccc23)cc(Cl)n1,CHEMBL1972290
383.43,29,5,1,3,4,59.39,4.98,5,0.087,Cc1[nH]nc2ccc(-c3nnn(Cc4ccccc4)c3-c3ccc(F)cc3)cc12,CHEMBL1972339
418.48,30,4,4,6,4,122.03,4.48,4,0.0476,Cc1ccc(NC(=O)Nc2ccc(NC(=O)c3csc4ncnc(N)c34)cc2)cc1,CHEMBL1972576
591.72,44,7,2,7,5,127.2,4.47,5,0.3636,CC(=O)N1CCN(C2CCC(n3nc(-c4ccc(NC(=O)c5cc6ccccc6n5C)cc4)c4c(N)ncnc43)CC2)CC1,CHEMBL1972584
358.44,27,4,2,3,4,58.2,3.9,2,0.2174,CC1=C2CCCC(NNC(=O)Cc3cccc4ccccc34)=C2C=CC1=O,CHEMBL1972659
410.38,30,5,1,6,4,93.75,3.25,5,0.2,CC(C)(CO)c1nnc2ccc(-c3c(-c4ccc(F)cc4F)nc4occn34)nn12,CHEMBL1972849
310.38,22,3,1,4,3,50.69,3.78,2,0.0588,COc1cccc(C=C2SC(Nc3ccccc3)=NC2=O)c1,CHEMBL1972937
230.66,16,3,1,3,1,54.46,2.67,3,0.0,Clc1cc(-c2c[nH]c3ncccc23)ncn1,CHEMBL1972988
267.33,17,2,2,5,2,58.56,1.89,1,0.0909,COc1cc(C=C2SC(=S)NC2=O)ccc1O,CHEMBL1973098
303.17,18,2,2,3,2,72.19,3.27,2,0.0909,CC(=O)Nc1c(C(N)=O)sc2ccc(Cl)c(Cl)c12,CHEMBL1973142
390.47,28,4,4,6,3,118.95,4.48,4,0.05,Cc1cccc(NC(=O)Nc2ccc(-c3csc4nc(N)nc(N)c34)cc2)c1,CHEMBL1973145
481.63,35,5,3,5,4,83.28,5.95,4,0.2143,Cc1cccc(NC(=O)Nc2ccc(-c3csc4c(C#CCN5CCCC5)cnc(N)c34)cc2)c1,CHEMBL1973211
497.0,36,5,3,5,8,107.02,5.65,5,0.1034,Nc1ccc(-c2cncc(OCC(N)Cc3c[nH]c4ccccc34)c2)cc1C(=O)c1cccc(Cl)c1,CHEMBL1973348
294.36,22,4,2,4,2,65.04,2.59,3,0.2941,OC1CCN(c2ncnc3[nH]cc(-c4ccccc4)c23)CC1,CHEMBL1973395
400.28,28,3,2,3,2,66.91,5.31,3,0.1176,O=C(Nc1cccc(C(F)(F)F)n1)Nc1ccnc2cc(C(F)(F)F)ccc12,CHEMBL1973483
449.52,31,5,3,7,5,113.08,3.9,4,0.0,O=C1Nc2ccc3ncsc3c2C1=CNc1ccc(S(=O)(=O)Nc2ccccn2)cc1,CHEMBL1973540
342.83,24,4,3,5,3,92.51,3.36,3,0.3529,NC1CCC(Nc2nc(Cl)cc(-c3c[nH]c4ncccc34)n2)CC1,CHEMBL1973720
271.71,19,3,2,2,2,57.78,3.47,3,0.0,O=C(Nc1ccc2[nH]ncc2c1)c1ccc(Cl)cc1,CHEMBL1973808
270.36,19,3,2,4,4,45.15,3.37,3,0.1333,OCCNc1cc2cc(-c3ccsc3)ccc2cn1,CHEMBL1973860
372.45,26,3,3,4,6,103.95,3.34,3,0.2222,CCCS(=O)(=O)Nc1ccc(-c2ccc3[nH]nc(NC(C)=O)c3c2)cc1,CHEMBL1973893
436.31,28,4,4,3,3,95.83,5.53,4,0.0476,Cc1ccc(-c2ccc(NC(=O)Nc3cccc(Br)c3)cc2)c2c(N)n[nH]c12,CHEMBL1973937
491.54,36,5,2,5,6,73.49,4.44,4,0.2593,COc1cc(N2CCN(C)CC2)ccc1C(=O)Nc1n[nH]c2ccc(Cc3cc(F)cc(F)c3)cc12,CHEMBL1973961
484.59,35,5,3,6,6,107.09,5.99,5,0.1154,CCOc1ccc(NC(=O)Nc2ccc(-c3csc4c(-c5cnn(C)c5)cnc(N)c34)cc2)cc1,CHEMBL1974254
318.38,24,3,2,3,5,62.22,3.21,3,0.1,O=C(NC(CO)c1ccccc1)c1ccc(-c2ccncc2)cc1,CHEMBL1974288
272.3,19,3,1,3,2,55.98,3.2,3,0.0,NC(=O)c1cc2c(-c3ccc(F)cc3)cncc2s1,CHEMBL1974310
340.43,25,3,4,6,5,118.95,2.31,2,0.3889,Cc1cccc(Nc2nc(NC3CCCCC3N)cnc2C(N)=O)c1,CHEMBL1974328
349.34,26,4,2,2,3,57.78,4.76,4,0.0,O=C(Nc1cnc2[nH]cc(-c3ccccc3)c2c1)c1cccc(F)c1F,CHEMBL1974416
347.38,26,4,2,6,5,84.42,3.57,4,0.1053,COc1ccc(C=NNc2ncnc3c2[nH]c2ccccc23)cc1OC,CHEMBL1974664
330.59,17,3,0,4,0,43.1,4.13,3,0.0909,Cc1nc2c(sc3c(Br)ccc(Cl)c32)c(=O)o1,CHEMBL1974702
392.89,28,4,2,4,6,76.82,4.54,4,0.1818,Cc1[nH]nc2ccc(-c3cncc(OCC(N)Cc4cccc(Cl)c4)c3)cc12,CHEMBL1974870
370.46,28,4,2,4,7,76.82,4.08,4,0.1304,NC(COc1cncc(C=Cc2ccncc2)c1)Cc1c[nH]c2ccccc12,CHEMBL1974935
332.4,25,3,1,3,5,51.22,4.25,3,0.1429,COc1cccc(C(C)NC(=O)c2ccc(-c3ccncc3)cc2)c1,CHEMBL1975121
416.23,23,4,2,4,3,85.41,3.06,4,0.0625,Nc1n[nH]c2ccc(-c3nnn(Cc4ccccc4)c3I)cc12,CHEMBL1975128
395.46,28,3,4,3,4,73.39,3.08,3,0.0476,O=C(NNC(=S)Nc1ccc(F)cc1)C(O)(c1ccccc1)c1ccccc1,CHEMBL1975138
317.74,22,2,2,5,3,99.93,2.96,2,0.1429,COc1cc(C)c(Cl)cc1NC(=O)Nc1cnc(C#N)cn1,CHEMBL1975233
386.42,26,4,2,10,5,137.11,1.79,4,0.0,Nc1nonc1-n1nnc(C(=O)NN=Cc2cccs2)c1-c1cccs1,CHEMBL1975256
414.47,31,5,3,6,7,102.41,4.21,4,0.1667,NCCCOc1cc2c(c(-c3ccc(Nc4nc5ccccc5o4)cc3)c1)CNC2=O,CHEMBL1975490
460.49,34,4,5,6,6,128.79,3.24,3,0.16,COc1cc(-c2ccc3c(c2)Nc2ccc(C(=O)NCCNC(C)=O)cc2NC3=O)ccc1O,CHEMBL1975500
363.16,18,2,4,6,4,123.21,-0.7,2,0.4,NCC(O)C(O)Cn1cc(I)c2c(N)ncnc21,CHEMBL1975534
283.27,21,3,2,4,2,79.8,2.81,3,0.0,O=C(Nc1cnccn1)Nc1ccnc2c(F)cccc12,CHEMBL1975647
348.19,23,3,2,5,5,71.09,3.34,3,0.0625,O=c1c(NCc2ccc(Cl)c(Cl)c2)c(Nc2ccncc2)c1=O,CHEMBL1975900
218.24,15,3,2,7,0,103.6,0.8,3,0.0,Nc1ncnc2c1sc1ncnc(N)c12,CHEMBL1976090
419.51,31,4,1,6,7,71.24,3.99,4,0.3043,CN(C)CC(C)(C)CNc1nccc(-c2c(-c3ccc(F)cc3)nc3cnccn23)n1,CHEMBL1976093
234.26,18,4,2,2,1,57.36,3.11,4,0.0,c1cc2cc(-c3ccc4cn[nH]c4c3)cnc2[nH]1,CHEMBL1976134
439.34,27,4,3,4,3,80.04,5.95,4,0.0,Nc1nccc2scc(-c3ccc(NC(=O)Nc4cccc(Br)c4)cc3)c12,CHEMBL1976220
347.42,26,3,2,4,6,77.24,3.19,3,0.1429,COc1cccc(C(CN)NC(=O)c2ccc(-c3ccncc3)cc2)c1,CHEMBL1976240
281.36,21,3,2,3,3,61.8,3.41,3,0.2941,CCc1c(-c2ccc(C(C)(C)O)cc2)[nH]c2nccnc12,CHEMBL1976420
333.27,24,3,2,4,2,79.8,3.69,3,0.0667,O=C(Nc1cnccn1)Nc1ccnc2ccc(C(F)(F)F)cc12,CHEMBL1976455
410.38,30,5,1,6,4,93.75,3.29,5,0.2,CC(C)(O)Cc1nnc2ccc(-c3c(-c4ccc(F)cc4F)nc4occn34)nn12,CHEMBL1976732
343.82,24,4,3,5,3,86.72,3.39,3,0.3529,OC1CCCC(Nc2cc(Cl)nc(-c3c[nH]c4ncccc34)n2)C1,CHEMBL1976936
419.45,32,5,2,5,5,112.28,3.99,5,0.0417,N#Cc1cccc(C(=O)Nc2n[nH]c3ccc(-c4cn(Cc5ccccc5)nn4)cc23)c1,CHEMBL1977128
288.35,22,3,1,2,4,41.99,3.68,3,0.0526,O=C(NCc1ccccc1)c1ccc(-c2ccncc2)cc1,CHEMBL1977135
500.58,36,5,4,7,7,127.32,5.05,5,0.1154,COc1ccc(NC(=O)Nc2ccc(-c3csc4c(-c5cnn(CCO)c5)cnc(N)c34)cc2)cc1,CHEMBL1977148
360.42,27,4,2,4,6,88.49,3.61,4,0.2,CCCC(=O)Nc1n[nH]c2ccc(-c3cn(Cc4ccccc4)nn3)cc12,CHEMBL1977223
338.11,17,3,2,4,0,66.91,2.39,2,0.0,O=C1Nc2ccccc2Nc2nnc(I)cc21,CHEMBL1977346
275.31,19,3,2,3,2,57.78,2.79,3,0.0769,CNC(=O)c1cc2c(-c3ccccc3F)[nH]nc2s1,CHEMBL1977681
415.5,31,5,1,6,4,94.86,2.91,4,0.3043,CN1CCC(C(=O)n2nc(N)c3cc(-c4cn(Cc5ccccc5)nn4)ccc32)CC1,CHEMBL1978014
460.49,32,3,4,8,8,148.33,2.18,3,0.15,CNC(=O)COc1ccc(Nc2nc(Nc3ccc(C)c(S(N)(=O)=O)c3)ncc2F)cc1,CHEMBL1978099
424.46,31,4,2,6,6,88.23,4.01,4,0.2727,Cc1nccn2c(-c3ccnc(NCCC(C)(C)O)n3)c(-c3ccc(F)cc3F)nc12,CHEMBL1978200
331.4,23,4,1,3,4,74.65,1.7,3,0.3125,CS(=O)(=O)N(Cc1ccc2[nH]c(=O)c3cccn3c2c1)C1CC1,CHEMBL1978448
340.39,26,5,3,3,3,69.81,4.22,4,0.0476,O=C1NCc2c1cccc2-c1ccc(Nc2nc3ccccc3[nH]2)cc1,CHEMBL1979057
406.42,30,4,3,5,4,102.41,5.18,4,0.0909,COc1ccc(-c2ccc(NC(=O)Nc3ccc(F)c(C)c3)cc2)c2c(N)noc12,CHEMBL1979093
362.31,26,3,2,4,3,76.14,4.3,3,0.1176,COc1ccc2c(NC(=O)Nc3cc(C(F)(F)F)ccn3)ccnc2c1,CHEMBL1979176
347.3,25,3,2,5,5,71.09,3.05,3,0.1176,O=c1c(NCc2cccc(C(F)(F)F)c2)c(Nc2ccncc2)c1=O,CHEMBL1979252
354.46,27,4,1,3,5,56.73,4.23,4,0.1304,Cn1cc(C(CN)c2cncc(C=Cc3ccncc3)c2)c2ccccc21,CHEMBL1979357
449.51,32,4,4,5,5,109.14,5.08,4,0.087,CCNC(=O)c1cnc(N)c2c(-c3ccc(NC(=O)Nc4cccc(F)c4)cc3)csc12,CHEMBL1979516
387.23,26,4,3,5,5,86.88,3.82,4,0.0556,O=c1c(NCc2ccc(Cl)cc2Cl)c(Nc2ccc3[nH]ncc3c2)c1=O,CHEMBL1979554
455.59,33,4,4,5,3,106.06,5.59,4,0.1538,Cc1cccc(NC(=O)Nc2ccc(-c3csc4c(C#CC(C)(C)N)cnc(N)c34)cc2)c1,CHEMBL1979577
455.59,33,4,3,5,4,83.28,5.41,4,0.1538,Cc1cccc(NC(=O)Nc2ccc(-c3csc4c(C#CCN(C)C)cnc(N)c34)cc2)c1,CHEMBL1979883
325.3,24,3,3,6,5,100.03,3.2,3,0.0,O=C(O)c1ccccc1Nc1ncnc(Nc2cccc(F)c2)n1,CHEMBL1979933
317.3,23,3,2,4,4,83.56,3.04,3,0.2,CCCC(=O)Nc1n[nH]c2nnc(-c3cccc(F)c3F)cc12,CHEMBL1979970
400.28,28,3,2,3,2,66.91,5.31,3,0.1176,O=C(Nc1cccc(C(F)(F)F)n1)Nc1ccnc2c(C(F)(F)F)cccc12,CHEMBL1980142
418.48,30,4,4,6,4,122.03,4.48,4,0.0476,Cc1ccccc1NC(=O)Nc1ccc(NC(=O)c2csc3ncnc(N)c23)cc1,CHEMBL1980144
327.39,25,4,1,4,5,47.04,4.95,4,0.0476,c1ccc(COc2ccc(Nc3ncnc4ccccc34)cc2)cc1,CHEMBL1980163
384.87,27,4,3,5,4,95.59,3.53,3,0.3684,CC(=O)NC1CCCC(Nc2nc(Cl)cc(-c3c[nH]c4ncccc34)n2)C1,CHEMBL1980178
329.79,23,4,2,5,3,75.72,3.26,3,0.3125,Clc1cc(-c2c[nH]c3ncccc23)nc(NC2CCOCC2)n1,CHEMBL1980253
488.55,35,5,4,6,6,118.09,5.18,5,0.08,Nc1ncc(-c2cnn(CCO)c2)c2scc(-c3ccc(NC(=O)Nc4cccc(F)c4)cc3)c12,CHEMBL1980297
356.79,25,4,2,5,2,58.01,3.71,2,0.1111,COc1cc2c(cc1F)C(c1ccccc1Cl)=NC1=C(C)NNC1=N2,CHEMBL1980391
424.46,32,5,2,5,6,97.72,4.13,5,0.0833,COc1cccc(C(=O)Nc2n[nH]c3ccc(-c4cn(Cc5ccccc5)nn4)cc23)c1,CHEMBL1980435
313.74,22,3,2,5,5,71.09,2.69,3,0.0625,O=c1c(NCc2ccc(Cl)cc2)c(Nc2ccncc2)c1=O,CHEMBL1980489
366.73,25,3,2,3,2,66.91,4.95,3,0.0625,O=C(Nc1cccc(C(F)(F)F)n1)Nc1ccnc2c(Cl)cccc12,CHEMBL1980540
420.93,28,4,3,6,5,112.66,2.95,3,0.3889,CS(=O)(=O)NC1CCC(Nc2nc(Cl)cc(-c3c[nH]c4ncccc34)n2)CC1,CHEMBL1980562
297.34,21,4,1,5,1,75.94,2.31,4,0.1429,Cc1sc2nc(=O)n3[nH]c(-c4ccncc4)nc3c2c1C,CHEMBL1980592
345.43,25,5,0,4,3,47.49,4.13,5,0.1053,Cc1cc2nnc(SCc3cn4ccccc4n3)n2c2ccccc12,CHEMBL1980704
473.78,28,4,2,5,4,80.9,5.54,4,0.05,Nc1ncnc2sc(Br)c(-c3ccc(NC(=O)Cc4cccc(Cl)c4)cc3)c12,CHEMBL1980896
474.57,35,5,2,6,6,93.8,2.64,3,0.3462,COC(C(=O)N1Cc2[nH]nc(NC(=O)c3ccc(N4CCN(C)CC4)cc3)c2C1)c1ccccc1,CHEMBL1981047
331.74,23,3,3,4,3,110.68,2.61,3,0.0,NC(=O)c1cc(-c2ccnc(N)n2)[nH]c1-c1ccc(Cl)cc1F,CHEMBL1981079
455.44,33,4,4,6,4,103.33,5.12,3,0.1818,CNc1ncnc2c1N=C(c1ccc(NC(=O)Nc3cccc(C(F)(F)F)c3)cc1)CCN2,CHEMBL1981410
301.35,23,4,2,3,1,54.02,4.37,3,0.0526,Cc1cc(-c2ccc3c(c2)Nc2ccccc2NC3=O)ccn1,CHEMBL1981511
265.28,20,3,2,4,2,79.8,2.67,3,0.0,O=C(Nc1cnccn1)Nc1ccnc2ccccc12,CHEMBL1981720
612.71,46,7,2,7,8,90.69,6.74,6,0.1667,CCN1CCN(c2ccc(Nc3nccc(-c4c(-c5cccc(C(=O)Nc6ccccc6F)c5)nc5ccccn45)n3)cc2)CC1,CHEMBL1981725
335.19,22,3,3,2,3,69.81,4.19,3,0.0667,O=C(NCc1ccc(Cl)c(Cl)c1)Nc1ccc2[nH]ncc2c1,CHEMBL1981782
361.47,26,4,2,5,6,58.04,4.89,4,0.1429,OCCC(Nc1nc2ccc(-c3ccncc3)cc2s1)c1ccccc1,CHEMBL1982122
401.5,29,5,3,5,2,92.93,4.99,4,0.1364,Cc1ccccc1NC(=O)Nc1ccc2c(c1)CCc1sc3ncnc(N)c3c1-2,CHEMBL1982135
427.94,30,4,3,6,6,98.83,3.07,3,0.4286,CN(C)CC(=O)NC1CCC(Nc2nc(Cl)cc(-c3c[nH]c4ncccc34)n2)CC1,CHEMBL1982271
297.29,22,3,2,5,5,71.09,2.17,3,0.0625,O=c1c(NCc2ccccc2F)c(Nc2ccncc2)c1=O,CHEMBL1982361
435.51,32,4,3,7,8,114.25,2.92,4,0.3043,CC(C)(CO)CNc1nccc(-c2c(-c3ccc(F)cc3)nc3c(CCN)nccn23)n1,CHEMBL1982383
351.41,27,5,1,3,4,59.39,4.54,5,0.0455,c1ccc(Cn2cc(-c3ccc4[nH]nc(-c5ccccc5)c4c3)nn2)cc1,CHEMBL1982400
497.62,36,5,3,6,4,92.51,5.18,4,0.2143,Cc1cccc(NC(=O)Nc2ccc(-c3csc4c(C#CCN5CCOCC5)cnc(N)c34)cc2)c1,CHEMBL1982465
454.56,33,5,3,5,4,97.86,5.9,5,0.08,Cc1ccc(NC(=O)Nc2ccc(-c3csc4c(-c5cnn(C)c5)cnc(N)c34)cc2)cc1,CHEMBL1982466
258.23,19,3,1,5,2,77.52,1.14,2,0.1538,COc1cc2cnc3c(c2cc1OC)C(=O)NC3=O,CHEMBL1982506
420.49,31,4,1,6,7,77.23,4.39,4,0.3043,COCC(C)(C)CNc1nccc(-c2c(-c3ccc(F)cc3)nc3c(C)nccn23)n1,CHEMBL1982563
371.56,18,3,1,2,1,50.16,2.95,3,0.0,O=c1ncc(I)c2[nH]c(-c3cccc(Cl)c3)cn12,CHEMBL1982610
362.31,26,3,2,4,3,76.14,4.3,3,0.1176,COc1ccc2c(NC(=O)Nc3cccc(C(F)(F)F)n3)ccnc2c1,CHEMBL1982660
271.71,19,3,2,2,2,71.77,2.98,3,0.0,NC(=O)c1ccc(-c2c[nH]c3nccc(Cl)c23)cc1,CHEMBL1982711
314.78,22,3,0,4,5,52.83,3.31,3,0.1875,COCCn1cc(-c2ccncn2)c(-c2ccc(Cl)cc2)n1,CHEMBL1982866
403.49,29,6,1,4,4,61.14,5.21,5,0.1818,Nc1nc2ccc(-c3c(-c4ccc(F)cc4)nc4sccn34)cc2n1CC1CC1,CHEMBL1982874
343.39,26,4,2,3,4,67.01,4.49,4,0.0476,COc1cccc(C(=O)Nc2cnc3[nH]cc(-c4ccccc4)c3c2)c1,CHEMBL1982924
313.36,24,4,2,2,3,71.77,4.0,4,0.0,NC(=O)c1cccc(-c2cnc3[nH]cc(-c4ccccc4)c3c2)c1,CHEMBL1982957
321.36,24,3,2,3,5,68.01,3.6,3,0.0526,NC(=O)c1ccc(-c2ccncc2)cc1NCc1cccc(F)c1,CHEMBL1982982
483.64,35,4,4,5,5,106.06,6.37,4,0.2143,CCC(N)(C#Cc1cnc(N)c2c(-c3ccc(NC(=O)Nc4cccc(C)c4)cc3)csc12)CC,CHEMBL1983025
474.49,34,5,3,6,6,99.25,4.06,2,0.4783,CC(=O)NCC(=O)N1C2CCC1c1cc(Nc3ncc(C(F)(F)F)c(NC4CCC4)n3)ccc12,CHEMBL1983111
376.42,28,4,1,5,5,84.4,5.02,4,0.1905,CCN(CC)C(=O)Nc1ccc2nc(-c3ccco3)c(-c3ccco3)nc2c1,CHEMBL1983195
560.65,41,6,3,6,7,85.52,5.03,4,0.3548,CN1CCN(c2ccc(C(=O)Nc3n[nH]c4ccc(Cc5cc(F)cc(F)c5)cc34)c(NC3CCOCC3)c2)CC1,CHEMBL1983268
317.42,23,4,1,4,4,37.81,4.97,4,0.0526,c1ccc(CNc2nc3ccc(-c4ccncc4)cc3s2)cc1,CHEMBL1983534
342.83,24,4,3,5,3,92.51,3.36,3,0.3529,NC1CCC(Nc2cc(Cl)nc(-c3c[nH]c4ncccc34)n2)CC1,CHEMBL1983589
428.88,31,5,2,4,5,88.49,4.78,5,0.0435,O=C(Nc1n[nH]c2ccc(-c3cn(Cc4ccccc4)nn3)cc12)c1cccc(Cl)c1,CHEMBL1983595
375.48,28,4,2,6,5,72.97,3.17,3,0.2857,Cc1cc(Nc2cc(N3CCN(C)CC3)nc(C=Cc3ccccc3)n2)n[nH]1,CHEMBL1983923
373.21,23,3,2,4,3,76.14,4.04,3,0.0625,COc1ccc2c(NC(=O)Nc3cccc(Br)n3)ccnc2c1,CHEMBL1983932
383.46,29,4,3,4,6,96.69,3.64,4,0.087,NC(Cc1c[nH]c2ccccc12)C(=O)Nc1cncc(C=Cc2ccncc2)c1,CHEMBL1983945
359.39,27,4,3,5,3,106.07,4.42,4,0.05,Cc1cccc(NC(=O)Nc2ccc(-c3coc4ncnc(N)c34)cc2)c1,CHEMBL1983963
545.62,39,5,3,7,7,114.99,5.73,4,0.1379,COc1cc(-c2ccc3c(c2)NC(=O)c2ccc(-c4ccccc4NS(C)(=O)=O)cc2N3)cc(OC)c1OC,CHEMBL1984038
527.63,39,6,2,9,8,126.14,5.72,5,0.3793,COCCOC1CCC(n2nc(-c3ccc(Nc4nc5cc(C)cc(C)c5o4)cc3)c3c(N)ncnc32)CC1,CHEMBL1984162
291.14,19,3,1,3,2,54.46,3.84,3,0.0,Clc1ccc(-c2[nH]ncc2-c2ccncn2)cc1Cl,CHEMBL1984191
374.42,28,4,3,3,4,83.8,4.44,4,0.0909,Cc1cc(NC(=O)Cc2ccc(-c3cccc4[nH]nc(N)c34)cc2)ccc1F,CHEMBL1984363
376.49,27,4,2,4,5,61.02,4.29,4,0.1429,CN(C)c1ccc(CNC(=O)c2cc3c(-c4ccccc4)[nH]nc3s2)cc1,CHEMBL1984367
343.78,24,3,3,6,5,110.75,2.45,3,0.0667,Cn1cc(Nc2ncc(Cl)c(Nc3ccccc3C(N)=O)n2)cn1,CHEMBL1984548
359.39,27,4,3,5,3,106.07,4.42,4,0.05,Cc1ccccc1NC(=O)Nc1ccc(-c2coc3ncnc(N)c23)cc1,CHEMBL1984586
339.42,24,3,1,5,5,64.11,3.7,3,0.1667,COc1cccc(C(C)NC(=O)c2cnc(-c3ccncc3)s2)c1,CHEMBL1984633
454.48,33,4,2,7,7,97.46,4.1,4,0.3043,CC(C)Oc1nccn2c(-c3ccnc(NCC(C)(C)O)n3)c(-c3ccc(F)cc3F)nc12,CHEMBL1984700
425.49,31,4,2,9,8,103.56,5.03,3,0.4091,COc1cc(Nc2nccc(Nc3cc(C4CCCCC4)no3)n2)cc(OC)c1OC,CHEMBL1984711
278.76,18,3,1,3,1,41.99,2.9,2,0.2308,CSc1ccc2nc3c(c(Cl)c2c1)CCNC3=O,CHEMBL1985074
377.83,27,4,4,5,3,73.39,3.88,2,0.0,O=C1C=CC(=C2NNC(Nc3cccc(Cl)c3)=C2c2ccc(O)cc2)C=C1,CHEMBL1985092
439.5,32,6,3,6,4,128.5,3.92,6,0.0435,NC(=O)Cn1cc(-c2cc(-c3cc4ccccc4s3)c3[nH]ncc3c2)c2nc(N)ncc21,CHEMBL1985095
327.39,24,3,4,6,5,113.16,2.6,2,0.3529,NC1CCCCC1Nc1nccc(Nc2ccccc2C(=O)O)n1,CHEMBL1985153
315.32,23,3,2,2,4,57.78,4.25,3,0.1765,CCCC(=O)Nc1n[nH]c2ccc(-c3cccc(F)c3F)cc12,CHEMBL1985406
329.84,23,3,3,4,5,79.62,3.68,3,0.2941,CC(C)(CN)CNc1cc(-c2c[nH]c3ncccc23)cc(Cl)n1,CHEMBL1985723
261.74,17,3,1,4,2,37.81,4.09,3,0.0,Clc1csc2ncnc(Nc3ccccc3)c12,CHEMBL1986139
273.34,20,2,2,5,4,71.09,2.27,2,0.4,CC(Nc1c(Nc2ccncc2)c(=O)c1=O)C(C)(C)C,CHEMBL1986186
342.42,24,3,1,6,5,69.04,3.45,3,0.2353,CCn1c(C)c(-c2ccnc(Nc3cccc(OC)c3)n2)sc1=O,CHEMBL1986263
348.36,26,4,1,5,3,84.4,4.24,4,0.1053,CN(C)C(=O)Nc1ccc2nc(-c3ccco3)c(-c3ccco3)nc2c1,CHEMBL1986328
384.42,29,5,2,4,4,85.41,4.26,5,0.0455,Nc1n[nH]c2ccc(-c3nnn(Cc4ccccc4)c3-c3ccc(F)cc3)cc12,CHEMBL1986499
448.5,33,5,1,6,4,95.08,2.13,3,0.375,O=C(c1cc(Cc2n[nH]c(=O)c3c2CCCC3)ccc1F)N1CCN(c2ncccn2)CC1,CHEMBL1986530
505.56,36,5,3,6,6,147.48,2.6,4,0.16,NC(=O)c1cccc2[nH]c(-c3ccc(NC(=O)c4cccc(S(=O)(=O)N5CCOCC5)c4)cc3)nc12,CHEMBL1986597
420.45,31,5,1,6,4,88.56,3.61,4,0.2727,CC(=O)N1CCC(Nc2nccc(-c3c(-c4ccc(F)cc4)nc4occn34)n2)CC1,CHEMBL1986781
348.38,26,4,2,4,5,62.83,4.38,4,0.1,COc1ccc(CNc2cc(-c3c[nH]c4ncccc34)cc(F)n2)cc1,CHEMBL1986855
367.46,25,4,2,7,3,93.79,3.96,4,0.0588,Cc1csc(NC(=O)c2sc3nc(-c4ccncc4)ccc3c2N)n1,CHEMBL1986869
343.82,24,4,3,5,3,86.72,3.39,3,0.3529,OC1CCC(Nc2nc(Cl)cc(-c3c[nH]c4ncccc34)n2)CC1,CHEMBL1986943
390.45,29,4,1,5,7,88.93,2.59,4,0.2381,COCCN(C)C(=O)c1c(-c2ccc3[nH]ncc3c2)nnn1Cc1ccccc1,CHEMBL1986970
340.45,24,4,2,4,3,61.02,3.12,3,0.3333,CN1CCC(NC(=O)c2cc3c(-c4ccccc4)[nH]nc3s2)CC1,CHEMBL1987007
363.44,26,4,2,4,5,67.01,4.23,4,0.1,COc1cccc(CNC(=O)c2cc3c(-c4ccccc4)[nH]nc3s2)c1,CHEMBL1987009
475.33,29,3,3,8,7,143.02,3.28,3,0.0556,N#CCOc1ccc(Nc2nc(Nc3cccc(S(N)(=O)=O)c3)ncc2Br)cc1,CHEMBL1987034
428.88,31,5,2,4,5,88.49,4.78,5,0.0435,O=C(Nc1n[nH]c2ccc(-c3cn(Cc4ccccc4)nn3)cc12)c1ccc(Cl)cc1,CHEMBL1987073
313.38,23,3,3,4,5,79.62,3.16,3,0.2941,CC(C)(CN)CNc1cc(-c2c[nH]c3ncccc23)cc(F)n1,CHEMBL1987261
355.44,26,3,3,5,9,81.67,2.23,2,0.4,CCCCNc1ccc2c3c(cccc13)C(=O)N(CCNCCO)C2=O,CHEMBL1987359
244.69,17,3,2,3,1,67.59,2.86,3,0.0,Nc1cc(-c2c[nH]c3ncccc23)cc(Cl)n1,CHEMBL1987448
400.44,30,5,3,5,6,109.93,3.61,5,0.1304,NC(COc1cncc(-c2ccc3[nH]c(=O)oc3c2)c1)Cc1c[nH]c2ccccc12,CHEMBL1987679
321.77,23,4,2,3,1,54.02,4.71,3,0.0,O=C1Nc2ccccc2Nc2cc(-c3ccncc3Cl)ccc21,CHEMBL1987745
435.52,33,5,1,2,7,51.46,6.94,5,0.1379,Cc1ccccc1-c1c(C(=O)O)n(CCCOc2cccc3ccccc23)c2ccccc12,CHEMBL1987793
428.44,30,4,3,4,3,80.04,6.21,4,0.0476,Nc1nccc2scc(-c3ccc(NC(=O)Nc4ccccc4C(F)(F)F)cc3)c12,CHEMBL1987910
420.93,28,4,3,6,5,112.66,2.95,3,0.3889,CS(=O)(=O)NC1CCCC(Nc2nc(Cl)cc(-c3c[nH]c4ncccc34)n2)C1,CHEMBL1987948
469.55,34,5,3,5,4,92.93,6.7,5,0.0385,Cc1ccc(-c2cnc(N)c3c(-c4ccc(NC(=O)Nc5cccc(F)c5)cc4)csc23)cn1,CHEMBL1988075
377.35,26,4,0,6,3,61.04,5.47,4,0.1176,Cc1nnc(-c2cc3c(Oc4ccc(C(F)(F)F)cc4)cncc3s2)o1,CHEMBL1988153
365.42,26,4,2,5,4,102.9,2.81,4,0.0,NS(=O)(=O)c1cccc(Nc2ncc3ccn(-c4ccccc4)c3n2)c1,CHEMBL1988163
425.94,29,3,4,3,4,73.39,3.9,3,0.0909,Cc1cc(Cl)ccc1NC(=S)NNC(=O)C(O)(c1ccccc1)c1ccccc1,CHEMBL1988173
383.48,28,5,3,5,3,93.61,5.17,5,0.0,Nc1ccc(-c2csc3c(C=Cc4nc5ccccc5[nH]4)cnc(N)c23)cc1,CHEMBL1988300
506.54,36,5,3,6,6,107.09,6.19,5,0.08,Cn1cc(-c2cnc(N)c3c(-c4ccc(NC(=O)Nc5ccc(OC(F)F)cc5)cc4)csc23)cn1,CHEMBL1988387
386.48,28,4,2,4,5,70.67,4.64,4,0.0455,CNC(=O)c1ccccc1Sc1ccc2c(C=Cc3ccccn3)n[nH]c2c1,CHEMBL1988437
368.85,25,4,0,4,2,42.43,5.19,3,0.0526,COc1ccc(C(=O)N2c3ccccc3Sc3c(Cl)cncc32)cc1,CHEMBL1988537
404.46,29,4,4,6,4,122.03,4.17,4,0.0,Nc1ncnc2scc(C(=O)Nc3ccc(NC(=O)Nc4ccccc4)cc3)c12,CHEMBL1988594
375.39,28,4,4,6,6,115.98,2.47,4,0.1,CC(=O)Nc1cccc(CNc2c(Nc3ccc4[nH]ncc4c3)c(=O)c2=O)c1,CHEMBL1988608
492.47,36,5,3,5,4,115.16,5.04,5,0.0833,Cn1cc(-c2cnn3c(N)c(-c4ccc(NC(=O)Nc5cccc(C(F)(F)F)c5)cc4)cnc23)cn1,CHEMBL1988717
428.47,30,3,4,8,8,162.32,1.78,3,0.1053,Cc1cnc(Nc2cccc(S(N)(=O)=O)c2)nc1Nc1ccc(OCC(N)=O)cc1,CHEMBL1988838
269.3,20,3,2,3,3,70.24,2.75,2,0.2,CC(C)Oc1[nH][nH]c(=O)c1C=C1C=Nc2ccccc21,CHEMBL1989029
304.36,23,4,2,4,3,85.41,2.76,4,0.1176,Cc1c(-c2ccc3[nH]nc(N)c3c2)nnn1Cc1ccccc1,CHEMBL1989646
498.61,36,5,4,6,6,118.09,5.74,5,0.1481,Cc1cccc(NC(=O)Nc2ccc(-c3csc4c(-c5cnn(CC(C)O)c5)cnc(N)c34)cc2)c1,CHEMBL1989708
380.39,27,4,2,7,3,141.18,0.01,3,0.0556,N#CC1=C(N)n2c(sc(=Cc3ccco3)c2=O)=C(C(N)=O)C1c1ccco1,CHEMBL1989805
419.45,32,5,2,5,5,112.28,3.99,5,0.0417,N#Cc1ccc(C(=O)Nc2n[nH]c3ccc(-c4cn(Cc5ccccc5)nn4)cc23)cc1,CHEMBL1990162
317.39,24,3,2,3,5,68.01,3.18,3,0.1,NCC(NC(=O)c1ccc(-c2ccncc2)cc1)c1ccccc1,CHEMBL1990254
399.43,30,5,1,5,5,68.25,5.36,5,0.087,CC(Nc1nccc(-c2c(-c3ccc(F)cc3)nc3occn23)n1)c1ccccc1,CHEMBL1990288
238.25,18,3,2,3,2,84.66,1.72,3,0.0,NC(=O)c1cccc2[nH]c(-c3ccncc3)nc12,CHEMBL1990482
461.57,35,5,2,5,7,85.83,4.64,5,0.1379,Cn1c(NCC(N)Cc2ccccc2)nc(-c2ccncc2)c(-c2ccc3ccccc3c2)c1=O,CHEMBL1990496
427.54,32,4,2,2,7,62.32,6.78,4,0.25,Cc1cc(C)c(C)c(OCCCc2c(C(=O)O)[nH]c3c(-c4ccccc4C)cccc23)c1,CHEMBL1990821
390.42,29,4,3,5,4,107.17,4.68,4,0.0909,Cc1cc(C)c2oc(Nc3ccc(-c4cccc(C(N)=O)c4N)cc3F)nc2c1,CHEMBL1990884
398.48,29,3,3,3,7,77.23,3.33,2,0.3636,CCN(CC)CCNC(=O)c1c(C)[nH]c(C=C2C(=O)Nc3ccc(F)cc32)c1C,CHEMBL1990885
360.4,27,5,1,5,5,68.0,3.81,4,0.2,Fc1ccc(-c2nc3cnccn3c2-c2ccnc(NCC3CC3)n2)cc1,CHEMBL1990904
265.32,20,3,2,4,4,58.04,2.7,3,0.125,OCCNc1cc2cc(-c3cccnc3)ccc2cn1,CHEMBL1990912
427.34,29,4,2,4,6,76.82,5.19,4,0.1818,Cc1[nH]nc2ccc(-c3cncc(OCC(N)Cc4ccc(Cl)c(Cl)c4)c3)cc12,CHEMBL1991063
454.49,34,5,2,6,7,106.95,4.14,5,0.12,COc1ccc(C(=O)Nc2n[nH]c3ccc(-c4cn(Cc5ccccc5)nn4)cc23)cc1OC,CHEMBL1991078
453.59,34,6,1,5,7,68.68,5.15,4,0.3571,Nc1nccn2c(C3CC(CN4CCCC4)C3)nc(-c3cccc(OCc4ccccc4)c3)c12,CHEMBL1991138
380.42,28,3,1,4,6,60.45,4.4,3,0.1818,COc1cccc(C(C)NC(=O)c2ccc(-c3ccncc3F)cc2OC)c1,CHEMBL1991188
429.86,30,3,3,6,6,137.23,3.83,2,0.35,Cc1cc(OCC2CCC(C(=O)O)C2)c(NC(=O)Nc2cnc(C#N)cn2)cc1Cl,CHEMBL1991285
392.44,29,4,2,6,6,88.23,3.42,4,0.2381,CC(C)(CO)CNc1nccc(-c2c(-c3ccc(F)cc3)nc3cnccn23)n1,CHEMBL1991395
384.77,27,4,2,3,3,70.67,4.81,4,0.0,O=C(Nc1cc(-c2c[nH]c3ncccc23)cc(Cl)n1)c1c(F)cccc1F,CHEMBL1991410
585.69,43,7,2,7,8,104.52,6.57,6,0.1212,O=C(Cc1ccccc1)Nc1cccc(-c2nc3sccn3c2-c2ccnc(Nc3cccc(N4CCCC4=O)c3)n2)c1,CHEMBL1991429
343.82,24,4,3,5,3,86.72,3.39,3,0.3529,OC1CCC(Nc2cc(Cl)nc(-c3c[nH]c4ncccc34)n2)CC1,CHEMBL1991674
424.46,31,4,2,6,6,88.23,3.87,4,0.2727,Cc1nccn2c(-c3ccnc(NCC(C)(C)CO)n3)c(-c3ccc(F)cc3F)nc12,CHEMBL1991678
479.58,36,5,2,5,9,83.14,4.45,5,0.2069,CN(C)CC(=O)NC(COc1cncc(-c2ccc3cnccc3c2)c1)Cc1c[nH]c2ccccc12,CHEMBL1991725
446.53,33,5,2,6,8,88.23,4.38,4,0.36,CC(C)(CO)CNc1nccc(-c2c(-c3ccc(F)cc3)nc3c(CC4CC4)nccn23)n1,CHEMBL1991800
413.91,29,4,4,5,5,107.62,3.72,3,0.4,CCNC(=O)NC1CCC(Nc2nc(Cl)cc(-c3c[nH]c4ncccc34)n2)CC1,CHEMBL1992220
325.3,24,3,3,6,5,100.03,3.2,3,0.0,O=C(O)c1ccccc1Nc1ncnc(Nc2ccc(F)cc2)n1,CHEMBL1992231
373.48,27,4,2,3,3,54.02,6.22,4,0.0909,Cc1cc(C)cc(NC(=O)Nc2ccc(-c3cccc4sncc34)cc2)c1,CHEMBL1992242
430.39,31,3,3,4,5,92.35,4.9,3,0.0952,CNC(=O)c1cc(Oc2ccc(NC(=O)Nc3cccc(C(F)(F)F)c3)cc2)ccn1,CHEMBL1992306
220.61,15,3,1,3,0,58.89,2.32,3,0.0,O=c1nc[nH]c2c1oc1ccc(Cl)cc12,CHEMBL1992323
330.41,23,3,3,4,5,100.87,2.96,3,0.1875,CCCS(=O)(=O)Nc1ccc(-c2ccc3[nH]nc(N)c3c2)cc1,CHEMBL1992342
437.51,33,5,2,5,6,91.73,4.19,5,0.12,CN(C)c1ccc(C(=O)Nc2n[nH]c3ccc(-c4cn(Cc5ccccc5)nn4)cc23)cc1,CHEMBL1992363
348.36,26,4,3,6,6,96.11,2.52,4,0.1053,COc1ccc(CNc2c(Nc3ccc4[nH]ncc4c3)c(=O)c2=O)cc1,CHEMBL1992536
273.13,16,3,1,1,1,28.68,3.99,3,0.0,Brc1cnc2[nH]cc(-c3ccccc3)c2c1,CHEMBL1992634
429.48,31,4,2,6,7,90.04,2.65,3,0.4286,CCN1CCN(CCCC(=O)Nc2n[nH]c3nnc(-c4cccc(F)c4F)cc23)CC1,CHEMBL1992740
284.32,21,3,4,5,5,94.06,1.39,3,0.2,OCC(CO)Nc1ncnc2[nH]cc(-c3ccccc3)c12,CHEMBL1992922
269.26,20,3,2,5,3,96.74,2.92,3,0.0769,Cc1ccc(Nc2nc3ccc([N+](=O)[O-])cc3[nH]2)nc1,CHEMBL1992937
353.4,25,4,2,6,3,86.47,3.03,3,0.1111,CNC(=O)C=Cc1cnc(N)c2c(-c3ccc4c(c3)OCO4)csc12,CHEMBL1993243
348.79,25,4,2,3,3,70.67,4.53,4,0.0,O=C(Nc1cc(-c2c[nH]c3ncccc23)cc(Cl)n1)c1ccccc1,CHEMBL1993413
379.45,27,4,2,5,5,102.9,2.87,4,0.0526,NS(=O)(=O)c1cccc(Nc2ncc3ccn(Cc4ccccc4)c3n2)c1,CHEMBL1993424
289.77,20,2,1,4,5,61.03,3.03,2,0.2,CC(N)COc1cnc(Cl)c(C=Cc2ccncc2)c1,CHEMBL1993548
371.44,28,4,2,4,7,71.03,4.11,4,0.1304,OC(COc1cncc(C=Cc2ccncc2)c1)Cc1c[nH]c2ccccc12,CHEMBL1993584
479.95,32,3,3,9,9,123.7,3.55,3,0.2,CNS(=O)(=O)c1ccccc1Nc1nc(Nc2cc(OC)c(OC)c(OC)c2)ncc1Cl,CHEMBL1993661
405.39,30,4,5,4,4,133.13,4.29,4,0.0,Nc1n[nH]c2cccc(-c3ccc(NC(=O)Nc4cc(C(=O)O)ccc4F)cc3)c12,CHEMBL1993722
361.45,27,3,1,5,9,70.26,3.57,3,0.1818,NC(COCc1ccccc1)COc1cncc(C=Cc2ccncc2)c1,CHEMBL1993781
486.58,35,5,3,5,6,97.86,6.6,5,0.1154,CCCn1cc(-c2cnc(N)c3c(-c4ccc(NC(=O)Nc5cccc(F)c5)cc4)csc23)cn1,CHEMBL1993941
450.49,33,5,2,6,7,88.23,4.27,4,0.3333,CC(C)(O)CNc1nccc(-c2c(-c3ccc(F)cc3F)nc3c(CC4CC4)nccn23)n1,CHEMBL1994040
273.13,16,3,1,1,1,28.68,3.99,3,0.0,Brc1ccc2[nH]nc(-c3ccccc3)c2c1,CHEMBL1994074
370.21,23,3,2,5,2,74.15,3.58,1,0.0588,COC1=CC(=CC(C#N)=C2Nc3ccccc3N2)C(Br)=CC1=O,CHEMBL1994241
505.63,35,4,4,6,5,126.21,4.4,4,0.12,Cc1cccc(NC(=O)Nc2ccc(-c3csc4c(C#CCNS(C)(=O)=O)cnc(N)c34)cc2)c1,CHEMBL1994321
342.83,24,4,3,5,3,92.51,3.36,3,0.3529,NC1CCCCC1Nc1nc(Cl)cc(-c2c[nH]c3ncccc23)n1,CHEMBL1994438
247.34,18,2,2,3,3,68.01,2.17,1,0.5714,CC(N)C1CCC(C(=O)Nc2ccncc2)CC1,CHEMBL1994526
333.27,24,3,2,4,2,79.8,3.69,3,0.0667,O=C(Nc1cnccn1)Nc1ccnc2c(C(F)(F)F)cccc12,CHEMBL1994538
388.23,24,3,3,6,5,110.75,2.56,3,0.0667,Cn1cc(Nc2ncc(Br)c(Nc3ccccc3C(N)=O)n2)cn1,CHEMBL1994669
387.47,28,5,3,5,2,92.93,4.68,4,0.0952,Nc1ncnc2sc3c(c12)-c1ccc(NC(=O)Nc2ccccc2)cc1CC3,CHEMBL1994693
344.78,23,4,1,7,3,87.06,4.37,4,0.0,Nc1nnc(-c2cc3c(Oc4ccc(Cl)cc4)cncc3s2)o1,CHEMBL1994830
482.41,30,4,2,5,7,85.83,4.72,4,0.1364,Nc1ncc(C=CC(=O)NCCCn2ccnc2)c2scc(-c3ccc(Br)cc3)c12,CHEMBL1994938
427.94,30,4,3,6,6,98.83,3.07,3,0.4286,CN(C)CC(=O)NC1CCCC(Nc2nc(Cl)cc(-c3c[nH]c4ncccc34)n2)C1,CHEMBL1995712
377.36,28,4,3,6,3,113.73,4.29,3,0.05,COc1cc(-c2ccc3c(c2)Nc2ccc([N+](=O)[O-])cc2NC3=O)ccc1O,CHEMBL1995740
430.42,32,5,2,4,5,88.49,4.4,5,0.0435,O=C(Nc1n[nH]c2ccc(-c3cn(Cc4ccccc4)nn3)cc12)c1cc(F)ccc1F,CHEMBL1995811
308.39,23,4,3,5,3,92.51,2.7,3,0.3529,NC1CCCCC1Nc1nccc(-c2c[nH]c3ncccc23)n1,CHEMBL1995813
440.45,32,4,2,7,7,97.46,3.57,4,0.2727,COc1nccn2c(-c3ccnc(NCC(C)(C)CO)n3)c(-c3ccc(F)cc3F)nc12,CHEMBL1995832
308.38,23,3,4,3,5,96.93,2.61,3,0.1667,Cc1ccc(-c2cc3c(NCCN)ccc(C(N)=O)c3[nH]2)cc1,CHEMBL1996048
317.38,23,4,1,5,2,80.52,3.6,4,0.0,N#Cc1ccc2nc(N)n(-c3nc(-c4ccccc4)cs3)c2c1,CHEMBL1996066
346.39,26,4,1,4,4,79.7,2.57,4,0.1579,CN(C)C(=O)c1c(-c2ccc3[nH]ncc3c2)nnn1Cc1ccccc1,CHEMBL1996111
421.5,32,6,2,5,3,89.33,4.82,5,0.1923,CC1(O)CC(c2nc(-c3ccc4ccc(-c5ccccc5)nc4c3)c3c(N)nccn23)C1,CHEMBL1996234
410.43,30,4,2,6,5,88.23,3.62,4,0.2381,Cc1nccn2c(-c3ccnc(NCC(C)(C)O)n3)c(-c3ccc(F)cc3F)nc12,CHEMBL1996500
410.43,30,5,1,5,4,81.13,3.15,4,0.3333,CC(C)(CO)c1nnc2ccc(-c3c(-c4ccc(F)cc4F)nc4n3CCC4)nn12,CHEMBL1996587
534.66,38,4,4,6,10,112.38,5.79,4,0.25,CCN(CC)CCCNC(=O)c1cnc(N)c2c(-c3ccc(NC(=O)Nc4cccc(F)c4)cc3)csc12,CHEMBL1996649
359.17,18,3,2,5,1,89.85,1.49,2,0.5455,Nc1ncnc2c1c(I)nn2C1CCC(O)CC1,CHEMBL1996791
267.33,20,3,1,3,5,50.8,3.8,3,0.25,CCCCOc1ncnc2[nH]cc(-c3ccccc3)c12,CHEMBL1996817
279.34,21,4,1,2,1,50.19,4.21,2,0.3333,O=C(O)c1c2c(nc3ccccc13)C(=C1CCCC1)CC2,CHEMBL1996831
366.85,26,3,2,3,6,62.22,3.74,3,0.1429,O=C(NC(CO)Cc1ccc(Cl)cc1)c1ccc(-c2ccncc2)cc1,CHEMBL1996931
349.34,26,4,2,2,3,57.78,4.76,4,0.0,O=C(Nc1cnc2[nH]cc(-c3ccccc3)c2c1)c1c(F)cccc1F,CHEMBL1996979
413.91,29,4,4,6,6,107.62,2.73,3,0.4,CNCC(=O)NC1CCC(Nc2nc(Cl)cc(-c3c[nH]c4ncccc34)n2)CC1,CHEMBL1996980
265.29,18,2,2,5,2,82.53,1.39,2,0.1818,CN(C)c1cc2sncc2cc1NC(=O)C(=O)O,CHEMBL1997023
315.38,24,4,2,2,3,57.78,3.53,3,0.1,O=C1NCCc2[nH]c(-c3ccnc(C=Cc4ccccc4)c3)cc21,CHEMBL1997129
312.33,23,4,2,5,2,95.25,1.81,3,0.3125,O=C(c1cc(-c2ccc3[nH]ncc3c2)on1)N1CCCC(O)C1,CHEMBL1997340
405.52,29,4,2,4,5,67.01,5.41,4,0.2174,COc1cccc(C(C)NC(=O)c2cc(C)c(-c3ccc4n[nH]c(C)c4c3)s2)c1,CHEMBL1997534
316.39,22,3,3,4,4,100.87,2.57,3,0.1333,CCS(=O)(=O)Nc1ccc(-c2ccc3[nH]nc(N)c3c2)cc1,CHEMBL1997597
482.63,36,6,1,6,5,72.44,5.2,4,0.3793,CN1CCN(C2CCC(n3cc(-c4ccc(Oc5ccccc5)cc4)c4c(N)ncnc43)CC2)CC1,CHEMBL1997617
343.39,26,4,2,3,4,67.01,4.49,4,0.0476,COc1ccc(C(=O)Nc2cnc3[nH]cc(-c4ccccc4)c3c2)cc1,CHEMBL1997764
433.56,30,5,2,5,3,88.84,5.41,5,0.087,Cc1cc2cc(-c3csc4c(-c5cccc(S(C)(=O)=O)c5)cnc(N)c34)ccc2[nH]1,CHEMBL1997822
327.82,23,4,2,4,3,66.49,4.42,3,0.3529,Clc1cc(NC2CCCCC2)nc(-c2c[nH]c3ncccc23)n1,CHEMBL1997846
389.42,29,4,2,6,6,103.77,3.26,4,0.0952,COc1ccc(-c2cc3nccn3c(Nc3ccccc3C(N)=O)n2)cc1OC,CHEMBL1998112
363.25,24,3,3,3,5,83.8,3.94,3,0.1765,NCCC(C(=O)Nc1ccc2[nH]ncc2c1)c1ccc(Cl)c(Cl)c1,CHEMBL1998121
427.43,31,4,2,5,6,89.71,4.3,4,0.2273,Cc1[nH]nc2cnc(-c3cncc(OCC(N)Cc4cccc(C(F)(F)F)c4)c3)cc12,CHEMBL1998159
356.43,26,2,4,4,9,108.04,2.98,2,0.3333,O=C(NCCCCCCNC(=O)Nc1cccnc1)Nc1cccnc1,CHEMBL1998193
342.83,24,4,3,5,3,92.51,3.36,3,0.3529,NC1CCCC(Nc2nc(Cl)cc(-c3c[nH]c4ncccc34)n2)C1,CHEMBL1998432
314.78,22,3,2,3,4,70.67,4.02,3,0.1875,CCCC(=O)Nc1cc(-c2c[nH]c3ncccc23)cc(Cl)n1,CHEMBL1998470
332.4,25,3,2,3,6,62.22,3.08,3,0.1429,O=C(NC(CO)Cc1ccccc1)c1ccc(-c2ccncc2)cc1,CHEMBL1998545
447.42,31,4,3,5,3,92.93,5.74,4,0.05,Nc1ncnc2scc(-c3ccc(NC(=O)Nc4cc(C(F)(F)F)ccc4F)cc3)c12,CHEMBL1998585
305.58,15,2,2,3,1,69.11,3.0,2,0.0,NC(=O)c1sc2c(Br)ccc(Cl)c2c1N,CHEMBL1998611
278.36,21,4,1,3,2,44.81,3.62,3,0.2941,c1ccc(-c2c[nH]c3ncnc(N4CCCCC4)c23)cc1,CHEMBL1998953
409.42,29,4,1,8,4,124.39,1.09,3,0.15,CCOC(=O)C1=c2sc(=Cc3ccco3)c(=O)n2C(N)=C(C#N)C1c1ccco1,CHEMBL1999112
385.42,29,4,2,6,8,80.32,3.87,4,0.087,O=c1c(NCCc2ccc(Oc3ccccc3)cc2)c(Nc2ccncc2)c1=O,CHEMBL1999321
530.7,38,4,4,6,10,112.38,5.96,4,0.2759,CCN(CC)CCCNC(=O)c1cnc(N)c2c(-c3ccc(NC(=O)Nc4cccc(C)c4)cc3)csc12,CHEMBL1999414
302.38,23,3,1,2,4,41.99,4.24,3,0.1,CC(NC(=O)c1ccc(-c2ccncc2)cc1)c1ccccc1,CHEMBL1999428
344.38,26,4,1,6,5,81.13,3.68,4,0.0526,Cc1cc(-c2ccccc2)n(-c2cc(NN=Cc3ccco3)ncn2)n1,CHEMBL1999590
224.26,17,3,2,2,0,41.13,3.3,2,0.0714,Cc1ccc2c(c1)NC(=O)c1ccccc1N2,CHEMBL1999714
357.3,26,3,2,4,2,90.7,4.16,3,0.0588,N#Cc1ccc(NC(=O)Nc2ccnc3cc(C(F)(F)F)ccc23)nc1,CHEMBL1999718
329.34,23,3,4,7,3,116.24,1.78,2,0.0,O=C1C=CC(=CNNC(=O)Nc2cccc3nsnc23)C(O)=C1,CHEMBL1999811
394.44,30,5,2,4,5,88.49,4.12,5,0.0435,O=C(Nc1n[nH]c2ccc(-c3cn(Cc4ccccc4)nn3)cc12)c1ccccc1,CHEMBL1999931
380.46,29,5,2,4,4,85.41,4.43,5,0.087,Cc1ccccc1-c1c(-c2ccc3[nH]nc(N)c3c2)nnn1Cc1ccccc1,CHEMBL2000029
268.32,20,3,3,4,5,73.83,2.42,3,0.2,OCCCNc1ncnc2[nH]cc(-c3ccccc3)c12,CHEMBL2000071
238.32,16,2,3,5,5,73.83,1.47,2,0.4,CSc1c[nH]c2ncnc(NCCCO)c12,CHEMBL2000114
389.48,28,4,3,5,3,92.93,5.2,4,0.0952,Cc1ccc(NC(=O)Nc2ccc(-c3csc4ncnc(N)c34)cc2)cc1C,CHEMBL2000335
384.23,24,3,2,5,2,74.15,3.89,1,0.1111,COC1=CC(=CC(C#N)=C2Nc3ccc(C)cc3N2)C(Br)=CC1=O,CHEMBL2000345
326.38,23,3,2,5,3,70.92,3.48,2,0.0588,COc1ccc(C=C2SC(Nc3ccccc3)=NC2=O)cc1O,CHEMBL2000354
420.38,31,6,1,5,2,90.62,3.11,5,0.1429,O=c1[nH]c2cnc(-n3cnc4ccc(F)cc43)nc2n1C1CCOc2c(F)cccc21,CHEMBL2000393
438.48,32,4,2,6,6,88.23,4.18,4,0.3043,Cc1cn2c(-c3ccnc(NCC(C)(C)CO)n3)c(-c3ccc(F)cc3F)nc2c(C)n1,CHEMBL2000408
468.51,34,4,2,7,8,97.46,4.35,4,0.3333,CC(C)Oc1nccn2c(-c3ccnc(NCC(C)(C)CO)n3)c(-c3ccc(F)cc3F)nc12,CHEMBL2000429
463.52,33,4,4,6,7,147.04,2.08,4,0.087,NCCNS(=O)(=O)c1cccc(C(=O)Nc2ccc(-c3n[nH]c(=O)c4ccccc34)cc2)c1,CHEMBL2000481
295.34,21,4,0,3,2,30.19,4.26,4,0.0,Fc1ccc(-c2nc3sccn3c2-c2ccncc2)cc1,CHEMBL2000508
236.27,18,3,1,2,2,45.75,3.43,3,0.0667,CC(=O)c1cccc(-c2cnc3[nH]ccc3c2)c1,CHEMBL2000568
431.41,30,4,2,3,3,54.02,6.77,4,0.0476,O=C(Nc1ccc(-c2cccc3sncc23)cc1)Nc1ccc(F)c(C(F)(F)F)c1,CHEMBL2000801
483.5,36,5,4,5,5,99.69,5.45,4,0.0714,COc1cc(-c2ccc3c(c2)Nc2ccc(C(=O)NCc4cccc(F)c4)cc2NC3=O)ccc1O,CHEMBL2000832
386.41,29,4,3,5,3,110.24,2.67,4,0.0455,Cc1cc(O)ccc1-n1cc(C(=O)NN)c(=O)c2ccc(-c3ccncc3)cc21,CHEMBL2000894
371.83,26,3,2,5,4,99.93,4.28,2,0.3333,Cc1cc(OC2CCCC2)c(NC(=O)Nc2cnc(C#N)cn2)cc1Cl,CHEMBL2001224
438.8,30,3,4,7,5,126.05,3.4,3,0.1111,Nc1ncnc(Nc2cc(CNC(=O)C(F)(F)F)c(O)c(-c3ccc(Cl)cc3)c2)n1,CHEMBL2001239
483.64,35,4,3,5,6,83.28,6.19,4,0.2143,CCN(CC)CC#Cc1cnc(N)c2c(-c3ccc(NC(=O)Nc4cccc(C)c4)cc3)csc12,CHEMBL2001257
393.14,20,3,4,8,2,139.54,-1.38,2,0.5,Nc1ncnc2c1c(I)nn2C1OC(CO)C(O)C1O,CHEMBL2001288
303.37,23,3,2,3,5,68.01,3.46,3,0.0526,NC(=O)c1ccc(-c2ccncc2)cc1NCc1ccccc1,CHEMBL2001477
539.67,39,5,3,6,6,118.17,6.01,5,0.1724,Cc1ccc(NC(=O)Nc2ccc(-c3csc4c(-c5cnn(C(C)C(=O)N(C)C)c5)cnc(N)c34)cc2)cc1,CHEMBL2001485
424.46,31,4,2,6,6,88.23,3.88,4,0.2727,CCc1nccn2c(-c3ccnc(NCC(C)(C)O)n3)c(-c3ccc(F)cc3F)nc12,CHEMBL2001547
526.64,40,6,2,3,9,63.49,8.68,6,0.1143,Cc1ccccc1-c1cccc2c1c(Nc1ccccc1)c(C(=O)O)n2CCCOc1cccc2ccccc12,CHEMBL2001646
476.54,36,6,3,5,7,106.17,5.26,5,0.1034,NC(COc1cncc(-c2ccc3c(c2)C(=Cc2ccco2)C(=O)N3)c1)Cc1c[nH]c2ccccc12,CHEMBL2001751
341.21,18,3,2,4,0,58.2,2.26,1,0.0,O=C1NC(=S)SC1=C1C(=O)Nc2ccc(Br)cc21,CHEMBL2001920
490.46,35,4,2,7,8,97.46,4.36,4,0.3043,CC(C)(CO)CNc1nccc(-c2c(-c3ccc(F)cc3)nc3c(OCC(F)(F)F)nccn23)n1,CHEMBL2001957
502.58,36,5,4,6,6,118.09,5.57,5,0.1154,CC(O)Cn1cc(-c2cnc(N)c3c(-c4ccc(NC(=O)Nc5cccc(F)c5)cc4)csc23)cn1,CHEMBL2002165
301.35,23,4,2,4,4,66.49,3.63,4,0.0556,c1ccc(CNc2cc(-c3c[nH]c4ncccc34)ncn2)cc1,CHEMBL2002346
458.63,33,6,1,5,6,44.39,4.23,3,0.4444,CN1CCN(Cc2ccc3c(c2)Cc2c(-c4csc(C#CCOCC5CC5)c4)n[nH]c2-3)CC1,CHEMBL2002446
448.91,32,5,3,6,7,102.41,4.86,4,0.1667,NCCCOc1cc2c(c(-c3ccc(Nc4nc5ccc(Cl)cc5o4)cc3)c1)CNC2=O,CHEMBL2002479
454.49,34,5,2,6,7,106.95,4.14,5,0.12,COc1cc(OC)cc(C(=O)Nc2n[nH]c3ccc(-c4cn(Cc5ccccc5)nn4)cc23)c1,CHEMBL2002613
241.25,18,3,2,3,2,67.01,1.91,2,0.0769,COc1ccc2c(c1)C(=Cc1cnc[nH]1)C(=O)N2,CHEMBL2002649
238.29,18,3,2,1,1,44.89,3.12,2,0.1333,Cc1cc(C)c(C=C2C(=O)Nc3ccccc32)[nH]1,CHEMBL2002702
358.44,27,4,2,4,6,76.82,3.88,4,0.1818,Cc1[nH]nc2ccc(-c3cncc(OCC(N)Cc4ccccc4)c3)cc12,CHEMBL2002726
286.38,21,3,3,3,3,83.8,2.66,2,0.5,CC(N)C1CCC(C(=O)Nc2ccnc3[nH]ccc23)CC1,CHEMBL2002992
253.31,19,3,2,4,2,70.83,2.27,3,0.1429,CN(C)c1cc(-c2ccncc2)cc2[nH]nc(N)c12,CHEMBL2003229
399.69,24,3,2,3,3,72.19,5.21,3,0.0,NC(=O)c1sc2ccc(Cl)c(Cl)c2c1NC(=O)c1ccc(Cl)cc1,CHEMBL2003271
251.26,17,2,2,5,2,75.63,1.72,1,0.0909,COc1cc(C=C2SC(=O)NC2=O)ccc1O,CHEMBL2003286
387.27,26,3,2,3,5,62.22,4.52,3,0.1,O=C(NC(CO)c1cc(Cl)cc(Cl)c1)c1ccc(-c2ccncc2)cc1,CHEMBL2003341
384.48,28,2,4,4,11,108.04,2.34,2,0.4,O=C(NCCCCCCNC(=O)NCc1cccnc1)NCc1cccnc1,CHEMBL2003420
211.22,16,3,2,2,1,61.54,1.92,3,0.0,O=c1[nH]c2cc(-c3ccccc3)cnc2[nH]1,CHEMBL2003456
275.74,19,3,2,2,3,57.78,2.73,2,0.2857,O=C(Cc1ccc(Cl)cc1)Nc1n[nH]c2c1CCC2,CHEMBL2003482
412.43,31,5,2,4,5,88.49,4.26,5,0.0435,O=C(Nc1n[nH]c2ccc(-c3cn(Cc4ccccc4)nn3)cc12)c1cccc(F)c1,CHEMBL2003638
314.3,23,3,2,4,4,70.67,2.72,3,0.0625,O=c1cc(-c2ccncc2)[nH]c(NCc2cc(F)cc(F)c2)n1,CHEMBL2003682
333.27,24,3,2,4,2,79.8,3.69,3,0.0667,O=C(Nc1cnccn1)Nc1ccnc2cc(C(F)(F)F)ccc12,CHEMBL2003817
528.64,38,5,4,7,7,127.32,5.83,5,0.1786,COc1ccc(NC(=O)Nc2ccc(-c3csc4c(-c5cnn(CC(C)(C)O)c5)cnc(N)c34)cc2)cc1,CHEMBL2004290
385.47,29,4,3,2,3,70.23,5.17,3,0.1667,Cc1cc(C)cc(NC(=O)Nc2ccc(-c3cccc4c3CNC4=O)c(C)c2)c1,CHEMBL2004311
459.57,30,4,2,8,5,117.41,0.99,3,0.15,CCOC(=O)C1=C(N)n2c(sc(=Cc3cccs3)c2=O)=C(C(N)=O)C1c1cccs1,CHEMBL2004365
423.49,30,5,1,4,4,61.14,5.6,5,0.1818,CC(C)Cn1c(N)nc2c(F)cc(-c3c(-c4ccc(F)cc4)nc4sccn34)cc21,CHEMBL2004419
312.35,23,3,2,4,1,87.72,3.06,2,0.2941,CC(C)(C)c1[nH]nc2c1C(c1ccccc1F)C(C#N)=C(N)O2,CHEMBL2004447
373.39,26,4,3,6,4,105.09,3.13,3,0.1111,O=S(=O)(O)c1ccc(NCc2ccc3c(c2)OCO3)c2c(O)cccc12,CHEMBL2004544
330.4,25,5,2,4,4,85.41,3.33,4,0.2105,Nc1n[nH]c2ccc(-c3nnn(Cc4ccccc4)c3C3CC3)cc12,CHEMBL2004631
542.71,39,4,4,6,10,112.38,5.97,4,0.2333,CCN(CC)CCNC(=O)C=Cc1cnc(N)c2c(-c3ccc(NC(=O)Nc4cccc(C)c4)cc3)csc12,CHEMBL2004716
341.37,26,5,2,4,3,67.16,4.48,4,0.0476,O=C1NCc2c1cccc2-c1ccc(Nc2nc3ccccc3o2)cc1,CHEMBL2004771
297.33,22,3,1,3,5,50.94,3.13,3,0.1765,OCCCn1cnc(-c2ccc(F)cc2)c1-c1ccncc1,CHEMBL2004871
333.39,25,3,1,4,5,64.11,3.64,3,0.15,COc1cccc(C(C)NC(=O)c2ccc(-c3ccncn3)cc2)c1,CHEMBL2004872
302.36,21,3,3,4,3,100.87,2.18,3,0.0714,CS(=O)(=O)Nc1ccc(-c2ccc3[nH]nc(N)c3c2)cc1,CHEMBL2004892
350.39,26,3,1,3,5,51.22,4.39,3,0.1429,COc1cccc(C(C)NC(=O)c2ccc(-c3ccncc3)c(F)c2)c1,CHEMBL2004934
452.52,34,5,3,6,7,104.82,4.82,5,0.1538,CC(C)NC(=O)COc1cccc(-c2nc(Nc3ccc4[nH]ncc4c3)c3ccccc3n2)c1,CHEMBL2005186
420.93,28,4,3,6,5,112.66,2.95,3,0.3889,CS(=O)(=O)NC1CCC(Nc2cc(Cl)nc(-c3c[nH]c4ncccc34)n2)CC1,CHEMBL2005216
506.65,37,5,2,7,7,99.69,4.8,2,0.5714,CCC1C(=O)N(C)c2cnc(Nc3ccc(C(=O)NC4CCCCC4)cc3OC)nc2N1C1CCCC1,CHEMBL2005375
339.46,24,4,2,3,4,57.78,4.6,3,0.3684,O=C(NCC1CCCCC1)c1cc2c(-c3ccccc3)[nH]nc2s1,CHEMBL2005475
399.89,28,4,4,5,4,107.62,3.33,3,0.3684,CNC(=O)NC1CCC(Nc2nc(Cl)cc(-c3c[nH]c4ncccc34)n2)CC1,CHEMBL2005509
258.28,19,3,2,3,2,71.19,1.63,2,0.2857,CCOC(=O)c1ccc2[nH]c3c(c2c1)CCNC3=O,CHEMBL2005528
449.51,32,4,4,5,4,109.14,5.0,4,0.087,CNC(=O)c1cnc(N)c2c(-c3ccc(NC(=O)Nc4cc(C)ccc4F)cc3)csc12,CHEMBL2005631
365.85,24,3,3,5,6,99.77,2.24,3,0.2,CS(=O)(=O)NCCNc1cc(-c2c[nH]c3ncccc23)cc(Cl)n1,CHEMBL2005718
359.39,27,4,3,5,3,106.07,4.42,4,0.05,Cc1ccc(NC(=O)Nc2ccc(-c3coc4ncnc(N)c34)cc2)cc1,CHEMBL2005828
479.97,34,5,4,7,5,98.22,3.35,2,0.28,Cc1cc(N2CCOCC2)cc2c1NC(=C1C(=O)N=CC=C1NCC(O)c1cccc(Cl)c1)N2,CHEMBL2005886
315.37,23,2,1,5,4,79.37,2.21,2,0.4118,CC(=O)N(c1ccncc1)c1c(NC(C)C(C)(C)C)c(=O)c1=O,CHEMBL2005899
436.52,33,5,2,4,7,88.49,5.28,5,0.1538,CCCC(=O)Nc1n[nH]c2ccc(-c3nnn(Cc4ccccc4)c3-c3ccccc3)cc12,CHEMBL2005936
404.47,30,4,1,5,5,84.4,5.8,4,0.2609,CC(C)N(C(=O)Nc1ccc2nc(-c3ccco3)c(-c3ccco3)nc2c1)C(C)C,CHEMBL2006156
404.51,30,3,3,5,9,89.27,4.01,3,0.25,COc1cccc(C(C)NC(=O)c2ccc(-c3ccncc3)cc2NCCCN)c1,CHEMBL2006188
393.5,29,4,3,6,7,103.17,1.77,3,0.381,CN1CCN(CCCNc2cccc(-c3nc4c(C(N)=O)cccc4[nH]3)n2)CC1,CHEMBL2006237
328.4,23,3,2,5,3,97.97,2.63,3,0.125,Cc1nc2ccc(NS(=O)(=O)c3ccc(N)cc3)cc2nc1C,CHEMBL2006263
327.82,23,4,2,4,3,66.49,4.42,3,0.3529,Clc1cc(-c2c[nH]c3ncccc23)nc(NC2CCCCC2)n1,CHEMBL2006439
328.8,23,3,2,3,5,70.67,4.41,3,0.2353,CCCCC(=O)Nc1cc(-c2c[nH]c3ncccc23)cc(Cl)n1,CHEMBL2006450
398.94,28,4,3,5,6,78.52,4.64,3,0.4762,CC(C)CNC1CCC(Nc2nc(Cl)cc(-c3c[nH]c4ncccc34)n2)CC1,CHEMBL2006456
607.65,44,7,2,7,7,104.52,6.92,6,0.0938,O=C(Nc1cccc(-c2nc3sccn3c2-c2ccnc(Nc3cccc(N4CCCC4=O)c3)n2)c1)c1c(F)cccc1F,CHEMBL2006715
380.45,27,4,3,4,3,83.8,4.23,4,0.1,CNC(=O)C=Cc1cnc(N)c2c(-c3cc(F)c4[nH]c(C)cc4c3)csc12,CHEMBL2006778
361.25,23,3,1,3,2,52.89,5.64,3,0.0588,Cc1ccc(C(=O)Nc2c(C#N)sc3ccc(Cl)c(Cl)c23)cc1,CHEMBL2006785
359.39,27,4,3,4,4,87.24,4.2,4,0.0476,COc1cc(-c2ccc3[nH]nc(C(=O)Nc4ccccc4)c3c2)ccc1O,CHEMBL2007002
367.46,28,4,1,4,4,68.6,3.61,3,0.2609,CCN(CC)CC#Cc1ccc2c(c1)-c1[nH]nc(-c3ccc(C#N)nc3)c1C2,CHEMBL2007044
310.35,23,3,3,2,4,82.19,3.14,2,0.2222,Cc1[nH]c(C=C2C(=O)Nc3ccccc32)c(C)c1CCC(=O)O,CHEMBL2007064
360.46,27,3,1,3,7,51.22,5.03,3,0.2174,CCCOc1cccc(C(C)NC(=O)c2ccc(-c3ccncc3)cc2)c1,CHEMBL2007296
245.67,17,3,2,4,1,80.48,2.26,3,0.0,Nc1nc(Cl)cc(-c2c[nH]c3ncccc23)n1,CHEMBL2007574
322.39,23,5,1,4,1,63.05,3.18,4,0.2353,O=c1nc2sc3c(c2c2nc(-c4ccccc4)[nH]n12)CCCC3,CHEMBL2007592
317.65,21,3,1,3,0,60.05,2.8,3,0.1667,Cn1nc(C(F)(F)F)c2c(=O)c3cc(Cl)ccc3n(O)c21,CHEMBL207400
340.34,25,3,2,5,6,110.29,2.58,3,0.1765,O=C(Nc1nc2ccccc2n1CCCO)c1cccc([N+](=O)[O-])c1,CHEMBL210887
360.38,27,4,3,6,3,118.96,3.82,4,0.0526,Cc1cccc(NC(=O)Nc2ccc(-c3noc4ncnc(N)c34)cc2)c1,CHEMBL211378
307.4,23,4,2,4,4,66.49,4.01,3,0.3889,c1cnc2[nH]cc(-c3ccnc(NCC4CCCCC4)n3)c2c1,CHEMBL213207
414.35,30,4,3,6,3,118.96,4.53,4,0.0526,Nc1ncnc2onc(-c3ccc(NC(=O)Nc4cccc(C(F)(F)F)c4)cc3)c12,CHEMBL213505
453.86,30,3,3,6,5,127.07,2.82,3,0.0556,CNC(=O)c1nc(-c2ccc(Cl)c(S(=O)(=O)Nc3cccc(F)c3F)c2)cnc1N,CHEMBL2152252
449.9,30,3,3,6,5,127.07,2.99,3,0.1053,CNC(=O)c1nc(-c2ccc(Cl)c(S(=O)(=O)Nc3cccc(F)c3C)c2)cnc1N,CHEMBL2152253
357.42,27,4,4,3,3,95.83,4.76,4,0.0476,Cc1cccc(NC(=O)Nc2ccc(-c3cccc4[nH]nc(N)c34)cc2)c1,CHEMBL220057
570.61,42,6,2,11,10,155.68,3.84,5,0.2759,CCn1c(-c2nonc2N)nc2cnc(Oc3cccc(NC(=O)c4ccc(OCCN5CCOCC5)cc4)c3)cc21,CHEMBL220241
213.24,16,3,2,2,1,57.78,1.36,2,0.1667,O=C1NCCc2[nH]c(-c3ccncc3)cc21,CHEMBL225519
340.39,26,5,2,3,2,70.67,3.58,4,0.0952,O=C1NCCc2[nH]c(-c3ccnc(-c4cnc5ccccc5c4)c3)cc21,CHEMBL226403
307.33,23,4,2,2,2,57.78,3.17,3,0.1111,O=C1NCCc2[nH]c(-c3ccnc(-c4ccccc4F)c3)cc21,CHEMBL226471
378.43,27,4,3,4,3,80.04,5.33,4,0.0,Nc1nccc2scc(-c3ccc(NC(=O)Nc4cccc(F)c4)cc3)c12,CHEMBL231209
312.38,23,3,1,5,3,88.91,1.54,2,0.5,CC1CCN(C(=O)CC#N)CC1N(C)c1ncnc2[nH]ccc12,CHEMBL234085
404.9,28,3,3,7,8,119.0,3.83,2,0.4737,NCC1CCC(CNc2nc(NCc3ccccc3Cl)ncc2[N+](=O)[O-])CC1,CHEMBL246970
387.44,29,5,1,6,5,87.06,2.63,3,0.3182,N#Cc1ccc(-c2n[nH]c3c2Cc2ccc(OCCN4CCOCC4)cc2-3)cn1,CHEMBL249282
532.41,32,3,3,6,10,109.58,3.86,2,0.45,NC(=O)c1c(OCc2c(F)cc(Br)cc2F)nsc1NC(=O)NCCCCN1CCCC1,CHEMBL253969
368.41,27,4,1,5,4,73.06,3.63,3,0.35,COc1nccc(-c2c(-c3ccc(F)cc3)ncn2C2CCC(O)CC2)n1,CHEMBL256835
411.43,31,5,2,7,5,110.76,4.11,5,0.0455,Cc1ccc(C(=O)Nc2ccon2)cc1Nc1ncnc2c1cnn2-c1ccccc1,CHEMBL259922
287.33,22,4,2,4,2,80.48,3.27,4,0.0,Nc1[nH]nc2nnc(-c3ccccc3)c(-c3ccccc3)c12,CHEMBL260135
394.44,28,4,3,6,3,105.82,4.43,4,0.0526,Cc1ccc(F)c(NC(=O)Nc2ccc(-c3nsc4ncnc(N)c34)cc2)c1,CHEMBL262433
453.3,29,4,3,5,4,102.41,5.49,4,0.0476,COc1ccc(-c2ccc(NC(=O)Nc3cccc(Br)c3)cc2)c2c(N)noc12,CHEMBL271381
408.85,29,4,3,5,4,102.41,5.38,4,0.0476,COc1ccc(NC(=O)Nc2ccc(-c3cccc4onc(N)c34)cc2)cc1Cl,CHEMBL272453
338.39,25,4,2,5,3,81.65,2.65,3,0.2778,Nc1nccc(-c2c(-c3ccc(F)cc3)ncn2C2CCNCC2)n1,CHEMBL274064
327.18,20,4,2,1,0,44.89,4.09,3,0.0625,O=C1Cc2c([nH]c3ccc(Br)cc23)-c2ccccc2N1,CHEMBL296586
281.36,21,3,1,4,1,69.62,3.14,3,0.3125,Cc1ccc(-c2nn(C(C)(C)C)c3ncnc(N)c23)cc1,CHEMBL306380
333.34,25,4,1,2,3,41.57,5.08,4,0.0,Fc1ccc(-c2nc(-c3ccc(F)cc3)c(-c3ccncc3)[nH]2)cc1,CHEMBL316264
391.81,28,4,2,4,3,98.21,3.51,4,0.0,NC(=O)c1cn(-c2ccc(O)cc2Cl)c2cc(-c3ccncc3)ccc2c1=O,CHEMBL340384
371.4,28,4,2,4,3,98.21,3.17,4,0.0455,Cc1cc(O)ccc1-n1cc(C(N)=O)c(=O)c2ccc(-c3ccncc3)cc21,CHEMBL340921
399.52,29,4,1,4,5,54.88,6.0,4,0.125,CCc1nc(-c2cccc(C)c2)c(-c2ccnc(NC(=O)c3ccccc3)c2)s1,CHEMBL363648
403.51,29,4,3,5,3,92.93,5.51,4,0.1364,Cc1cc(C)cc(NC(=O)Nc2ccc(-c3c(C)sc4ncnc(N)c34)cc2)c1,CHEMBL371206
375.41,26,2,3,7,6,161.19,0.51,2,0.1875,CCOc1nc(C(=O)NCc2ccccc2S(N)(=O)=O)cc(N)c1C#N,CHEMBL377408
293.37,22,4,2,4,3,66.49,3.76,3,0.3529,c1cnc2[nH]cc(-c3ccnc(NC4CCCCC4)n3)c2c1,CHEMBL385478
476.6,34,5,1,7,7,70.69,3.11,3,0.3846,COCCOCC#Cc1cc(-c2n[nH]c3c2C(=O)c2cc(CN4CCN(C)CC4)ccc2-3)cs1,CHEMBL387971
416.55,29,3,3,8,9,119.0,3.9,2,0.5,CSc1ccccc1CNc1ncc([N+](=O)[O-])c(NCC2CCC(CN)CC2)n1,CHEMBL392642
374.47,27,4,3,4,3,80.04,5.5,4,0.0476,Cc1cccc(NC(=O)Nc2ccc(-c3csc4ccnc(N)c34)cc2)c1,CHEMBL394619
394.89,27,4,3,4,3,80.04,5.84,4,0.0,Nc1nccc2scc(-c3ccc(NC(=O)Nc4cccc(Cl)c4)cc3)c12,CHEMBL394790
415.5,31,5,1,6,7,87.06,3.41,3,0.375,N#Cc1ccc(-c2n[nH]c3c2Cc2ccc(OCCCCN4CCOCC4)cc2-3)cn1,CHEMBL398951
474.57,35,5,2,6,6,93.8,2.64,3,0.3462,COC(C(=O)N1Cc2[nH]nc(NC(=O)c3ccc(N4CCN(C)CC4)cc3)c2C1)c1ccccc1,CHEMBL402548
390.42,29,4,3,4,3,97.86,4.31,4,0.0952,Cc1ccc(F)c(NC(=O)Nc2ccc(-c3cncc4c3c(N)nn4C)cc2)c1,CHEMBL402846
372.43,28,4,3,4,3,97.86,4.17,4,0.0952,Cc1cccc(NC(=O)Nc2ccc(-c3cncc4c3c(N)nn4C)cc2)c1,CHEMBL404367
459.41,33,4,4,6,3,117.32,4.8,3,0.1429,Nc1ncnc2c1N=C(c1ccc(NC(=O)Nc3cc(C(F)(F)F)ccc3F)cc1)CCN2,CHEMBL411903
465.35,32,4,3,7,7,115.2,4.94,4,0.1364,Cc1cnc(-c2cnc(NCCNc3ccc(C#N)cn3)nc2-c2ccc(Cl)cc2Cl)[nH]1,CHEMBL412142
360.37,26,3,2,5,6,86.8,2.58,3,0.2941,CN(C)CCCC(=O)Nc1n[nH]c2nnc(-c3cccc(F)c3F)cc12,CHEMBL41783
401.85,28,4,3,6,2,94.14,3.3,3,0.2857,CN1CCC(c2c(O)cc(O)c3c(=O)cc(-c4ccccc4Cl)oc23)C(O)C1,CHEMBL422897
374.42,26,2,2,7,6,135.17,1.27,2,0.2353,CCOc1nc(C(=O)NCc2ccc(S(C)(=O)=O)cc2)cc(N)c1C#N,CHEMBL424872
468.95,33,4,3,8,7,100.64,3.82,3,0.2609,CNC(=O)c1ccccc1Nc1nc(Nc2ccc(N3CCOCC3)cc2OC)ncc1Cl,CHEMBL458997
518.55,38,5,4,8,8,141.5,3.14,4,0.2308,COc1cc2c(cc1Nc1nc(Nc3cccc(F)c3C(N)=O)c3cc[nH]c3n1)N(C(=O)CN(C)C)CC2,CHEMBL461876
282.66,19,3,1,3,1,68.0,2.25,3,0.1667,CCn1c2cc(Cl)c(F)cc2c(=O)c2c(=O)o[nH]c21,CHEMBL468280
478.45,33,4,1,6,7,82.81,5.4,4,0.1818,COc1cc2ncn(-c3cc(OCc4ccccc4C(F)(F)F)c(C(=O)O)s3)c2cc1OC,CHEMBL474432
417.41,29,4,1,4,5,70.14,4.78,4,0.1,NC(=O)c1sc(-n2cnc3ccccc32)cc1OCc1ccccc1C(F)(F)F,CHEMBL481491
430.95,28,4,3,7,6,91.83,5.1,4,0.1111,O=C(Nc1cccc(Cl)c1)Nc1ncc(CCNc2ncnc3ccsc23)s1,CHEMBL482767
368.47,26,4,2,8,4,89.19,3.07,3,0.2778,Cc1nc(N)sc1-c1ccnc(Nc2ccc(N3CCOCC3)cc2)n1,CHEMBL482967
518.93,37,5,2,7,6,105.93,5.75,4,0.1111,COc1cc(Nc2ncc3c(n2)-c2ccc(Cl)cc2C(c2c(F)cccc2OC)=NC3)ccc1C(=O)O,CHEMBL483158
457.58,34,4,1,4,7,91.02,5.5,3,0.4074,CCCCn1c(NC(=O)c2ccc(C#N)cc2)nc2cc(N(C)C(=O)C3CCCCC3)ccc21,CHEMBL484390
280.31,21,3,2,4,4,49.84,4.1,3,0.0,Fc1cnc(Nc2ccccc2)nc1Nc1ccccc1,CHEMBL491758
437.22,23,4,1,6,3,81.01,4.04,4,0.0,O=c1nc(-c2cc3c(Oc4ccc(I)cc4)cncc3s2)[nH]o1,CHEMBL497151
230.3,16,3,1,5,0,64.69,2.44,3,0.1818,Cc1cc(C)c2c(n1)sc1c(N)ncnc12,CHEMBL504950
438.5,33,5,3,5,4,115.16,4.33,5,0.0833,Cc1cccc(NC(=O)Nc2ccc(-c3cnc4c(-c5cnn(C)c5)cnn4c3N)cc2)c1,CHEMBL508928
293.28,22,4,2,3,1,88.03,3.24,3,0.0625,O=C1Cc2c([nH]c3ccc([N+](=O)[O-])cc23)-c2ccccc2N1,CHEMBL50894
477.46,33,4,1,6,7,88.6,4.8,4,0.1818,COc1cc2ncn(-c3cc(OCc4ccccc4C(F)(F)F)c(C(N)=O)s3)c2cc1OC,CHEMBL514499
415.5,31,4,1,4,4,91.02,4.24,3,0.3333,CN(C(=O)C1CCCCC1)c1ccc2c(c1)nc(NC(=O)c1ccc(C#N)cc1)n2C,CHEMBL519697
275.29,20,3,3,4,3,96.69,1.24,2,0.3077,Nc1nccc(-c2cc3c([nH]2)C(CCF)CNC3=O)n1,CHEMBL524266
288.31,22,4,2,3,2,74.43,2.98,4,0.0,O=c1nc(-c2ccc3[nH]ncc3c2)cc(-c2ccccc2)[nH]1,CHEMBL526133
281.31,21,4,1,2,2,57.58,1.9,3,0.25,O=C1CCCN1Cc1ccc2c(c1)[nH]c(=O)c1cccn12,CHEMBL539474
333.31,25,3,3,5,3,128.0,2.84,3,0.0,N#Cc1cnc(NC(=O)Nc2ccc3cc(C(=O)O)ccc3c2)cn1,CHEMBL560813
460.59,34,5,2,7,4,91.21,2.57,3,0.44,CNC(=O)c1nn(C)c2c1C(C)(C)Cc1cnc(Nc3ccc(N4CCN(C)CC4)cc3)nc1-2,CHEMBL564829
438.49,33,6,2,6,3,94.22,2.43,4,0.2,CN1CCN(c2nc(C3=C(c4c[nH]c5ccccc45)C(=O)NC3=O)c3ccccc3n2)CC1,CHEMBL565612
271.13,16,3,1,3,0,45.75,3.44,3,0.0,O=c1nc[nH]c2c1sc1c(Cl)ccc(Cl)c12,CHEMBL583144
439.55,32,6,3,6,5,111.43,4.79,6,0.125,NCCCn1cc(-c2cc(-c3cc4ccccc4s3)c3[nH]ncc3c2)c2nc(N)ncc21,CHEMBL592030
376.41,27,3,2,3,2,78.09,3.56,2,0.4211,CC(C)(C)C(=O)N1Cc2c(NC(=O)c3cc(F)cc(F)c3)n[nH]c2C1(C)C,CHEMBL604712
220.23,17,4,1,2,0,45.75,2.77,3,0.0,O=C1c2ccccc2-c2n[nH]c3cccc1c23,CHEMBL7064
353.4,26,4,1,5,4,64.86,3.08,3,0.3158,COc1nccc(-c2c(-c3ccc(F)cc3)ncn2C2CCNCC2)n1,CHEMBL95692
319.37,24,5,2,5,2,98.3,3.07,4,0.2941,Nc1ncnc2c1c(-c1cnc3[nH]ccc3c1)nn2C1CCCC1,CHEMBL1081312
269.31,20,3,2,5,2,89.85,2.36,3,0.2143,CC(C)n1nc(-c2cccc(O)c2)c2c(N)ncnc21,CHEMBL1230790
325.37,24,4,1,6,4,88.08,2.82,3,0.3529,COc1ccc(-c2nn(C3CCC3)c3ncnc(N)c23)cc1OC,CHEMBL1233881
304.36,23,4,1,5,2,82.51,3.2,4,0.1765,CC(C)n1nc(-c2ccc3ncccc3c2)c2c(N)ncnc21,CHEMBL1233882
275.31,21,4,1,4,1,69.62,2.77,4,0.0625,Cn1nc(-c2ccc3ccccc3c2)c2c(N)ncnc21,CHEMBL1234815
318.77,22,3,3,6,3,115.87,1.95,3,0.2143,CC(CN)n1nc(-c2ccc(Cl)c(O)c2)c2c(N)ncnc21,CHEMBL1240544
292.35,22,3,1,5,3,93.41,2.72,3,0.25,CC(C)n1nc(-c2ccc(CC#N)cc2)c2c(N)ncnc21,CHEMBL1240545
339.4,25,4,1,6,4,88.08,3.21,3,0.3889,COc1ccc(-c2nn(C3CCCC3)c3ncnc(N)c23)cc1OC,CHEMBL1240553
353.43,26,4,1,6,5,88.08,3.6,3,0.4211,CCOc1ccc(-c2nn(C3CCCC3)c3ncnc(N)c23)cc1OC,CHEMBL1240554
265.28,20,4,2,5,1,98.3,1.49,4,0.0769,Cn1nc(-c2cnc3[nH]ccc3c2)c2c(N)ncnc21,CHEMBL1240565
264.29,20,4,2,4,1,85.41,2.09,4,0.0714,Cn1nc(-c2ccc3cc[nH]c3c2)c2c(N)ncnc21,CHEMBL1240566
269.31,20,3,2,6,1,84.14,1.2,1,0.2143,CC(C)N1NC(=C2C=CC(=O)C=C2)c2c(N)ncnc21,CHEMBL1241241
241.25,18,3,3,5,1,100.71,1.62,3,0.0833,Cc1ccc(-c2[nH]nc3ncnc(N)c23)cc1O,CHEMBL1241270
255.28,19,3,2,5,1,89.85,1.63,3,0.1538,Cc1ccc(-c2nn(C)c3ncnc(N)c23)cc1O,CHEMBL1241271
320.15,19,3,2,5,1,89.85,2.08,3,0.0833,Cn1nc(-c2ccc(Br)c(O)c2)c2c(N)ncnc21,CHEMBL1241299
257.25,19,3,3,6,2,109.94,1.32,3,0.0833,COc1ccc(-c2[nH]nc3ncnc(N)c23)cc1O,CHEMBL1241300
271.28,20,3,2,6,2,99.08,1.33,3,0.1538,COc1ccc(-c2nn(C)c3ncnc(N)c23)cc1O,CHEMBL1241301
254.3,19,3,1,5,2,82.51,2.05,3,0.2308,CC(C)n1nc(-c2cccnc2)c2c(N)ncnc21,CHEMBL1241390
255.28,19,3,1,6,2,95.4,1.45,3,0.25,CC(C)n1nc(-c2cncnc2)c2c(N)ncnc21,CHEMBL1241391
271.28,20,3,1,6,3,99.83,2.06,3,0.2308,CC(C)n1nc(-c2cc(C=O)co2)c2c(N)ncnc21,CHEMBL1241439
398.47,29,3,2,7,4,117.18,4.01,3,0.4,COc1cc(-c2nn(C(C)C)c3ncnc(N)c23)ccc1NC(=O)OC(C)(C)C,CHEMBL1241481
402.39,30,5,2,7,4,115.88,3.62,5,0.0476,Nc1ncnc2c1c(-c1ccc(F)c(O)c1)nn2Cc1ocnc1-c1ccccc1,CHEMBL1241482
301.32,22,3,1,5,3,78.85,2.8,3,0.2667,COc1cc(-c2nn(C(C)C)c3ncnc(N)c23)ccc1F,CHEMBL1241483
303.75,21,3,2,5,2,89.85,3.02,3,0.2143,CC(C)n1nc(-c2ccc(Cl)c(O)c2)c2c(N)ncnc21,CHEMBL1241484
298.35,22,3,2,6,3,104.87,2.25,3,0.2667,COc1cc(-c2nn(C(C)C)c3ncnc(N)c23)ccc1N,CHEMBL1241485
356.43,26,3,3,7,6,111.11,2.46,3,0.3889,COc1cc(-c2nn(C(C)C)c3ncnc(N)c23)ccc1NC(C)CO,CHEMBL1241486
310.36,23,4,3,6,2,115.87,2.48,3,0.3125,Nc1ccc(-c2nn(C3CCCC3)c3ncnc(N)c23)cc1O,CHEMBL1241487
293.33,22,4,1,5,2,82.76,3.4,4,0.1875,CC(C)n1nc(-c2ccc3occc3c2)c2c(N)ncnc21,CHEMBL1241490
319.37,24,5,1,5,2,82.76,3.94,4,0.2778,Nc1ncnc2c1c(-c1ccc3occc3c1)nn2C1CCCC1,CHEMBL1241491
295.31,22,4,1,7,2,108.54,2.19,4,0.2143,CC(C)n1nc(-c2ccc3nonc3c2)c2c(N)ncnc21,CHEMBL1241492
348.2,21,3,2,5,2,89.85,3.12,3,0.2143,CC(C)n1nc(-c2ccc(Br)c(O)c2)c2c(N)ncnc21,CHEMBL1241578
318.77,22,3,3,6,3,115.87,1.95,3,0.2143,CC(CN)n1nc(-c2ccc(Cl)c(O)c2)c2c(N)ncnc21,CHEMBL1241579
315.76,22,4,2,5,2,89.85,3.16,3,0.2667,Nc1ncnc2c1c(-c1ccc(Cl)c(O)c1)nn2C1CCC1,CHEMBL1241580
324.39,24,4,2,6,3,104.87,2.78,3,0.3529,COc1cc(-c2nn(C3CCCC3)c3ncnc(N)c23)ccc1N,CHEMBL1241581
283.33,21,3,2,5,3,89.85,2.15,3,0.2667,CC(C)n1nc(-c2cccc(CO)c2)c2c(N)ncnc21,CHEMBL1241582
292.35,22,3,1,5,3,93.41,2.72,3,0.25,CC(C)n1nc(-c2cccc(CC#N)c2)c2c(N)ncnc21,CHEMBL1241583
309.33,23,4,3,5,2,118.27,1.83,4,0.2,CC(C)n1nc(-c2ccc3[nH]c(=O)[nH]c3c2)c2c(N)ncnc21,CHEMBL1241586
295.35,22,4,1,5,2,78.85,2.59,3,0.3125,CC(C)n1nc(-c2ccc3c(c2)CCO3)c2c(N)ncnc21,CHEMBL1241587
311.34,23,4,1,6,2,88.08,2.43,3,0.3125,CC(C)n1nc(-c2ccc3c(c2)OCCO3)c2c(N)ncnc21,CHEMBL1241588
319.37,24,5,1,5,2,86.92,2.84,4,0.2941,Nc1ncnc2c1c(-c1ccn3ccnc3c1)nn2C1CCCC1,CHEMBL1241675
329.79,23,4,2,5,2,89.85,3.55,3,0.3125,Nc1ncnc2c1c(-c1ccc(Cl)c(O)c1)nn2C1CCCC1,CHEMBL1241676
330.78,23,4,3,6,2,101.88,1.97,3,0.2667,Nc1ncnc2c1c(-c1ccc(Cl)c(O)c1)nn2C1CCNC1,CHEMBL1241677
331.76,23,4,2,6,2,99.08,2.4,3,0.2667,Nc1ncnc2c1c(-c1ccc(Cl)c(O)c1)nn2C1CCOC1,CHEMBL1241678
278.32,21,3,1,5,2,93.41,2.53,3,0.2,CC(C)n1nc(-c2cccc(C#N)c2)c2c(N)ncnc21,CHEMBL1241679
296.31,22,3,1,5,2,93.41,2.67,3,0.2,CC(C)n1nc(-c2ccc(F)c(C#N)c2)c2c(N)ncnc21,CHEMBL1241680
330.4,25,5,1,5,2,82.51,3.74,4,0.2632,Nc1ncnc2c1c(-c1ccc3ncccc3c1)nn2C1CCCC1,CHEMBL1241681
318.38,24,4,1,5,2,82.51,3.51,4,0.2222,Cc1ccc2cc(-c3nn(C(C)C)c4ncnc(N)c34)ccc2n1,CHEMBL1241682
338.8,24,4,1,5,2,82.51,3.86,4,0.1765,CC(C)n1nc(-c2ccc3nc(Cl)ccc3c2)c2c(N)ncnc21,CHEMBL1241683
337.41,24,4,1,6,3,86.69,3.68,4,0.1765,CC(C)n1nc(-c2cc3cc(C=O)ccc3s2)c2c(N)ncnc21,CHEMBL1241684
489.54,37,6,2,7,4,124.74,4.15,6,0.1071,Cc1ccccc1-n1c(Cn2nc(-c3cccc(O)c3)c3c(N)ncnc32)nc2cccc(C)c2c1=O,CHEMBL1241767
331.76,23,4,2,6,2,99.08,2.4,3,0.2667,Nc1ncnc2c1c(-c1ccc(Cl)c(O)c1)nn2C1CCOC1,CHEMBL1241768
344.81,24,4,3,6,3,101.88,2.19,3,0.3125,Nc1ncnc2c1c(-c1ccc(Cl)c(O)c1)nn2CC1CCCN1,CHEMBL1241769
344.81,24,4,3,6,3,101.88,2.04,3,0.3125,Nc1ncnc2c1c(-c1ccc(Cl)c(O)c1)nn2CC1CCNC1,CHEMBL1241770
296.31,22,3,1,5,2,93.41,2.67,3,0.2,CC(C)n1nc(-c2ccc(C#N)c(F)c2)c2c(N)ncnc21,CHEMBL1241771
279.31,21,3,1,6,2,106.3,1.92,3,0.2143,CC(C)n1nc(-c2ccc(C#N)nc2)c2c(N)ncnc21,CHEMBL1241772
295.35,22,3,1,5,3,86.69,2.86,3,0.25,CC(=O)c1ccc(-c2nn(C(C)C)c3ncnc(N)c23)cc1,CHEMBL1241773
305.35,23,4,1,6,2,95.4,2.6,4,0.1875,CC(C)n1nc(-c2ccc3nccnc3c2)c2c(N)ncnc21,CHEMBL1241774
306.33,23,4,1,7,2,108.29,1.99,4,0.2,CC(C)n1nc(-c2cnc3nccnc3c2)c2c(N)ncnc21,CHEMBL1241775
321.34,24,4,2,6,2,115.37,1.89,4,0.1875,CC(C)n1nc(-c2ccc3[nH]cnc(=O)c3c2)c2c(N)ncnc21,CHEMBL1241776
358.83,25,4,3,6,3,101.88,2.43,3,0.3529,Nc1ncnc2c1c(-c1ccc(Cl)c(O)c1)nn2CC1CCCNC1,CHEMBL1241858
358.83,25,4,3,6,3,101.88,2.43,3,0.3529,Nc1ncnc2c1c(-c1ccc(Cl)c(O)c1)nn2CC1CCNCC1,CHEMBL1241859
299.31,22,3,1,5,3,86.69,2.61,3,0.2,CC(C)n1nc(-c2ccc(C=O)c(F)c2)c2c(N)ncnc21,CHEMBL1241860
317.3,23,3,1,5,3,86.69,2.75,3,0.2,CC(C)n1nc(-c2cc(F)c(C=O)c(F)c2)c2c(N)ncnc21,CHEMBL1241861
330.78,23,3,2,5,3,112.71,2.41,3,0.2,CC(C)n1nc(-c2ccc(C(N)=O)c(Cl)c2)c2c(N)ncnc21,CHEMBL1241862
320.36,24,4,2,5,2,102.48,2.5,4,0.1765,CC(C)n1nc(-c2ccc3[nH]c(=O)ccc3c2)c2c(N)ncnc21,CHEMBL1241863
346.39,26,5,2,5,2,102.48,3.03,4,0.2632,Nc1ncnc2c1c(-c1ccc3[nH]c(=O)ccc3c1)nn2C1CCCC1,CHEMBL1241864
372.86,26,4,3,6,4,101.88,2.82,3,0.3889,Nc1ncnc2c1c(-c1ccc(Cl)c(O)c1)nn2CCC1CCCNC1,CHEMBL1241943
294.32,22,3,2,6,2,113.64,2.23,3,0.2,CC(C)n1nc(-c2ccc(C#N)c(O)c2)c2c(N)ncnc21,CHEMBL1241944
287.3,21,3,2,6,1,84.14,1.5,1,0.2143,CC(C)N1NC(=C2C=CC(=O)C(F)=C2)c2c(N)ncnc21,CHEMBL1241945
295.35,22,3,1,5,3,86.69,2.86,3,0.25,CC(=O)c1cccc(-c2nn(C(C)C)c3ncnc(N)c23)c1,CHEMBL1241946
301.38,21,3,1,6,3,86.69,2.84,3,0.2857,Cc1cc(-c2nn(C(C)C)c3ncnc(N)c23)sc1C=O,CHEMBL1241947
346.42,24,3,2,6,4,115.79,2.03,3,0.2667,CC(C)n1nc(-c2cccc(NS(C)(=O)=O)c2)c2c(N)ncnc21,CHEMBL1241948
319.37,24,4,2,6,2,108.53,2.79,4,0.1765,CC(C)n1nc(-c2ccc3nc(N)ccc3c2)c2c(N)ncnc21,CHEMBL1241949
334.39,25,4,3,7,3,120.56,2.49,4,0.1765,CC(C)n1nc(-c2ccc3nc(NN)ccc3c2)c2c(N)ncnc21,CHEMBL1241950
283.34,21,3,2,6,1,84.14,1.59,1,0.2667,CC1=CC(=O)C=CC1=C1NN(C(C)C)c2ncnc(N)c21,CHEMBL1242024
331.38,25,4,2,5,4,89.71,3.49,4,0.1053,Cc1ccc(-c2[nH]nc3ncnc(N)c23)cc1OCc1ccccc1,CHEMBL1242025
283.34,21,3,2,5,2,89.85,2.67,3,0.2667,Cc1ccc(-c2nn(C(C)C)c3ncnc(N)c23)cc1O,CHEMBL1242026
305.29,22,3,2,6,1,84.14,1.79,1,0.2143,CC(C)N1NC(=C2C=C(F)C(=O)C=C2F)c2c(N)ncnc21,CHEMBL1242028
283.34,21,3,1,5,3,78.85,2.67,3,0.2667,COc1cccc(-c2nn(C(C)C)c3ncnc(N)c23)c1,CHEMBL1242029
346.42,24,3,2,6,4,115.79,2.03,3,0.2667,CC(C)n1nc(-c2ccc(NS(C)(=O)=O)cc2)c2c(N)ncnc21,CHEMBL1242030
332.39,23,3,2,6,3,129.78,1.3,3,0.2143,CC(C)n1nc(-c2cccc(S(N)(=O)=O)c2)c2c(N)ncnc21,CHEMBL1242031
332.39,23,3,2,6,3,129.78,1.3,3,0.2143,CC(C)n1nc(-c2ccc(S(N)(=O)=O)cc2)c2c(N)ncnc21,CHEMBL1242032
419.49,31,4,2,7,3,120.84,4.55,4,0.3182,CC(C)n1nc(-c2ccc3nccc(NC(=O)OC(C)(C)C)c3c2)c2c(N)ncnc21,CHEMBL1242033
319.37,24,4,2,6,2,108.53,2.79,4,0.1765,CC(C)n1nc(-c2ccc3nccc(N)c3c2)c2c(N)ncnc21,CHEMBL1242034
297.36,22,3,2,5,3,89.85,3.06,3,0.3125,CCC(C)n1nc(-c2ccc(C)c(O)c2)c2c(N)ncnc21,CHEMBL1242109
287.3,21,3,2,5,2,89.85,2.5,3,0.2143,CC(C)n1nc(-c2cccc(O)c2F)c2c(N)ncnc21,CHEMBL1242110
313.34,23,4,2,5,2,89.85,3.04,3,0.3125,Nc1ncnc2c1c(-c1cccc(O)c1F)nn2C1CCCC1,CHEMBL1242111
299.33,22,3,2,7,2,93.37,1.17,1,0.2667,COC1=CC(=C2NN(C(C)C)c3ncnc(N)c32)C=CC1=O,CHEMBL1242112
285.31,21,3,2,6,3,99.08,1.81,3,0.2143,CCn1nc(-c2ccc(OC)c(O)c2)c2c(N)ncnc21,CHEMBL1242113
299.33,22,3,2,6,3,99.08,2.37,3,0.2667,COc1ccc(-c2nn(C(C)C)c3ncnc(N)c23)cc1O,CHEMBL1242114
381.47,27,4,2,7,3,111.08,2.49,3,0.2778,CC(C)n1nc(-c2cccc(C(=O)NC3=NCCS3)c2)c2c(N)ncnc21,CHEMBL1242115
293.29,22,4,1,6,1,99.83,1.72,4,0.0667,Cn1nc(-c2ccc3occc(=O)c3c2)c2c(N)ncnc21,CHEMBL1242117
321.34,24,4,1,6,2,99.83,2.76,4,0.1765,CC(C)n1nc(-c2ccc3occc(=O)c3c2)c2c(N)ncnc21,CHEMBL1242118
347.38,26,5,1,6,2,99.83,3.3,4,0.2632,Nc1ncnc2c1c(-c1ccc3occc(=O)c3c1)nn2C1CCCC1,CHEMBL1242119
287.3,21,3,2,5,2,89.85,2.5,3,0.2143,CC(C)n1nc(-c2cc(O)cc(F)c2)c2c(N)ncnc21,CHEMBL1242198
313.34,23,4,2,5,2,89.85,3.04,3,0.3125,Nc1ncnc2c1c(-c1cc(O)cc(F)c1)nn2C1CCCC1,CHEMBL1242199
362.23,22,3,1,5,3,78.85,3.43,3,0.2667,COc1cc(Br)cc(-c2nn(C(C)C)c3ncnc(N)c23)c1,CHEMBL1242200
325.37,24,4,2,6,3,99.08,2.9,3,0.3529,COc1ccc(-c2nn(C3CCCC3)c3ncnc(N)c23)cc1O,CHEMBL1242201
339.4,25,4,2,6,3,99.08,3.15,3,0.3889,COc1ccc(-c2nn(C3CCC(C)C3)c3ncnc(N)c23)cc1O,CHEMBL1242202
312.33,23,4,3,7,3,111.11,0.93,3,0.2667,COc1ccc(-c2nn(C3CNC3)c3ncnc(N)c23)cc1O,CHEMBL1242203
304.36,23,4,1,5,2,82.51,3.2,4,0.1765,CC(C)n1nc(-c2ccc3cnccc3c2)c2c(N)ncnc21,CHEMBL1242207
304.36,23,4,1,5,2,82.51,3.2,4,0.1765,CC(C)n1nc(-c2ccc3ccncc3c2)c2c(N)ncnc21,CHEMBL1242208
318.38,24,4,1,5,2,82.51,3.51,4,0.2222,Cc1ccc2ccc(-c3nn(C(C)C)c4ncnc(N)c34)cc2n1,CHEMBL1242209
348.2,21,3,2,5,2,89.85,3.12,3,0.2143,CC(C)n1nc(-c2cc(O)cc(Br)c2)c2c(N)ncnc21,CHEMBL1242285
392.26,24,3,1,6,5,88.08,3.4,3,0.3125,COCOc1cc(-c2nn(C(C)C)c3ncnc(N)c23)ccc1Br,CHEMBL1242286
360.22,22,4,2,5,2,89.85,3.27,3,0.2667,Nc1ncnc2c1c(-c1ccc(Br)c(O)c1)nn2C1CCC1,CHEMBL1242287
326.36,24,4,3,7,3,111.11,1.32,3,0.3125,COc1ccc(-c2nn(C3CCNC3)c3ncnc(N)c23)cc1O,CHEMBL1242288
339.4,25,4,2,6,4,99.08,3.29,3,0.3889,CCOc1ccc(-c2nn(C3CCCC3)c3ncnc(N)c23)cc1O,CHEMBL1242289
313.36,23,3,1,6,4,88.08,2.67,3,0.3125,COc1ccc(-c2nn(C(C)C)c3ncnc(N)c23)cc1OC,CHEMBL1242290
293.33,22,4,2,5,2,98.3,2.53,4,0.2,CC(C)n1nc(-c2cnc3[nH]ccc3c2)c2c(N)ncnc21,CHEMBL1242293
292.35,22,4,2,4,2,85.41,3.14,4,0.1875,CC(C)n1nc(-c2ccc3[nH]ccc3c2)c2c(N)ncnc21,CHEMBL1242294
318.38,24,5,2,4,2,85.41,3.67,4,0.2778,Nc1ncnc2c1c(-c1ccc3[nH]ccc3c1)nn2C1CCCC1,CHEMBL1242295
374.24,23,4,2,5,2,89.85,3.66,3,0.3125,Nc1ncnc2c1c(-c1ccc(Br)c(O)c1)nn2C1CCCC1,CHEMBL1242376
287.3,21,3,2,5,2,89.85,2.5,3,0.2143,CC(C)n1nc(-c2ccc(F)c(O)c2)c2c(N)ncnc21,CHEMBL1242377
302.31,22,3,3,6,3,115.87,1.44,3,0.2143,CC(CN)n1nc(-c2ccc(F)c(O)c2)c2c(N)ncnc21,CHEMBL1242378
327.39,24,3,1,6,3,88.08,2.85,3,0.3529,COc1ccc(-c2nn(C(C)(C)C)c3ncnc(N)c23)cc1OC,CHEMBL1242379
343.39,25,3,2,7,6,108.31,1.72,3,0.3529,COc1ccc(-c2nn(CC(C)CO)c3ncnc(N)c23)cc1OC,CHEMBL1242380
343.39,25,3,2,7,6,108.31,1.72,3,0.3529,COc1ccc(-c2nn(CC(C)CO)c3ncnc(N)c23)cc1OC,CHEMBL1242381
306.37,23,4,1,4,2,74.55,3.15,4,0.2353,CC(C)n1nc(-c2ccc3c(ccn3C)c2)c2c(N)ncnc21,CHEMBL1242384
332.41,25,5,1,4,2,74.55,3.68,4,0.3158,Cn1ccc2cc(-c3nn(C4CCCC4)c4ncnc(N)c34)ccc21,CHEMBL1242385
293.33,22,4,2,5,2,98.3,2.53,4,0.2,CC(C)n1nc(-c2ccc3[nH]ncc3c2)c2c(N)ncnc21,CHEMBL1242386
302.31,22,3,3,6,3,115.87,1.44,3,0.2143,CC(CN)n1nc(-c2ccc(F)c(O)c2)c2c(N)ncnc21,CHEMBL1242468
312.31,23,3,2,6,4,113.64,2.22,3,0.2,N#CCCCn1nc(-c2ccc(F)c(O)c2)c2c(N)ncnc21,CHEMBL1242469
326.34,24,3,2,6,5,113.64,2.61,3,0.25,N#CCCCCn1nc(-c2ccc(F)c(O)c2)c2c(N)ncnc21,CHEMBL1242470
285.31,21,3,2,6,4,98.94,2.01,3,0.2143,CCOc1ccc(-c2[nH]nc3ncnc(N)c23)cc1OC,CHEMBL1242471
327.39,24,3,1,6,5,88.08,3.06,3,0.3529,CCOc1ccc(-c2nn(C(C)C)c3ncnc(N)c23)cc1OC,CHEMBL1242472
319.37,24,5,2,5,2,98.3,3.07,4,0.2941,Nc1ncnc2c1c(-c1ccc3[nH]ncc3c1)nn2C1CCCC1,CHEMBL1242475
308.35,23,4,3,6,2,124.32,2.11,4,0.2,CC(C)n1nc(-c2ccc3c(N)n[nH]c3c2)c2c(N)ncnc21,CHEMBL1242476
293.33,22,4,2,5,2,98.3,2.53,4,0.2,CC(C)n1nc(-c2ccc3cn[nH]c3c2)c2c(N)ncnc21,CHEMBL1242477
299.31,22,4,2,5,2,89.85,2.65,3,0.2667,Nc1ncnc2c1c(-c1ccc(F)c(O)c1)nn2C1CCC1,CHEMBL1242566
300.3,22,4,3,6,2,101.88,1.06,3,0.2143,Nc1ncnc2c1c(-c1ccc(F)c(O)c1)nn2C1CNC1,CHEMBL1242567
313.34,23,4,2,5,2,89.85,3.04,3,0.3125,Nc1ncnc2c1c(-c1ccc(F)c(O)c1)nn2C1CCCC1,CHEMBL1242568
325.37,24,3,1,6,6,88.08,2.67,3,0.2353,C=CCn1nc(-c2ccc(OCC)c(OC)c2)c2c(N)ncnc21,CHEMBL1242569
319.37,24,5,2,5,2,98.3,3.07,4,0.2941,Nc1ncnc2c1c(-c1ccc3cn[nH]c3c1)nn2C1CCCC1,CHEMBL1242572
311.32,23,4,2,5,2,98.3,2.67,4,0.2,CC(C)n1nc(-c2cc(F)c3cn[nH]c3c2)c2c(N)ncnc21,CHEMBL1242573
292.35,22,4,2,4,2,85.41,3.14,4,0.1875,CC(C)n1nc(-c2ccc3cc[nH]c3c2)c2c(N)ncnc21,CHEMBL1242574
327.36,24,4,2,5,2,89.85,3.28,3,0.3529,CC1CCC(n2nc(-c3ccc(F)c(O)c3)c3c(N)ncnc32)C1,CHEMBL1242656
314.32,23,4,3,6,2,101.88,1.45,3,0.2667,Nc1ncnc2c1c(-c1ccc(F)c(O)c1)nn2C1CCNC1,CHEMBL1242657
314.32,23,4,3,6,2,101.88,1.45,3,0.2667,Nc1ncnc2c1c(-c1ccc(F)c(O)c1)nn2C1CCNC1,CHEMBL1242658
367.45,27,4,1,6,5,88.08,3.99,3,0.45,CCOc1ccc(-c2nn(C3CCCCC3)c3ncnc(N)c23)cc1OC,CHEMBL1242659
343.39,25,3,1,7,5,97.31,2.68,3,0.3529,COc1cc(-c2nn(C(C)C)c3ncnc(N)c23)cc(OC)c1OC,CHEMBL1242660
319.37,24,4,1,5,3,78.85,3.16,4,0.1667,CCOc1ccc2cc(-c3nn(C)c4ncnc(N)c34)ccc2c1,CHEMBL1242661
319.37,24,4,2,6,1,84.14,0.32,2,0.1667,CC(C)N1NC(=c2ccc3c(c2)C=CC(=O)C=3)c2c(N)ncnc21,CHEMBL1242662
338.8,24,4,1,5,2,82.51,3.86,4,0.1765,CC(C)n1nc(-c2cc3ccccc3nc2Cl)c2c(N)ncnc21,CHEMBL1242663
318.38,24,5,2,4,2,85.41,3.67,4,0.2778,Nc1ncnc2c1c(-c1ccc3cc[nH]c3c1)nn2C1CCCC1,CHEMBL1242664
293.33,22,4,1,5,2,86.92,2.3,4,0.2,CC(C)n1nc(-c2ccn3ccnc3c2)c2c(N)ncnc21,CHEMBL1242665
320.36,24,4,2,5,3,102.48,2.95,4,0.1765,CC(C)n1nc(-c2ccc3c(C=O)c[nH]c3c2)c2c(N)ncnc21,CHEMBL1242666
315.31,23,4,2,6,2,99.08,1.88,3,0.2667,Nc1ncnc2c1c(-c1ccc(F)c(O)c1)nn2C1CCOC1,CHEMBL1242748
315.31,23,4,2,6,2,99.08,1.88,3,0.2667,Nc1ncnc2c1c(-c1ccc(F)c(O)c1)nn2C1CCOC1,CHEMBL1242749
341.39,25,4,2,5,2,89.85,3.82,3,0.3889,Nc1ncnc2c1c(-c1ccc(F)c(O)c1)nn2C1CCCCCC1,CHEMBL1242750
313.36,23,3,1,6,4,88.08,2.67,3,0.3125,COc1cccc(-c2nn(C(C)C)c3ncnc(N)c23)c1OC,CHEMBL1242751
327.39,24,3,1,6,5,88.08,3.06,3,0.3529,CCOc1cc(-c2nn(C(C)C)c3ncnc(N)c23)ccc1OC,CHEMBL1242752
329.36,24,3,2,7,6,108.31,1.48,3,0.3125,CCOc1cc(-c2nn(CCO)c3ncnc(N)c23)ccc1OC,CHEMBL1242753
304.36,23,4,1,5,2,82.51,3.2,4,0.1765,CC(C)n1nc(-c2cnc3ccccc3c2)c2c(N)ncnc21,CHEMBL1242754
330.4,25,5,1,5,2,82.51,3.74,4,0.2632,Nc1ncnc2c1c(-c1cnc3ccccc3c1)nn2C1CCCC1,CHEMBL1242755
276.3,21,4,1,5,1,82.51,2.16,4,0.0667,Cn1nc(-c2ccc3ncccc3c2)c2c(N)ncnc21,CHEMBL1242756
292.35,22,4,2,4,2,85.41,3.14,4,0.1875,CC(C)n1nc(-c2cccc3[nH]ccc23)c2c(N)ncnc21,CHEMBL1242757
318.38,24,5,2,4,2,85.41,3.67,4,0.2778,Nc1ncnc2c1c(-c1cccc3[nH]ccc13)nn2C1CCCC1,CHEMBL1242758
342.38,25,4,3,6,3,101.88,1.92,3,0.3529,Nc1ncnc2c1c(-c1ccc(F)c(O)c1)nn2CC1CCNCC1,CHEMBL1242844
416.42,31,5,2,7,4,120.56,2.86,5,0.0952,Cc1nn(-c2ccccc2)nc1Cn1nc(-c2ccc(F)c(O)c2)c2c(N)ncnc21,CHEMBL1242845
315.34,23,3,1,8,4,113.86,1.46,3,0.3571,COc1ncc(-c2nn(C(C)C)c3ncnc(N)c23)c(OC)n1,CHEMBL1242846
283.34,21,3,1,5,3,78.85,2.67,3,0.2667,COc1ccc(-c2nn(C(C)C)c3ncnc(N)c23)cc1,CHEMBL1242847
284.32,21,3,3,6,2,115.87,1.94,3,0.2143,CC(C)n1nc(-c2ccc(N)c(O)c2)c2c(N)ncnc21,CHEMBL1242848
392.46,29,4,1,6,2,100.85,4.39,4,0.3333,CC(C)n1nc(-c2ccc3c(ccn3C(=O)OC(C)(C)C)c2)c2c(N)ncnc21,CHEMBL1242852
418.5,31,5,1,6,2,100.85,4.93,4,0.3913,CC(C)(C)OC(=O)n1ccc2cc(-c3nn(C4CCCC4)c4ncnc(N)c34)ccc21,CHEMBL1242853
560.49,38,4,2,8,8,95.09,5.35,3,0.3462,CCN1CCN(c2ccc(Nc3cc(N(C)C(=O)Nc4c(Cl)c(OC)cc(OC)c4Cl)ncn3)cc2)CC1,CHEMBL1834657
469.55,36,6,0,4,3,76.5,5.89,6,0.1333,Cn1c(=O)n(-c2ccc(C(C)(C)C#N)cc2)c2c3cc(-c4cnc5ccccc5c4)ccc3ncc21,CHEMBL1879463
363.25,24,4,2,3,0,69.85,2.96,2,0.4118,Cn1c2c(c3ccc(Cl)c(Cl)c31)C(C#N)C1(CCNCC1)NC2=O,CHEMBL1945559
451.51,32,4,3,7,7,126.97,3.75,4,0.1905,Cc1cc(NC(=O)CCNC(=O)Nc2nc(C)c(-c3ccc(-n4cccn4)cc3)s2)no1,CHEMBL1986603
346.42,24,3,2,6,3,115.27,1.45,3,0.2667,CC(C)(C)NS(=O)(=O)c1cncc(-c2ccn3nc(N)nc3c2)c1,CHEMBL2205766
546.66,39,4,2,10,8,125.84,2.14,0,0.6897,COCC1OC(=O)C(=CN(C)CCCN(C)C)C2=C(O)C(=O)C3=C(C(OC(C)=O)CC4(C)C(O)CCC34)C21C,CHEMBL410643
307.35,23,4,0,4,2,42.68,3.3,3,0.2105,O=c1cc(N2CCOCC2)oc2c(-c3ccccc3)cccc12,CHEMBL98350
255.25,19,3,2,2,2,57.78,2.95,3,0.0,O=C(Nc1ccc2[nH]ncc2c1)c1cccc(F)c1,CHEMBL1461728
210.24,16,3,2,2,0,41.13,3.0,2,0.0,O=C1Nc2ccccc2Nc2ccccc21,CHEMBL1727312
293.33,22,3,2,5,5,71.09,2.59,3,0.1176,CC(Nc1c(Nc2ccncc2)c(=O)c1=O)c1ccccc1,CHEMBL1966035
267.33,20,3,1,4,4,47.04,2.39,2,0.25,C(=Cc1cncc(OC2CCNC2)c1)c1ccncc1,CHEMBL1966087
268.35,19,3,1,4,4,54.46,3.16,3,0.0714,c1ccc(CSc2n[nH]c(-c3ccncc3)n2)cc1,CHEMBL1968926
350.39,26,3,2,3,6,62.22,3.22,3,0.1429,O=C(NC(CO)Cc1ccccc1)c1ccc(-c2ccncc2)cc1F,CHEMBL1969755
234.26,17,1,2,5,4,101.03,1.28,1,0.3636,CCCOc1nc(NC(C)=O)cc(N)c1C#N,CHEMBL1970735
323.38,23,5,1,5,1,75.94,2.57,4,0.25,O=c1nc2sc3c(c2c2nc(-c4cccnc4)[nH]n12)CCCC3,CHEMBL1970806
425.54,32,4,2,5,7,85.83,3.8,4,0.1923,Cc1cccc(-c2c(-c3ccncc3)nc(NCC(N)Cc3ccccc3)n(C)c2=O)c1,CHEMBL1971430
282.34,19,2,2,3,4,65.85,2.02,1,0.3333,CCCCNC1=NS(=O)N=C1Nc1ccc(F)cc1,CHEMBL1971694
255.32,19,2,1,4,6,61.03,2.37,2,0.2,NCCCOc1cncc(C=Cc2ccncc2)c1,CHEMBL1972258
366.47,27,3,3,5,9,99.93,2.87,3,0.35,CCN(CC)CCCNc1cccc(-c2nc3c(C(N)=O)cccc3[nH]2)n1,CHEMBL1972276
271.71,19,3,2,2,2,57.78,3.47,3,0.0,O=C(Nc1ccc2cn[nH]c2c1)c1ccc(Cl)cc1,CHEMBL1972489
294.31,22,2,3,4,4,93.35,2.32,2,0.0588,N#CC(=Cc1ccc(O)c(O)c1)C(=O)NCc1ccccc1,CHEMBL1974157
356.59,22,3,3,3,1,73.32,4.57,3,0.0,O=c1[nH]c2cc(Cl)cc(Cl)c2c(-c2cc(Cl)ccc2O)c1O,CHEMBL1974803
380.4,28,5,0,4,3,60.9,4.0,4,0.3,CC(C)c1nnc2ccc(-c3c(-c4ccc(F)cc4F)nc4n3CCC4)nn12,CHEMBL1977374
378.17,20,3,2,4,1,87.72,2.54,2,0.1429,Cc1[nH]nc2c1C(c1ccccc1I)C(C#N)=C(N)O2,CHEMBL1979318
466.54,35,8,2,4,2,69.45,4.35,5,0.3214,CNC1CC2OC(C)(C1OC)n1c3ccccc3c3c4c(c5c6ccccc6n2c5c31)C(=O)NC4,CHEMBL1980995
277.74,18,3,2,5,2,58.04,3.79,3,0.0,Oc1cccc(Nc2ncnc3scc(Cl)c23)c1,CHEMBL1982992
307.35,23,3,2,5,5,71.09,2.65,3,0.1667,Cc1ccc(CNc2c(Nc3ccncc3)c(=O)c2=O)cc1C,CHEMBL1983449
453.54,34,5,2,3,7,80.14,6.05,5,0.2143,Cc1nn(C)c(C)c1-c1cccc2c(CCCOc3cccc4ccccc34)c(C(=O)O)[nH]c12,CHEMBL1984039
285.73,20,3,2,2,3,57.78,3.4,3,0.0667,O=C(Cc1ccccc1Cl)Nc1ccc2cn[nH]c2c1,CHEMBL1987533
380.36,28,5,0,5,3,73.52,4.1,5,0.1579,CC(C)c1nnc2ccc(-c3c(-c4ccc(F)cc4F)nc4occn34)nn12,CHEMBL1988995
363.41,25,4,2,5,2,88.56,2.04,2,0.4118,CC1CSc2c(C(=O)O)c(=O)c3cc(F)c(N4CCC(N)C4)cc3n21,CHEMBL1989265
254.27,19,3,0,3,2,43.6,2.68,3,0.0714,Cn1cc(-c2ccncn2)c(-c2ccc(F)cc2)n1,CHEMBL1989474
241.29,18,2,1,4,5,61.03,1.98,2,0.1429,NCCOc1cncc(C=Cc2ccncc2)c1,CHEMBL1989518
289.3,22,4,2,4,2,83.56,2.76,4,0.0,O=C(Nc1n[nH]c2nc3ccccc3cc12)c1ccncc1,CHEMBL1990415
290.32,22,4,1,2,2,46.5,3.46,4,0.0556,COc1cccc(-c2cc3c(=O)[nH]c4ccccc4n3c2)c1,CHEMBL1991356
388.22,24,3,0,5,4,57.12,3.81,2,0.1111,COc1ccc(C=C2C(=O)ON=C2c2ccc(Br)cc2)cc1OC,CHEMBL1991434
407.41,29,4,2,7,6,126.42,3.98,4,0.0,O=C(NN=Cc1ccc(Sc2nc3ccccc3[nH]2)o1)c1cccc([N+](=O)[O-])c1,CHEMBL1992555
293.33,22,3,2,5,5,71.09,2.34,3,0.1176,Cc1ccc(CNc2c(Nc3ccncc3)c(=O)c2=O)cc1,CHEMBL1994864
235.08,13,3,1,1,0,28.68,2.74,2,0.1,Brc1ccc2c(c1)-c1[nH]ncc1C2,CHEMBL1995172
350.42,26,4,2,5,4,84.24,2.94,3,0.3,CCOC(=O)c1cccc2[nH]c(-c3ccc(N4CCC(N)C4)cc3)nc12,CHEMBL1995736
188.02,11,2,1,2,0,41.57,2.26,2,0.0,Clc1cc2n[nH]nc2cc1Cl,CHEMBL1996923
338.39,25,4,3,3,3,83.8,2.93,3,0.2632,NC(=O)c1cccc2[nH]c(-c3ccc(C4CCCNC4)cc3F)nc12,CHEMBL1997025
476.32,33,5,1,4,2,95.95,3.67,5,0.0833,Cc1[nH]n(-c2ccc(Cl)c(Cl)c2)c(=O)c1C=c1c(C)c(C#N)c2nc3ccccc3n2c1=O,CHEMBL1997349
307.35,23,4,1,3,2,58.22,2.7,3,0.2222,O=C(c1cccc(-c2cnc3[nH]ccc3c2)c1)N1CCOCC1,CHEMBL1997872
319.82,21,3,2,3,4,57.78,3.56,3,0.2,Cc1[nH]nc2sc(C(=O)NCCc3ccc(Cl)cc3)cc12,CHEMBL1998414
347.81,25,4,2,2,3,57.78,5.14,4,0.0,O=C(Nc1cnc2[nH]cc(-c3ccccc3)c2c1)c1ccc(Cl)cc1,CHEMBL1998829
342.44,26,4,1,2,4,41.99,4.64,3,0.2174,Cc1cccc(C2(c3cccc(C)c3)CC2C(=O)Nc2ccncc2)c1,CHEMBL1999496
279.34,21,3,1,3,5,50.94,2.99,3,0.1765,OCCCn1cnc(-c2ccccc2)c1-c1ccncc1,CHEMBL2002373
249.3,17,2,2,5,3,99.82,0.67,2,0.1,CSc1nn(-c2ccccn2)c(N)c1C(N)=O,CHEMBL2004615
380.39,27,4,2,9,5,137.11,1.72,4,0.0,Nc1nonc1-n1nnc(C(=O)NN=Cc2cccs2)c1-c1ccccc1,CHEMBL2004692
486.33,32,5,1,4,2,95.95,3.13,5,0.0833,Cc1[nH]n(-c2cccc(Br)c2)c(=O)c1C=c1c(C)c(C#N)c2nc3ccccc3n2c1=O,CHEMBL2005112
332.36,25,4,3,5,3,75.28,4.14,3,0.0526,COc1cccc2c1Nc1cc(Nc3ccncc3)ccc1C(=O)N2,CHEMBL2006276
282.22,20,3,0,3,0,47.28,3.33,2,0.2857,O=C1CCCc2oc3cc(C(F)(F)F)ccc3c(=O)c21,CHEMBL2006493
277.74,18,3,2,5,2,58.04,3.79,3,0.0,Oc1ccc(Nc2ncnc3scc(Cl)c23)cc1,CHEMBL2006580
451.44,34,5,2,5,3,133.25,2.06,5,0.08,Cc1[nH]n(-c2ccc(C(=O)O)cc2)c(=O)c1C=c1c(C)c(C#N)c2nc3ccccc3n2c1=O,CHEMBL2006836
421.48,31,4,3,7,7,100.26,3.46,4,0.2727,CNc1nccn2c(-c3ccnc(NCC(C)(C)CO)n3)c(-c3ccc(F)cc3)nc12,CHEMBL2007372
325.75,23,4,1,3,1,60.05,3.54,4,0.0588,Cc1nn(-c2ccccc2)c2c1c(=O)c1cc(Cl)ccc1n2O,CHEMBL379835
304.15,18,3,0,3,2,39.42,3.17,3,0.0769,COc1ccc(-c2cnc3c(Br)cnn3c2)cc1,CHEMBL443962
270.72,19,3,2,2,1,58.88,3.43,3,0.0,Nc1c(-c2ccccc2)c2cc(Cl)ccc2[nH]c1=O,CHEMBL462120
354.46,26,3,3,6,8,87.89,3.2,3,0.4211,CCC(CO)Nc1nc(NCc2ccccc2)c2ncn(C(C)C)c2n1,CHEMBL52387
275.31,21,4,3,4,3,65.1,3.24,3,0.0,C1=Nc2ccccc2C1=CNNc1nc2ccccc2[nH]1,CHEMBL535331
530.66,37,5,2,8,5,142.42,0.41,2,0.625,CNC(=O)c1nn(C)c2c1CCc1cnc(NC3CCN(C(=O)C4CCN(S(C)(=O)=O)CC4)CC3)nc1-2,CHEMBL597754
369.43,27,4,2,6,3,119.03,0.5,2,0.5,CC(=O)N1CCC(Nc2ncc3c(n2)-c2c(c(C(N)=O)nn2C)CC3)CC1,CHEMBL599224
431.5,32,5,2,6,4,119.03,1.79,3,0.3478,Cn1nc(C(N)=O)c2c1-c1nc(NC3CCN(C(=O)c4ccccc4)CC3)ncc1CC2,CHEMBL599428
409.42,30,4,4,5,6,103.59,1.65,3,0.1818,Cn1cc(C2=C(c3cccc(NCC(O)CO)c3)C(=O)NC2=O)c2cc(F)ccc21,CHEMBL1082152
519.48,38,4,0,6,7,105.86,4.73,4,0.1852,Cn1cncc1C(OCc1c(-c2ccc(OC(F)(F)F)cc2)cc(C#N)c(=O)n1C)c1ccc(C#N)cc1,CHEMBL127898
264.29,20,4,2,5,1,58.54,0.8,2,0.0667,COc1ccc2c(c1)=NC(=C1NNc3cccnc31)C=2,CHEMBL1288582
335.8,24,4,1,4,4,55.11,4.06,4,0.0556,Clc1ccc(CNc2ccc3nnc(-c4ccccc4)n3n2)cc1,CHEMBL1381197
375.35,28,4,2,9,5,150.0,1.06,4,0.0,Nc1nonc1-n1nnc(C(=O)NN=Cc2ccncc2)c1-c1ccccc1,CHEMBL1419458
213.24,16,2,2,2,2,54.02,2.73,2,0.0,O=C(Nc1ccccc1)Nc1ccccn1,CHEMBL143703
397.67,29,2,0,0,17,8.81,7.61,2,0.6667,CCCCCCCCCCCCCCCCn1cc[n+](Cc2ccccc2)c1C,CHEMBL1472492
275.32,21,4,1,3,3,59.39,2.87,4,0.0625,c1ccc(Cn2cc(-c3ccc4[nH]ncc4c3)nn2)cc1,CHEMBL1682345
275.31,21,4,1,3,3,54.71,3.81,4,0.0588,c1ccc(Cc2cc(-c3ccc4[nH]ncc4c3)on2)cc1,CHEMBL1682357
279.34,21,4,0,2,1,39.07,3.8,2,0.3333,CC(C)n1c2c(c3c1-c1ccccc1C3=O)C(=O)CCC2,CHEMBL1957190
356.43,27,4,3,3,4,83.8,4.3,4,0.0909,Cc1cccc(NC(=O)Cc2ccc(-c3cccc4[nH]nc(N)c34)cc2)c1,CHEMBL1964307
425.49,31,3,3,9,8,114.47,3.42,3,0.3636,COc1ccc(Nc2nccc(Nc3c(NC(C)C(C)(C)C)c(=O)c3=O)n2)cc1OC,CHEMBL1964399
234.26,18,3,1,3,1,65.36,2.81,3,0.0714,Cc1[nH]nc2ncc(C#N)c(-c3ccccc3)c12,CHEMBL1965495
467.62,35,6,1,5,6,69.2,5.84,4,0.3793,Nc1ncnc2c1c(-c1cccc(OCc3ccccc3)c1)cn2C1CCC(N2CCCC2)CC1,CHEMBL1965910
442.52,33,5,2,6,8,79.63,4.81,4,0.2308,CN(C)CCCOc1cc2c(c(-c3ccc(Nc4nc5ccccc5o4)cc3)c1)CNC2=O,CHEMBL1966425
400.51,29,5,2,5,6,76.82,4.79,5,0.1304,NC(COc1cncc(-c2cc3ccncc3s2)c1)Cc1c[nH]c2ccccc12,CHEMBL1966524
220.26,15,3,1,4,0,63.57,1.18,3,0.2222,Cc1nn(C)c2sc3c(=O)nc[nH]c3c12,CHEMBL1967538
289.68,20,3,3,5,1,110.0,1.54,2,0.0,NC(=O)c1cccc2c1Nc1nnc(Cl)cc1C(=O)N2,CHEMBL1968070
404.9,29,4,2,4,7,76.82,4.73,4,0.1304,NC(COc1cc(C=Cc2ccncc2)cnc1Cl)Cc1c[nH]c2ccccc12,CHEMBL1968245
246.66,17,3,2,4,0,66.91,2.44,2,0.0,O=C1Nc2ccccc2Nc2nnc(Cl)cc21,CHEMBL1968850
440.53,32,5,4,5,4,108.72,5.89,5,0.0417,Cc1cccc(NC(=O)Nc2ccc(-c3csc4c(-c5cn[nH]c5)cnc(N)c34)cc2)c1,CHEMBL1969102
210.24,16,3,1,3,1,56.21,1.98,3,0.0,Nc1nccc2cnc(-c3ccccc3)n12,CHEMBL1969156
318.38,24,4,2,3,1,70.67,3.79,4,0.2105,CC(C)(C)NC(=O)c1ccc2nc3[nH]c4ccccc4c3nc2c1,CHEMBL1969264
334.81,24,4,2,3,4,53.6,4.89,4,0.0526,Clc1cc(-c2c[nH]c3ncccc23)cc(NCc2ccccc2)n1,CHEMBL1969588
523.52,37,5,3,5,4,92.93,7.41,5,0.0385,Nc1ncc(-c2ccncc2)c2scc(-c3ccc(NC(=O)Nc4cc(C(F)(F)F)ccc4F)cc3)c12,CHEMBL1970083
458.52,33,5,3,5,4,97.86,5.73,5,0.0417,Cn1cc(-c2cnc(N)c3c(-c4ccc(NC(=O)Nc5cccc(F)c5)cc4)csc23)cn1,CHEMBL1970317
339.36,25,4,2,5,3,118.11,1.56,3,0.2941,NC(=O)C1CCCN(C(=O)c2cc(-c3ccc4[nH]ncc4c3)on2)C1,CHEMBL1970369
224.26,17,3,2,2,0,41.13,3.3,2,0.0714,Cc1ccc2c(c1)C(=O)Nc1ccccc1N2,CHEMBL1970873
621.75,46,7,2,8,6,136.43,4.48,5,0.3824,COc1cc(-c2nn(C3CCC(N4CCN(C(C)=O)CC4)CC3)c3ncnc(N)c23)ccc1NC(=O)c1cc2ccccc2n1C,CHEMBL1970879
272.3,19,3,1,3,2,55.98,3.2,3,0.0,NC(=O)c1cc2c(-c3cccc(F)c3)cncc2s1,CHEMBL1971017
212.21,16,3,2,4,0,66.91,1.79,2,0.0,O=C1Nc2ccccc2Nc2nnccc21,CHEMBL1971801
475.58,35,5,3,5,3,92.93,6.29,5,0.0357,Cc1cccc(NC(=O)Nc2ccc(-c3csc4c(C#Cc5cccnc5)cnc(N)c34)cc2)c1,CHEMBL1971947
259.29,18,4,1,4,1,63.3,2.03,3,0.1667,O=c1c2c(nc3cc(-c4ccco4)[nH]n13)CSC2,CHEMBL1972152
296.41,22,3,0,3,6,25.36,3.34,2,0.4211,CN1CCCC1COc1cncc(CCc2ccccc2)c1,CHEMBL1972183
312.33,24,4,1,4,2,74.59,2.9,3,0.1053,C#Cc1cc2c(cc1OC)-c1[nH]nc(-c3ccc(C#N)nc3)c1C2,CHEMBL1972250
210.24,16,3,1,3,1,56.21,1.98,3,0.0,Nc1cc2nc(-c3ccccc3)cn2cn1,CHEMBL1972365
212.25,16,2,0,3,3,35.01,2.66,2,0.0769,COc1cncc(C=Cc2ccncc2)c1,CHEMBL1972568
283.24,21,3,2,4,2,94.91,1.89,2,0.0,O=C(O)c1ccc(N2C(=O)c3ccccc3C2=O)cc1O,CHEMBL1972820
400.51,29,5,2,5,6,76.82,4.79,5,0.1304,NC(COc1cncc(-c2cc3cnccc3s2)c1)Cc1c[nH]c2ccccc12,CHEMBL1972840
287.66,20,3,2,5,0,112.88,1.69,1,0.0,N#Cc1c2c3cc(Cl)ccc3oc(N)c-2c(=O)[nH]c1=O,CHEMBL1973711
273.29,19,3,1,3,2,50.19,3.8,3,0.0,O=C(O)c1cc2c(-c3cccc(F)c3)cncc2s1,CHEMBL1974457
348.33,25,3,3,5,3,115.39,0.78,2,0.375,CC(=O)NC1CCN(c2nc3[nH]cc(C(=O)O)c(=O)c3c(C)c2F)C1,CHEMBL1975208
290.29,20,3,1,3,2,55.98,3.34,3,0.0,NC(=O)c1cc2c(-c3ccc(F)cc3F)cncc2s1,CHEMBL1975787
388.5,28,4,3,4,3,80.04,5.81,4,0.0909,Cc1cc(C)cc(NC(=O)Nc2ccc(-c3cccc4snc(N)c34)cc2)c1,CHEMBL1976328
175.19,13,2,1,2,1,46.4,1.29,2,0.1111,CC(=O)Nc1cc2ccccn2n1,CHEMBL1976872
416.44,31,4,3,6,4,123.64,3.72,4,0.0909,COC(=O)c1c(-c2ccc(NC(=O)Nc3ccccc3)cc2)c2c(N)ncnn2c1C,CHEMBL1977041
245.26,17,3,1,4,2,67.49,2.16,3,0.0,O=C(O)c1cc(-c2cccs2)n2nccc2n1,CHEMBL1977619
319.79,22,3,0,3,3,49.05,2.93,3,0.375,Cc1nn(C)c2c1c(=O)c1cc(Cl)ccc1n2OCC(C)C,CHEMBL1977814
345.41,26,4,2,3,4,75.6,3.68,4,0.15,Cc1c(C)n(Cc2ccccc2)c2ccc(C(=O)Nc3ncn[nH]3)cc12,CHEMBL1979718
466.55,35,4,3,4,5,111.84,5.22,4,0.1852,CC(C)(C)c1cc(NC(=O)Nc2cccc3ccccc23)n(-c2cccc(C(=O)NCC#N)c2)n1,CHEMBL1979855
167.6,11,2,2,2,0,54.7,1.8,2,0.0,Nc1n[nH]c2c(Cl)cccc12,CHEMBL1980161
376.55,27,1,4,3,14,138.03,3.8,1,0.6,CCCCCCCCCCCCOc1ccc(N=C(N)N)cc1N=C(N)N,CHEMBL1980715
391.77,27,3,4,8,0,149.62,1.14,2,0.25,N#Cc1ncc2nc1OCC(O)C(O)COc1ccc(Cl)cc1NC(=O)N2,CHEMBL1980802
611.7,45,6,4,9,11,121.75,4.86,4,0.2857,COc1cc(-c2ccc3c(c2)Nc2ccc(CCOc4ccc(N5CCOCC5)cc4)cc2NC3=O)ccc1OCC(O)CO,CHEMBL1981045
374.4,28,4,1,5,5,77.75,3.67,4,0.0952,COc1ccc(OC)c(NC(=O)c2cnn3c(-c4ccccc4)ccnc23)c1,CHEMBL1982167
451.94,31,4,4,5,4,109.14,5.2,4,0.0455,CNC(=O)c1cnc(N)c2c(-c3ccc(NC(=O)Nc4cccc(Cl)c4)cc3)csc12,CHEMBL1982476
347.72,24,2,3,6,4,137.23,2.35,2,0.0714,COc1cc(C(=O)O)c(Cl)cc1NC(=O)Nc1cnc(C#N)cn1,CHEMBL1983006
297.32,22,2,2,6,5,113.92,1.26,2,0.2,CCOc1nc(C(=O)NCc2ccncc2)cc(N)c1C#N,CHEMBL1984206
303.37,23,4,1,3,3,59.39,3.49,4,0.1667,Cc1ccc(Cn2cc(-c3ccc4[nH]ncc4c3)nn2)c(C)c1,CHEMBL1984432
372.83,26,4,3,3,3,83.8,3.59,3,0.2632,NC(=O)c1cc(Cl)cc2[nH]c(-c3ccc(C4CCCNC4)cc3F)nc12,CHEMBL1984788
391.41,29,4,5,4,4,116.06,4.09,4,0.0476,Nc1n[nH]c2cccc(-c3ccc(NC(=O)Nc4cc(CO)ccc4F)cc3)c12,CHEMBL1985311
560.65,42,6,2,7,8,95.85,6.2,4,0.2353,COc1cc(-c2ccc3c(c2)Nc2ccc(CCOc4ccc(N5CCOCC5)cc4)cc2NC3=O)ccc1CC#N,CHEMBL1985566
394.48,30,4,2,4,6,80.9,4.31,4,0.08,NC(Cc1cccc2ccccc12)C(=O)Nc1cncc(C=Cc2ccncc2)c1,CHEMBL1985580
195.25,13,2,1,3,1,60.91,1.04,2,0.25,Cc1nn(C)c2sc(C(N)=O)cc12,CHEMBL1986588
548.05,39,6,2,9,8,126.14,6.07,5,0.3571,COCCOC1CCC(n2nc(-c3ccc(Nc4nc5cc(C)cc(Cl)c5o4)cc3)c3c(N)ncnc32)CC1,CHEMBL1987054
210.24,16,3,1,3,1,56.21,1.98,3,0.0,Nc1nnc2ccc(-c3ccccc3)cn12,CHEMBL1987143
446.37,27,3,2,4,8,71.09,3.58,3,0.15,O=S(=O)(NCCNCC=Cc1ccc(Br)cc1)c1cccc2cnccc12,CHEMBL1987756
453.59,34,6,1,5,7,69.2,5.31,4,0.3571,Nc1ncnc2c1c(-c1cccc(OCc3ccccc3)c1)cn2C1CC(CN2CCCC2)C1,CHEMBL1988370
156.19,12,3,1,1,0,28.68,1.98,2,0.1,c1ccc2c(c1)Cc1cn[nH]c1-2,CHEMBL1989423
210.24,16,3,2,1,1,48.65,2.52,3,0.0,O=c1[nH][nH]c2cccc(-c3ccccc3)c12,CHEMBL1989834
251.25,19,3,1,3,1,78.13,1.77,3,0.0714,Cc1c(C=O)c(=O)n2c([nH]c3ccccc32)c1C#N,CHEMBL1989856
288.15,17,3,2,2,1,54.7,3.57,3,0.0,Nc1n[nH]c2cccc(-c3ccc(Br)cc3)c12,CHEMBL1990346
405.39,30,4,4,5,4,126.44,3.35,4,0.0,Nc1ncnn2ccc(C(=O)Nc3ccc(NC(=O)Nc4cccc(F)c4)cc3)c12,CHEMBL1990583
339.78,24,4,1,3,1,60.05,3.85,4,0.1111,Cc1ccc(-n2nc(C)c3c(=O)c4cc(Cl)ccc4n(O)c32)cc1,CHEMBL1991143
388.34,28,3,4,11,6,183.31,-0.53,2,0.2,COCc1nnn(-c2nonc2N)c1C(=O)NNC(C)=C1C=CC(=O)C=C1O,CHEMBL1991180
299.37,22,3,2,5,5,71.09,2.8,2,0.4706,CC(Nc1c(Nc2ccncc2)c(=O)c1=O)C1CCCCC1,CHEMBL1991577
399.42,28,5,2,4,4,66.89,4.13,4,0.2,O=c1[nH]sc2c1c(=O)c1cc(F)c(NCc3ccccc3)c(F)c1n2C1CC1,CHEMBL1991640
746.89,54,2,12,10,17,389.3,0.18,2,0.3125,CC(=NN=C(N)N)c1cc(NC(=O)NCCCCCCNC(=O)Nc2cc(C(C)=NN=C(N)N)cc(C(C)=NN=C(N)N)c2)cc(C(C)=NN=C(N)N)c1,CHEMBL1991728
331.42,25,3,1,4,7,61.03,3.6,3,0.1429,NC(COc1cncc(C=Cc2ccncc2)c1)Cc1ccccc1,CHEMBL1991846
567.62,39,4,3,8,10,138.64,5.43,4,0.0741,O=C(NS(=O)(=O)c1ccc(NCCSc2ccc(O)cc2)c([N+](=O)[O-])c1)c1ccc(-c2ccc(F)cc2)cc1,CHEMBL1992645
411.43,30,4,2,10,7,149.58,1.0,3,0.3333,CCOc1ccccc1C=NNC(=O)c1nnn(-c2nonc2N)c1N1CCCC1,CHEMBL1992732
399.88,29,5,2,3,2,53.49,3.19,3,0.0833,O=C1N=c2ccc(Cl)cc2=C(c2ccccc2)C1=C1CC(c2ccccc2)NN1,CHEMBL1992796
775.93,56,2,12,11,18,392.54,-0.67,2,0.3333,CC(=NN=C(N)N)c1cc(NC(=O)NCCCN(C)CCCNC(=O)Nc2cc(C(C)=NN=C(N)N)cc(C(C)=NN=C(N)N)c2)cc(C(C)=NN=C(N)N)c1,CHEMBL1993166
367.8,26,4,3,6,1,120.05,2.77,4,0.0556,Cc1cc(O)ccc1-n1c2cc(Cl)ccc2c(=O)c2c(N)nc(N)nc21,CHEMBL1995592
283.37,21,3,0,4,6,38.25,2.34,2,0.4118,CN1CCC1COc1cncc(CCc2ccncc2)c1,CHEMBL1996155
316.36,23,3,2,8,6,98.42,0.62,2,0.4,NNc1cc(N2CCOCC2)nc(OCCc2ccccn2)n1,CHEMBL1996208
255.3,18,3,1,3,2,50.19,3.66,3,0.0,O=C(O)c1cc2c(-c3ccccc3)cncc2s1,CHEMBL1996390
361.42,27,4,2,3,6,63.93,4.32,4,0.1364,NC(COc1cncc(-c2ccc(F)cc2)c1)Cc1c[nH]c2ccccc12,CHEMBL1996543
400.43,30,4,1,5,4,81.42,4.24,4,0.125,CCOC(=O)c1cn(-c2ccc(O)cc2C)c2cc(-c3ccncc3)ccc2c1=O,CHEMBL1996780
210.26,14,2,2,4,1,86.93,0.62,2,0.25,Cc1nn(C)c2sc(C(N)=O)c(N)c12,CHEMBL1996837
441.92,31,4,2,6,7,97.48,5.51,3,0.3478,CC(C)Oc1ccc(-c2noc(-c3ccc(NC4CCC(C(=O)O)C4)cc3)n2)cc1Cl,CHEMBL1997503
411.39,30,4,4,3,3,95.83,5.47,4,0.0476,Nc1n[nH]c2cc(-c3ccc(NC(=O)Nc4cccc(C(F)(F)F)c4)cc3)ccc12,CHEMBL1997623
344.37,26,4,1,4,4,68.52,3.66,4,0.05,COc1cccc(NC(=O)c2cnn3c(-c4ccccc4)ccnc23)c1,CHEMBL1997759
254.31,18,3,1,3,2,55.98,3.06,3,0.0,NC(=O)c1cc2c(-c3ccccc3)cncc2s1,CHEMBL1999556
544.66,41,7,2,7,9,79.74,6.51,5,0.2353,COc1cc(Nc2ncnc3ccc(-c4ccc(CN5CC6C(CO)C6C5)cc4)cc23)ccc1Oc1ccccc1,CHEMBL1999749
336.78,23,3,3,5,3,112.31,1.37,2,0.4,Cc1c(Cl)c(N2CCC(CN)C2)nc2[nH]cc(C(=O)O)c(=O)c12,CHEMBL1999774
369.19,21,3,1,3,2,55.98,4.1,3,0.0,NC(=O)c1cc2c(-c3ccc(Br)c(F)c3F)cncc2s1,CHEMBL1999918
346.43,23,3,1,5,4,90.12,2.86,3,0.125,CCS(=O)(=O)c1ccc(-c2cncc3sc(C(N)=O)cc23)cc1,CHEMBL2000104
372.47,28,4,2,4,7,76.82,4.13,4,0.2174,Cc1[nH]nc2ccc(-c3cncc(OCC(CN)Cc4ccccc4)c3)cc12,CHEMBL2000271
708.8,52,3,10,10,12,365.24,0.18,3,0.125,CC(=NN=C(N)N)c1cc(NC(=O)c2cccc(C(=O)Nc3cc(C(C)=NN=C(N)N)cc(C(C)=NN=C(N)N)c3)c2)cc(C(C)=NN=C(N)N)c1,CHEMBL2000685
176.24,12,3,1,2,0,28.68,2.24,2,0.2222,c1cc2c(s1)CCc1cn[nH]c1-2,CHEMBL2001539
675.71,50,8,2,6,8,80.65,7.94,6,0.1795,O=C1Nc2cc(CCOc3ccc(N4CCOCC4)cc3)ccc2Nc2cc(-c3cn(Cc4cc(F)c(F)c(F)c4)c4cnccc34)ccc21,CHEMBL2001923
457.54,34,5,2,6,6,110.17,2.64,3,0.36,CNC(=O)N1CCN(CCCOc2ccc3c(c2)-c2[nH]nc(-c4ccc(C#N)nc4)c2C3)CC1,CHEMBL2001998
390.31,26,3,1,3,2,55.98,5.1,3,0.125,NC(=O)c1cc2c(-c3cc(C(F)(F)F)cc(C(F)(F)F)c3)cncc2s1,CHEMBL2002322
242.26,18,3,1,3,1,56.21,2.43,3,0.0769,Cc1ccc(F)c(-c2ccc3nnc(N)n3c2)c1,CHEMBL2002323
281.28,21,2,3,7,2,123.96,0.16,0,0.0714,COC1=CC(=CC(C#N)=C2NNC(N)=C2C#N)C=CC1=O,CHEMBL2002407
286.29,21,3,1,5,3,77.52,1.7,2,0.2667,CCc1nc2c(c3cc(OC)c(OC)cc13)C(=O)NC2=O,CHEMBL2003524
455.54,31,5,1,6,4,95.28,4.39,5,0.1429,CC(C)S(=O)(=O)n1c(N)nc2ccc(-c3c(-c4ccc(F)cc4)nc4sccn34)cc21,CHEMBL2003657
375.41,26,2,3,7,6,161.19,0.51,2,0.1875,CCOc1nc(C(=O)NCc2ccc(S(N)(=O)=O)cc2)cc(N)c1C#N,CHEMBL2004355
423.4,31,4,3,4,3,92.93,5.54,4,0.0455,Nc1c(-c2ccc(NC(=O)Nc3cccc(C(F)(F)F)c3)cc2)ccc2nccnc12,CHEMBL2004438
401.18,26,3,2,3,2,66.91,5.6,3,0.0625,O=C(Nc1cccc(C(F)(F)F)n1)Nc1ccnc2c(Cl)c(Cl)ccc12,CHEMBL2006010
258.31,18,2,2,5,2,91.8,2.22,2,0.0833,CC(=O)Nc1cc(N)c(C#N)c(-c2ccsc2)n1,CHEMBL2006567
384.85,25,2,3,6,6,137.4,1.29,2,0.2,CCOc1nc(C(=O)NCc2ccccc2S(N)(=O)=O)cc(N)c1Cl,CHEMBL2006581
242.3,17,3,1,3,1,45.75,2.8,3,0.0769,CSc1c[nH]c2c(ccc3cnccc32)c1=O,CHEMBL2006933
481.64,36,6,1,5,6,69.2,6.15,4,0.4,Cc1c(-c2cccc(OCc3ccccc3)c2)c2c(N)ncnc2n1C1CCC(N2CCCC2)CC1,CHEMBL2007151
378.38,28,4,2,5,5,89.65,2.76,3,0.1429,COc1cc(C2=C(c3c[nH]c4ccccc34)C(=O)NC2=O)cc(OC)c1OC,CHEMBL201511
331.72,23,2,2,6,4,117.0,2.47,2,0.0714,COc1cc(C=O)c(Cl)cc1NC(=O)Nc1cnc(C#N)cn1,CHEMBL207995
297.32,22,2,2,6,5,113.92,1.26,2,0.2,CCOc1nc(C(=O)NCc2cccnc2)cc(N)c1C#N,CHEMBL209534
343.39,26,4,4,3,3,95.83,4.46,4,0.0,Nc1n[nH]c2cccc(-c3ccc(NC(=O)Nc4ccccc4)cc3)c12,CHEMBL219722
463.88,32,3,4,9,4,158.85,2.32,2,0.4,N#Cc1ncc2nc1OCCCCCOc1cc(OCC(O)CO)c(Cl)cc1NC(=O)N2,CHEMBL223257
322.32,24,3,4,6,5,107.37,3.37,3,0.0,O=C(O)c1ccccc1Nc1ccnc(Nc2cccc(O)c2)n1,CHEMBL243088
346.35,26,4,4,6,5,115.82,3.54,4,0.0,O=C(O)c1ccccc1Nc1ccnc(Nc2ccc3cn[nH]c3c2)n1,CHEMBL244378
308.32,21,2,2,6,5,106.39,2.38,2,0.1667,COc1ccc(CNC(=O)Nc2ncc([N+](=O)[O-])s2)cc1,CHEMBL259850
441.42,32,4,4,6,3,117.32,4.66,3,0.1429,Nc1ncnc2c1N=C(c1ccc(NC(=O)Nc3cccc(C(F)(F)F)c3)cc1)CCN2,CHEMBL260092
221.26,17,3,1,3,2,37.81,3.37,3,0.0,c1ccc(Nc2ncnc3ccccc23)cc1,CHEMBL289959
378.44,29,6,1,2,2,62.75,4.6,5,0.1667,Cn1c2ccccc2c2c3c(c4c5ccccc5n(CCC#N)c4c21)CNC3=O,CHEMBL302449
392.67,25,4,1,2,1,49.93,5.4,3,0.1579,O=C1CC(c2ccc(Cl)cc2Cl)Cc2[nH]c3cc(Cl)ccc3c(=O)c21,CHEMBL326282
328.17,20,4,2,2,0,57.78,3.49,3,0.0667,O=C1Cc2c([nH]c3ccc(Br)cc23)-c2ncccc2N1,CHEMBL336961
212.25,16,2,2,1,2,41.13,3.33,2,0.0,O=C(Nc1ccccc1)Nc1ccccc1,CHEMBL354676
342.4,26,4,3,2,3,69.81,5.18,4,0.0476,Cc1cccc(NC(=O)Nc2ccc(-c3cccc4[nH]ncc34)cc2)c1,CHEMBL375284
291.38,20,3,1,4,2,62.3,1.22,2,0.3571,O=S(=O)(c1cccc2cnccc12)N1CCCNCC1,CHEMBL38380
346.35,26,4,4,6,5,115.82,3.54,4,0.0,O=C(O)c1ccccc1Nc1ccnc(Nc2ccc3[nH]ncc3c2)n1,CHEMBL396523
276.24,20,3,2,6,1,93.06,0.66,1,0.2857,COc1cc(O)c2c(c1)C1(OC2=O)C(C)=CC(=O)C1O,CHEMBL408995
433.85,30,3,3,8,3,138.62,2.96,2,0.3684,N#Cc1ncc2nc1OCCCCCOc1cc(OCCO)c(Cl)cc1NC(=O)N2,CHEMBL413779
513.52,35,5,2,5,7,67.66,6.94,3,0.5185,CCCn1c(C2CCNCC2)nc(-c2ccc(Cl)c(Cl)c2)c1-c1ccnc(NC2CCCCC2)n1,CHEMBL437747
161.16,12,2,2,2,1,71.77,0.66,2,0.0,NC(=O)c1cccc2cn[nH]c12,CHEMBL451401
284.27,21,3,2,5,1,83.83,2.19,2,0.125,COc1cc(O)c2c(c1)C(=O)c1cc(C)c(O)cc1C2=O,CHEMBL463054
338.29,23,3,3,7,2,134.27,1.85,3,0.0714,Cc1cc(O)cc2oc(=O)c3c(O)cc(OS(=O)(=O)O)cc3c12,CHEMBL483525
272.26,20,3,2,5,1,79.9,2.67,3,0.1333,COc1cc(O)c2c(=O)oc3cc(O)cc(C)c3c2c1,CHEMBL483526
290.27,21,2,4,5,3,107.22,2.49,2,0.1333,COc1cc(O)c(C(=O)O)c(-c2cc(O)c(O)cc2C)c1,CHEMBL483531
276.24,20,2,5,5,2,118.22,2.18,2,0.0714,Cc1cc(O)c(O)cc1-c1cc(O)cc(O)c1C(=O)O,CHEMBL483532
472.55,35,4,2,5,7,134.11,3.58,3,0.3462,CN(C(=O)C1CCCCC1)c1ccc2c(c1)nc(NC(=O)c1ccc(C#N)cc1)n2CCC(N)=O,CHEMBL485556
450.54,33,4,1,5,7,70.95,4.48,3,0.3462,COc1cc(C2=C(c3cn(COC(C)(C)C)c4ccccc34)CNC2=O)cc(OC)c1OC,CHEMBL488646
470.53,35,5,1,5,8,70.95,4.74,4,0.1786,COc1cc(C2=C(c3cn(COc4ccccc4)c4ccccc34)CNC2=O)cc(OC)c1OC,CHEMBL488811
942.25,50,4,8,10,13,204.3,6.69,4,0.1765,O=C(NCCc1ccc(O)c(Br)c1)C(Cc1cc(Br)c(O)c(-c2cc(CC(=NO)C(=O)NCCc3ccc(O)c(Br)c3)cc(Br)c2O)c1)=NO,CHEMBL505637
288.26,21,3,3,6,1,96.22,2.15,2,0.1333,COc1cc(O)c2c(c1)-c1cc(O)c(O)cc1COC2=O,CHEMBL507058
369.43,28,4,3,4,3,92.93,4.83,4,0.0455,Cc1cccc(NC(=O)Nc2ccc(-c3ccc4nccnc4c3N)cc2)c1,CHEMBL507936
378.43,28,4,1,4,5,61.72,3.24,3,0.2273,COc1cc(C2=C(c3cn(C)c4ccccc34)C(=O)NC2)cc(OC)c1OC,CHEMBL509435
336.3,24,3,5,8,1,144.52,-1.08,1,0.375,COc1cc(O)c2c(c1)C(=O)C1=C(C2=O)C(O)C(O)C(C)(O)C1O,CHEMBL512054
322.39,23,4,2,5,3,62.45,4.22,4,0.0588,Cc1nc2ccccn2c1-c1csc(Nc2ccc(O)cc2)n1,CHEMBL513846
278.26,20,2,3,5,3,104.06,1.21,1,0.2857,COc1cc(O)c(C(=O)O)c(C2=C(C)CC(O)C2=O)c1,CHEMBL519395
258.23,19,3,3,5,0,90.9,2.37,3,0.0714,Cc1cc(O)cc2oc(=O)c3c(O)cc(O)cc3c12,CHEMBL519982
288.25,21,3,3,6,1,100.13,2.38,3,0.1333,COc1cc(O)c2c(=O)oc3c(O)c(O)cc(C)c3c2c1,CHEMBL520144
352.34,26,5,4,6,0,115.06,1.97,2,0.3,O=C1CC(O)C2c3c(ccc(O)c31)-c1ccc(O)c3c1C2(O)CCC3=O,CHEMBL521470
364.4,27,4,2,4,5,72.58,3.23,3,0.1905,COc1cc(C2=C(c3c[nH]c4ccccc34)CNC2=O)cc(OC)c1OC,CHEMBL529663
618.55,45,6,7,13,3,228.35,1.09,3,0.25,COc1cc2c(c(O)c1-c1c(OC)cc(O)c3c1C(=O)C1=C(C3=O)C(O)C(O)C(C)(O)C1O)C(=O)c1cc(O)c(C)cc1C2=O,CHEMBL554993
300.27,22,3,3,6,1,104.06,1.9,2,0.125,COc1cc(O)c2c(c1)C(=O)c1cc(C)c(O)c(O)c1C2=O,CHEMBL556684
225.04,12,2,1,2,0,45.75,1.69,2,0.0,O=c1nc[nH]c2ccc(Br)cc12,CHEMBL562488
302.19,22,4,4,8,0,141.34,1.31,4,0.0,O=c1oc2c(O)c(O)cc3c(=O)oc4c(O)c(O)cc1c4c23,CHEMBL6246
448.35,30,3,3,7,9,82.54,4.57,3,0.2381,CN(C)CC(O)COc1ccc(Nc2nccc(Nc3cc(Cl)ccc3Cl)n2)cc1,CHEMBL101311
512.64,37,5,2,6,6,105.12,4.59,4,0.2143,Cc1c(Nc2c(C#N)cncc2C=Cc2cccc(S(=O)(=O)N3CCN(C)CC3)c2)ccc2[nH]ccc12,CHEMBL1080994
526.67,38,5,2,6,6,105.12,4.9,4,0.2414,Cc1ncc(C#N)c(Nc2ccc3[nH]ccc3c2C)c1C=Cc1cccc(S(=O)(=O)N2CCN(C)CC2)c1,CHEMBL1080995
474.57,36,7,1,6,4,69.79,4.72,5,0.2069,CN1CC2CC1CN2c1ccc(-c2ccnc3c(-c4cccc(O)c4)c(-c4ccncc4)nn23)cc1,CHEMBL1087650
459.43,34,5,1,4,4,72.18,5.73,5,0.04,O=C(Nc1cccc(-c2ccnc3cc(-c4ccncc4)nn23)c1)c1cccc(C(F)(F)F)c1,CHEMBL1089082
640.79,47,7,2,9,7,125.05,4.61,3,0.5143,CC(C)N1CCN(C(=O)c2ccc(NC(=O)Nc3ccc(-c4nc(C5CCOCC5)nc(N5C6CCC5COC6)n4)cc3)cc2)CC1,CHEMBL1091356
437.5,32,5,1,8,3,111.63,2.32,3,0.4545,COC(=O)N1CCC(n2ncc3c(N4CCOCC4)nc(-c4ccc(N)cc4)nc32)CC1,CHEMBL1095626
479.59,35,5,1,8,3,111.63,3.48,3,0.52,CC(C)(C)OC(=O)N1CCC(n2ncc3c(N4CCOCC4)nc(-c4ccc(N)cc4)nc32)CC1,CHEMBL1095627
502.97,35,5,1,6,4,47.53,5.0,3,0.36,CN1CCN(c2ccc(-c3cnc4c(c3)N(Cc3cc(Cl)ccc3C(F)(F)F)CCN4)cn2)CC1,CHEMBL1164180
323.37,24,4,3,2,3,56.92,2.98,3,0.2105,CNCc1ccc(-c2[nH]c3cc(F)cc4c3c2CCNC4=O)cc1,CHEMBL1173055
188.26,13,3,1,3,0,38.91,2.3,2,0.1,Nc1nc2c(s1)Cc1ccccc1-2,CHEMBL1178727
438.56,31,5,2,8,5,96.26,3.8,4,0.4286,Cc1cn2c(-c3cn[nH]c3)cnc2c(Nc2cc(C(C)N3CC(C)OC(C)C3)ns2)n1,CHEMBL1270399
343.44,23,4,2,7,4,83.79,3.35,4,0.1429,CSc1cn2c(-c3cn[nH]c3)cnc2c(Nc2cc(C)ns2)n1,CHEMBL1270795
274.37,18,3,1,4,3,41.99,3.54,3,0.0769,O=C(Cc1cccs1)Nc1nc2ccccc2s1,CHEMBL1421720
440.54,33,6,2,3,6,63.49,4.92,4,0.3214,CC(C)OCc1ccc2c(c1)c1c3c(c4c(c1n2CCCO)Cc1ccccc1-4)C(=O)NC3,CHEMBL150894
426.55,30,4,3,8,8,107.26,3.22,4,0.4,CCN(Cc1cc(Nc2nc(C)cn3c(-c4cn[nH]c4)cnc23)sn1)C(C)(C)CO,CHEMBL1650533
416.46,29,5,2,7,5,87.03,3.47,4,0.3333,Cc1cn2c(-c3cn[nH]c3)cnc2c(Nc2cc(CN3CCC(F)(F)C3)ns2)n1,CHEMBL1650545
416.46,29,5,2,7,5,87.03,3.47,4,0.3333,Cc1cn2c(-c3cn[nH]c3)cnc2c(Nc2cc(CN3CCC(F)(F)C3)ns2)n1,CHEMBL1650551
227.27,17,3,1,3,3,54.71,3.17,3,0.2308,CCCc1cc(-c2ccc3[nH]ncc3c2)on1,CHEMBL1682359
282.35,21,4,1,4,3,57.95,3.2,3,0.375,c1cc2[nH]ncc2cc1-c1cc(CN2CCCCC2)no1,CHEMBL1682360
496.53,37,7,1,5,2,101.18,2.12,4,0.2593,O=C1NC(=O)C(c2cnc3ccccn23)=C1c1cn2c3c(cccc13)CN(C(=O)N1CCOCC1)CC2,CHEMBL178737
378.35,28,4,2,9,5,150.25,1.65,4,0.0588,CC(=NNC(=O)c1nnn(-c2nonc2N)c1-c1ccccc1)c1ccco1,CHEMBL1890036
447.54,33,5,2,8,5,105.04,2.97,3,0.4583,CC(=O)c1c(C)c2cnc(Nc3ccc(N4CCNCC4)cn3)nc2n(C2CCCC2)c1=O,CHEMBL189963
419.67,27,4,0,2,2,39.83,6.3,4,0.0,[O-][n+]1ccc2c(-c3ccc(F)cc3Cl)ccnc2c1-c1c(Cl)cccc1Cl,CHEMBL1916359
418.52,31,6,2,3,2,51.37,3.66,3,0.4,O=C(c1cc2cc(F)ccc2[nH]1)N1CC2(CCN(C3CCCNC3)C2)c2ccccc21,CHEMBL1933538
404.49,30,6,2,3,2,51.37,3.27,3,0.375,O=C(c1cc2ccc(F)cc2[nH]1)N1CC2(CCN(C3CCNC3)C2)c2ccccc21,CHEMBL1933550
414.55,31,6,2,3,2,51.37,3.91,3,0.4231,CC1CCC(N2CCC3(CN(C(=O)c4cc5ccccc5[nH]4)c4ccccc43)C2)CN1,CHEMBL1933551
381.86,27,4,2,4,4,57.51,4.26,3,0.1905,O=C(Nc1ccc(N2CCNCC2)cc1)c1ccc(-c2ccc(Cl)cc2)o1,CHEMBL1938680
637.88,21,2,2,2,2,40.46,6.16,2,0.2,CC(C)(c1cc(Br)c(O)c(I)c1)c1cc(Br)c(O)c(I)c1,CHEMBL1964382
441.56,32,4,4,5,4,92.07,5.07,4,0.12,CNCC#Cc1cnc(N)c2c(-c3ccc(NC(=O)Nc4cccc(C)c4)cc3)csc12,CHEMBL1964441
163.18,12,2,1,3,0,44.7,0.21,0,0.25,CC1=CN2CC(=O)NN=C2C=C1,CHEMBL1964718
471.51,35,4,2,5,7,110.52,4.61,4,0.1852,CC(C)(C)c1cc(NC(=O)C(=O)c2cccc3ccccc23)n(-c2cccc(OCC(=O)O)c2)n1,CHEMBL1964902
406.34,29,3,3,3,3,86.88,4.55,3,0.1053,Cc1cc(=O)[nH]nc1-c1ccc(NC(=O)Nc2cc(C(F)(F)F)ccc2F)cc1,CHEMBL1965033
288.15,17,3,1,2,1,41.57,3.7,3,0.0769,Cc1ccc(-c2cc3nc(Br)cnc3[nH]2)cc1,CHEMBL1965169
530.61,38,5,5,8,8,147.55,4.41,5,0.1481,COc1ccc(NC(=O)Nc2ccc(-c3csc4c(-c5cnn(CC(O)CO)c5)cnc(N)c34)cc2)cc1,CHEMBL1965170
418.5,31,4,1,8,8,84.76,3.08,3,0.3043,Cc1cccc(C=NNc2cc(N3CCOCC3)nc(OCCc3ccccn3)n2)c1,CHEMBL1965351
500.99,36,5,4,4,8,109.99,6.38,5,0.1111,Nc1n[nH]c2c(OCCCn3cccc3)ccc(-c3ccc(NC(=O)Nc4cccc(Cl)c4)cc3)c12,CHEMBL1965387
316.33,24,5,1,5,3,90.1,1.94,5,0.0625,c1ccc2c(c1)nnn2Cc1cn(-c2ccc3[nH]ncc3c2)nn1,CHEMBL1966069
209.25,16,3,1,2,1,41.57,2.93,3,0.0769,Cc1[nH]nc2ccc(-c3cccnc3)cc12,CHEMBL1967252
217.63,13,2,1,3,0,63.24,0.77,1,0.0,O=C1NS(=O)(=O)c2ccc(Cl)cc21,CHEMBL1967612
285.35,22,3,1,3,4,48.71,4.23,3,0.0526,N#Cc1ccc(-c2ccncc2)cc1NCc1ccccc1,CHEMBL1967992
169.57,11,2,1,4,0,69.1,0.36,2,0.0,Nc1nnc2cncc(Cl)n12,CHEMBL1968130
346.37,26,4,3,2,3,69.81,5.01,4,0.0,O=C(Nc1ccc(-c2ccc3cn[nH]c3c2)cc1)Nc1cccc(F)c1,CHEMBL1969942
346.42,24,3,3,6,5,117.0,1.55,3,0.2,CN(c1ccccc1CNc1nc(N)nc2[nH]ccc12)S(C)(=O)=O,CHEMBL1970006
471.29,27,4,1,3,3,51.46,5.58,4,0.1364,CCOC(=O)c1c(C)n(-c2ccc(I)cc2)c2c1cc(O)c1ccccc12,CHEMBL1970352
465.45,32,3,2,5,7,94.91,4.44,3,0.1364,O=CN(O)C(CS(=O)(=O)c1ccc(-c2ccc(C(F)(F)F)cc2)cc1)c1ccc(O)cc1,CHEMBL1971227
264.31,18,2,2,5,3,84.91,1.72,1,0.1667,CCOc1ccc(C=C2SC(N)=NC2=O)c(O)c1,CHEMBL1971289
178.22,12,2,1,3,1,55.98,1.4,2,0.0,NC(=O)c1cc2ccncc2s1,CHEMBL1971534
536.56,38,5,4,7,8,127.32,5.65,5,0.1154,Nc1ncc(-c2cnn(CCO)c2)c2scc(-c3ccc(NC(=O)Nc4ccc(OC(F)F)cc4)cc3)c12,CHEMBL1972220
322.32,24,4,2,6,1,80.57,0.82,2,0.1111,COC1=c2c(=O)cc(C)oc2=CC(=O)C1=C1Nc2ccccc2N1,CHEMBL1972355
332.41,22,3,1,5,3,90.12,2.47,3,0.0667,CS(=O)(=O)c1ccc(-c2cncc3sc(C(N)=O)cc23)cc1,CHEMBL1972362
175.19,13,2,1,3,0,60.91,1.28,2,0.1111,CC(=O)n1ncc2cc(N)ccc21,CHEMBL1972454
271.36,20,2,1,2,5,40.54,2.74,1,0.4706,CCCCC#Cc1ccc(CN2CC(C(=O)O)C2)cc1,CHEMBL1972462
151.19,10,2,1,4,0,51.8,1.27,2,0.0,Nc1ncnc2sccc12,CHEMBL1972934
328.24,18,2,2,6,4,62.73,3.57,2,0.3636,Cc1cnc(Nc2nc(NC(C)C)ncc2Br)s1,CHEMBL1973013
373.43,26,3,2,5,6,101.29,2.07,3,0.2222,CS(=O)(=O)c1cccc(C(=O)Nc2nc3ccccc3n2CCCO)c1,CHEMBL1973016
579.7,43,5,2,6,6,105.56,5.52,4,0.2941,Cc1c(NC(=O)c2ccc(C(C)(C)C)cc2)cccc1-c1cc(Nc2ccc(C(=O)N3CCOCC3)cn2)c(=O)n(C)c1,CHEMBL1973138
272.22,20,3,1,5,3,116.67,1.6,3,0.0,NC(=O)c1ccc2nc(-c3ccc([N+](=O)[O-])o3)cn2c1,CHEMBL1973359
393.45,29,4,3,4,4,113.34,3.08,3,0.2857,COc1cccc(NC(=O)N2CCC(c3nc4c(C(N)=O)cccc4[nH]3)CC2)c1,CHEMBL1973363
196.23,13,2,2,4,1,72.19,0.85,1,0.25,NC(=O)c1csc2c1NCCC2=O,CHEMBL1973399
429.3,26,4,2,4,3,78.76,4.46,3,0.0,O=S(=O)(Nc1ccc2c(c1)C(=NO)c1ccccc1-2)c1cccc(Br)c1,CHEMBL1973793
222.25,17,3,1,3,1,46.01,3.0,3,0.0,Oc1cnc2ccc(-c3ccncc3)cc2c1,CHEMBL1973868
253.26,19,3,2,3,2,81.14,2.31,3,0.0,Nc1ccc2c(C(=O)O)n(-c3ccccc3)nc2c1,CHEMBL1974574
215.21,16,3,2,4,2,74.94,1.71,3,0.0909,OCc1cc(-c2ccc3[nH]ncc3c2)on1,CHEMBL1974617
212.23,14,2,3,4,1,78.43,0.6,1,0.25,O=C(O)c1csc2c1NCCNC2=O,CHEMBL1974875
365.48,27,4,0,3,2,49.05,5.79,3,0.4545,CC(C)(C)OC(=O)n1cc(-c2cncn2C2CCCCC2)c2ccccc21,CHEMBL1975357
315.38,24,5,1,3,4,59.39,3.75,4,0.2105,c1ccc(Cn2nnc(-c3ccc4[nH]ncc4c3)c2C2CC2)cc1,CHEMBL1975418
226.24,17,3,2,3,1,76.18,1.27,3,0.0,Nc1ccc(-c2cccn3c(=O)[nH]nc23)cc1,CHEMBL1975503
355.42,25,3,1,6,5,81.18,3.3,3,0.1111,COc1ccccc1-c1ccnc(Nc2cccc(S(C)(=O)=O)c2)n1,CHEMBL1975903
316.36,23,2,5,5,5,129.8,2.43,2,0.2353,CC(CCC(=O)O)(c1ccc(O)c(N)c1)c1ccc(O)c(N)c1,CHEMBL1975923
500.61,37,5,2,8,7,104.34,2.89,4,0.3333,C=CCn1c(=O)c2cnc(Nc3ccc(N4CCN(C)CC4)cc3)nc2n1-c1cccc(C(C)(C)O)n1,CHEMBL1976040
372.13,23,4,0,5,1,95.1,2.6,3,0.0,O=C1c2cc([N+](=O)[O-])ccc2-n2c1nc1cccc(Br)c1c2=O,CHEMBL1976158
405.24,27,4,2,3,2,91.27,4.97,3,0.1667,O=C(Nc1ccc([N+](=O)[O-])cc1)N1CCc2[nH]c3c(Cl)cc(Cl)cc3c2C1,CHEMBL1976196
402.45,30,5,2,6,5,95.42,3.93,4,0.2174,Nc1ncnc2c1c(-c1ccc(Oc3ccc(CO)cc3)cc1)cn2C1CCOC1,CHEMBL1976376
532.48,39,6,3,6,4,115.8,6.04,5,0.0741,Nc1c(-c2ccc(NC(=O)Nc3cccc(C(F)(F)F)c3)cc2)cnc2c(-c3ccc4c(c3)OCO4)cnn12,CHEMBL1977134
358.38,27,4,1,5,4,79.42,4.0,4,0.1,CC(Nc1cncc(-n2cnc3ccc(C#N)cc32)n1)c1ccccc1F,CHEMBL1977138
470.53,35,4,2,5,7,116.31,4.01,4,0.1852,CC(C)(C)c1cc(NC(=O)C(=O)c2cccc3ccccc23)n(-c2ccc(OCC(N)=O)cc2)n1,CHEMBL1977634
300.75,21,3,3,2,3,69.81,3.54,3,0.0667,O=C(NCc1ccc(Cl)cc1)Nc1cccc2[nH]ncc12,CHEMBL1977713
277.32,21,3,1,3,3,45.73,4.12,3,0.0556,C=CCc1cccc2c(=NO)cc(-c3ccccc3)oc12,CHEMBL1977749
525.72,38,4,4,5,10,106.06,7.54,4,0.2903,Cc1cccc(NC(=O)Nc2ccc(-c3csc4c(C#CCCCCCCCCN)cnc(N)c34)cc2)c1,CHEMBL1978166
327.19,20,4,1,2,1,46.5,3.88,4,0.0667,Cn1cc(-c2cc3nc(Br)cnc3[nH]2)c2ccccc21,CHEMBL1978167
333.21,19,3,1,3,2,55.98,3.82,3,0.0,NC(=O)c1cc2c(-c3ccc(Br)cc3)cncc2s1,CHEMBL1978195
411.89,30,4,0,3,4,57.93,5.87,3,0.1154,N#CC1=C(c2ccccc2)CC(c2ccc(Cl)cc2)C(C(=O)c2ccccc2)C1=O,CHEMBL1978371
352.2,22,4,1,3,1,70.29,3.75,4,0.0625,Cn1cc(-c2cc3nc(Br)cnc3[nH]2)c2cc(C#N)ccc21,CHEMBL1978562
353.45,25,3,1,5,5,64.11,4.01,3,0.2105,COc1cccc(C(C)NC(=O)c2sc(-c3ccncc3)nc2C)c1,CHEMBL1978567
344.37,26,4,2,4,3,79.52,3.66,4,0.05,Cc1c(O)cccc1NC(=O)c1cnn2c(-c3ccccc3)ccnc12,CHEMBL1978656
434.94,31,5,3,7,5,85.0,4.25,4,0.2273,CN1CCN(c2ccc(Nc3ncc(Cl)c(Nc4ccc5[nH]ncc5c4)n3)cc2)CC1,CHEMBL1979690
490.55,35,4,2,8,7,144.35,4.17,4,0.0833,CN(C)c1ccc(-c2cc(-c3ccc([N+](=O)[O-])cc3)nc(NS(=O)(=O)c3ccc(N)cc3)n2)cc1,CHEMBL1980167
293.33,22,3,3,6,4,96.95,2.45,3,0.0625,NCc1cc(Nc2ncnc(-c3ccccc3)n2)ccc1O,CHEMBL1980246
302.33,23,4,3,2,2,65.12,3.88,3,0.0,O=C1Nc2cc(-c3ccc(O)cc3)ccc2C1=Cc1ccc[nH]1,CHEMBL1980329
224.26,17,3,1,3,1,52.05,3.39,3,0.0714,Cc1cccc(-c2cccc3onc(N)c23)c1,CHEMBL1980376
436.52,33,5,3,4,7,93.03,4.52,4,0.1111,NC(COc1cncc(-c2ccc3c(c2)C(=Cc2ccc[nH]2)C(=O)N3)c1)Cc1ccccc1,CHEMBL1980407
385.9,27,4,2,5,5,66.07,4.39,3,0.4,CC(C)Cc1nc(Nc2ccc(N3CCOCC3)c(Cl)c2)nc2[nH]ccc12,CHEMBL1980763
150.18,11,2,0,2,0,34.89,0.94,1,0.5,Cn1ncc2c1CCCC2=O,CHEMBL1981107
398.29,28,3,2,4,4,76.14,4.89,3,0.1176,O=C(Nc1cccc(C(F)(F)F)n1)Nc1ccnc2cc(OC(F)F)ccc12,CHEMBL1981215
219.24,16,2,2,4,3,81.0,1.25,2,0.2727,CCOC(=O)Cc1nc2c(N)cccc2[nH]1,CHEMBL1981671
304.82,21,3,1,3,3,36.36,4.36,2,0.4706,CN(Cc1cc(Cl)c(O)c2ncccc12)C1CCCCC1,CHEMBL1982413
370.41,27,2,2,7,7,119.49,2.27,2,0.3158,COc1ccc(OC)c(CNC(=O)c2cc(N)c(C#N)c(OC(C)C)n2)c1,CHEMBL1982541
374.48,27,2,1,4,9,69.56,3.91,2,0.5238,CCCCNC(=O)c1cn(C(CC)CC)c(=O)c2cc(OC)c(OC)cc12,CHEMBL1982700
347.38,26,4,1,6,5,73.57,3.55,4,0.1053,COc1ccc(OC)c(Nc2ccc3nnc(-c4ccccc4)n3n2)c1,CHEMBL1982880
432.35,29,3,2,2,7,62.32,7.0,3,0.2609,CC(C)=C(C)c1cccc2c(CCCOc3cccc(Cl)c3Cl)c(C(=O)O)[nH]c12,CHEMBL1982980
348.81,23,3,1,5,4,60.45,4.22,3,0.125,COc1ccc(C(=O)Nc2nc3ccc(Cl)cc3s2)c(OC)c1,CHEMBL1983309
386.46,29,4,2,6,6,92.88,2.35,2,0.2727,CCCCN(CCC#N)C(=O)c1ccc2c(c1)=NC(=C1NNc3ccccc31)N=2,CHEMBL1983348
346.37,26,4,3,2,3,69.81,5.01,4,0.0,O=C(Nc1cccc(F)c1)Nc1cccc(-c2ccc3cn[nH]c3c2)c1,CHEMBL1983393
413.07,21,2,3,3,3,70.23,3.34,1,0.0,O=C(NNC=C1C=C(Br)C(=O)C(Br)=C1)Nc1ccccc1,CHEMBL1983575
210.24,16,3,1,2,1,41.99,2.24,2,0.0769,O=C1Cc2cc(-c3ccccc3)cnc2N1,CHEMBL1983630
499.55,37,5,3,6,4,105.65,4.85,4,0.2143,Cc1ccc(F)c(NC(=O)Nc2ccc(-c3coc4c(C#CCN5CCOCC5)cnc(N)c34)cc2)c1,CHEMBL1983640
437.57,31,4,2,8,6,86.28,3.75,3,0.3636,CCNc1nc(C)c(-c2ccnc(Nc3ccc(N4CCN(C(C)=O)CC4)cc3)n2)s1,CHEMBL1983715
542.64,38,6,3,8,6,115.65,5.43,5,0.1429,O=C(Nc1nc2ccccc2s1)c1cccc2c1CN(c1nc(C(=O)O)c(-c3ccc(CO)cc3)s1)CC2,CHEMBL1983980
352.44,26,3,2,4,8,84.24,3.05,3,0.3,CCN(CC)CCOc1ccc(-c2nc3c(C(N)=O)cccc3[nH]2)cc1,CHEMBL1984044
363.28,21,3,2,4,4,43.95,4.71,3,0.1333,CN(C)c1ccc(Nc2cc(-c3csc(Br)c3)[nH]n2)cc1,CHEMBL1984236
424.42,32,5,3,5,5,120.71,4.02,4,0.0,O=C1N=NC(=O)c2c(NNc3c(-c4ccccc4)[nH]n(-c4ccccc4)c3=O)cccc21,CHEMBL1984274
342.4,26,4,1,3,3,55.13,5.36,4,0.0909,Cc1ccc(C)c(NC(=O)c2cc(-c3ccco3)nc3ccccc23)c1,CHEMBL1984296
212.05,11,2,1,1,0,29.1,1.69,1,0.125,O=C1NCc2c(Br)cccc21,CHEMBL1984500
301.15,18,3,1,4,2,50.7,3.53,3,0.0,Brc1ccc2cnc(Nc3ccncn3)cc2c1,CHEMBL1984686
391.4,28,3,3,4,7,82.7,4.34,3,0.3158,CCCNC(=O)c1ccc(Nc2nc(CCC(F)(F)F)c3cc[nH]c3n2)cc1,CHEMBL1984760
464.55,34,4,2,7,9,97.46,4.46,4,0.36,CC(C)COc1nccn2c(-c3ccnc(NCC(C)(C)CO)n3)c(-c3ccc(F)cc3)nc12,CHEMBL1984842
306.39,22,4,1,3,2,37.91,3.71,3,0.1667,COCC#Cc1cccc2c1Cc1c-2n[nH]c1-c1cccs1,CHEMBL1985206
276.34,21,3,1,4,3,50.7,3.9,3,0.1176,Cc1ccnc(Nc2cc(C)nc(-c3ccccc3)n2)c1,CHEMBL1985367
305.34,23,4,2,4,1,86.01,2.41,2,0.2778,N#Cc1ccc2c(c1)C(c1ccc3c(n1)CCCC3O)C(=O)N2,CHEMBL1985681
332.4,25,3,2,3,6,62.22,3.6,3,0.1429,O=C(NC(CCO)c1ccccc1)c1ccc(-c2ccncc2)cc1,CHEMBL1986143
430.95,28,4,3,7,6,91.83,5.1,4,0.1111,O=C(Nc1cccc(Cl)c1)Nc1nc(CCNc2ncnc3ccsc23)cs1,CHEMBL1986177
399.8,27,3,1,3,6,49.77,4.45,2,0.3158,O=C(O)C1CN(Cc2ccc(OCc3cccc(C(F)(F)F)c3)cc2Cl)C1,CHEMBL1986265
206.6,14,3,0,5,0,68.86,0.72,3,0.0,Clc1ccc2c(c1)nnc1nnnn12,CHEMBL1986503
260.3,20,4,2,1,1,44.89,3.66,3,0.0,O=C1Nc2ccccc2C1=Cc1c[nH]c2ccccc12,CHEMBL1986590
292.36,22,3,1,2,4,24.92,4.81,3,0.1053,Cc1ccc(NCc2ccc(-c3ccc(F)cc3)nc2)cc1,CHEMBL1986899
374.37,27,3,2,3,4,66.91,5.25,3,0.2105,CCCc1ccc2nccc(NC(=O)Nc3cccc(C(F)(F)F)n3)c2c1,CHEMBL1987430
352.46,25,4,2,3,4,61.02,3.67,3,0.2632,O=C(NCCc1cccs1)N1CC=C(c2c[nH]c3ncccc23)CC1,CHEMBL1987535
406.47,30,4,2,6,6,88.23,3.73,4,0.2727,Cc1nccn2c(-c3ccnc(NCC(C)(C)CO)n3)c(-c3ccc(F)cc3)nc12,CHEMBL1987648
358.36,26,4,2,2,3,37.05,5.11,3,0.2,FC(F)(F)Oc1ccc(-c2ccc3[nH]cc(C4=CCNCC4)c3c2)cc1,CHEMBL1987982
331.8,23,3,1,3,6,49.77,3.44,2,0.2778,O=C(O)C1CN(Cc2ccc(OCc3ccccc3)cc2Cl)C1,CHEMBL1987998
277.32,20,2,3,4,3,81.67,0.79,1,0.4286,CCC(=O)Nc1ccc(C(=O)N2CCNCC2)c(O)c1,CHEMBL1988141
233.27,17,2,1,4,2,57.84,0.77,2,0.3333,Cc1cc(=O)n2ccc(CN(C)C)c(O)c2n1,CHEMBL1988581
268.32,20,3,3,3,3,73.04,0.98,2,0.2,CC(C)Nc1[nH][nH]c(=O)c1C=C1C=c2ccccc2=N1,CHEMBL1988692
241.28,17,3,1,5,1,80.52,1.94,3,0.0,N#Cc1ccc2nc(N)n(-c3nccs3)c2c1,CHEMBL1988805
317.37,22,3,4,5,4,112.9,2.26,3,0.0714,CS(=O)(=O)Nc1ccc(Nc2ccc3[nH]nc(N)c3c2)cc1,CHEMBL1988872
462.41,30,4,2,7,5,74.49,4.76,3,0.2381,CN1CCN(c2ccc(Nc3nc(N)c(C(=O)c4c(Cl)cccc4Cl)s3)cc2)CC1,CHEMBL1989043
568.7,41,5,3,7,9,114.51,4.99,5,0.1935,COc1cc(-c2csc3c(C=CC(=O)NCCN(C)C)cnc(N)c23)ccc1NC(=O)c1cc2ccccc2n1C,CHEMBL1989267
252.32,19,3,1,2,1,45.75,3.51,3,0.25,Cc1ccnc2[nH]c3cc(C(C)C)ccc3c(=O)c12,CHEMBL1989471
264.33,20,3,2,3,4,45.15,3.31,3,0.1176,OCCNc1cc2cc(-c3ccccc3)ccc2cn1,CHEMBL1989957
381.82,27,4,1,6,5,73.57,4.21,4,0.1053,COc1cc(OC)c(Nc2ccc3nnc(-c4ccccc4)n3n2)cc1Cl,CHEMBL1990212
380.27,25,3,1,3,6,49.77,4.4,2,0.3158,Cc1cc(OCc2ccc(Cl)c(Cl)c2)ccc1CN1CC(C(=O)O)C1,CHEMBL1990223
301.39,23,4,2,3,1,55.28,4.11,3,0.1,CN1c2ccc(N)cc2C(c2ccccc2)c2cc(N)ccc21,CHEMBL1991734
215.28,15,3,1,2,1,29.1,2.66,2,0.0833,O=C1NCc2c1cccc2-c1cccs1,CHEMBL1991782
331.42,25,4,3,4,2,75.51,3.55,3,0.1429,CCN1c2cc(N)ccc2-c2ccc(N)cc2C1(O)c1ccccc1,CHEMBL1991818
434.51,33,6,2,2,3,41.13,7.06,4,0.1379,O=C(Nc1cccc(C2Nc3ccc4ccccc4c3C3C=CCC32)c1)c1ccc(F)cc1,CHEMBL1992042
280.29,21,3,3,4,1,82.59,1.16,0,0.0,O=C(N=C1C=CC=C2C(=O)C=CC=C21)NC1=CNC=CN1,CHEMBL1992371
370.42,26,3,1,3,6,41.99,5.24,3,0.1,O=C(Cc1ccc(-c2cccnc2)cc1)Nc1ccc(SC(F)F)cc1,CHEMBL1992581
179.18,13,2,3,5,0,92.93,-0.79,1,0.2857,Nc1ncnc2c1C(=O)NCCN2,CHEMBL1992607
221.26,17,3,1,2,2,41.57,3.14,3,0.0,c1ccc(-c2[nH]ncc2-c2ccncc2)cc1,CHEMBL1992644
220.62,15,3,1,3,0,63.05,1.22,3,0.0,O=c1nc2ccc(Cl)cc2c2nc[nH]n12,CHEMBL1992673
194.24,15,3,0,1,1,17.3,3.0,3,0.0,c1ccc(-c2cccc3nccn23)cc1,CHEMBL1992723
345.18,21,4,1,2,1,46.5,4.02,4,0.0667,Cn1cc(-c2cc3nc(Br)cnc3[nH]2)c2cc(F)ccc21,CHEMBL1993335
297.81,19,2,2,6,5,62.73,3.79,2,0.4167,CC(C)C(C)Nc1ncc(Cl)c(Nc2nccs2)n1,CHEMBL1993374
226.28,17,3,1,3,1,56.73,2.11,2,0.3846,C#Cc1cn(C2CCCC2)c2ncnc(N)c12,CHEMBL1993877
401.45,29,5,3,7,4,120.06,4.53,5,0.0,NC(=O)c1cc2c(-c3ccc(Nc4nc5ccccc5o4)cc3)cnc(N)c2s1,CHEMBL1993904
436.82,30,3,3,4,6,82.59,4.46,2,0.15,O=C(CCC(=O)Nc1cc(C(F)(F)F)ccc1Cl)NNC=C1C=Nc2ccccc21,CHEMBL1994308
480.54,36,5,3,5,8,107.02,5.13,5,0.1034,Nc1ccc(-c2cncc(OCC(N)Cc3c[nH]c4ccccc34)c2)cc1C(=O)c1ccccc1F,CHEMBL1994361
265.32,20,3,1,3,3,58.64,3.39,3,0.1875,CCc1c(-c2ccc(C(C)=O)cc2)[nH]c2nccnc12,CHEMBL1994555
338.43,24,3,1,4,5,51.22,4.31,3,0.1579,COc1cccc(C(C)NC(=O)c2ccc(-c3ccncc3)s2)c1,CHEMBL1994724
196.21,15,2,0,4,1,62.46,1.72,2,0.0909,Cc1nnc(-c2ccccc2)c(C#N)n1,CHEMBL1994808
190.25,14,2,3,3,2,66.73,1.97,2,0.3,CC(C)Nc1n[nH]c2ccc(N)cc12,CHEMBL1995391
245.29,18,2,3,6,5,99.08,1.14,2,0.1667,NCCOc1cccc(Nc2ccnc(N)n2)c1,CHEMBL1995448
176.18,13,2,2,3,1,76.7,0.14,2,0.0,Nc1cc(=O)[nH]n1-c1ccccn1,CHEMBL1995765
201.23,15,2,2,2,2,57.78,1.44,2,0.0909,CNC(=O)c1cc(-c2ccccc2)n[nH]1,CHEMBL1995916
280.76,19,2,2,5,5,59.07,3.16,2,0.3846,CCNc1nc2cc(Cl)c(OC)cc2nc1NCC,CHEMBL1995927
210.24,16,3,2,1,1,44.89,2.51,2,0.0,O=C1Nc2ccccc2C1=Cc1ccc[nH]1,CHEMBL1996176
295.37,21,4,1,5,1,80.52,2.81,3,0.2667,N#Cc1ccc2nc(N)n(-c3nc4c(s3)CCCC4)c2c1,CHEMBL1996345
443.47,32,5,2,3,3,57.36,4.27,3,0.375,O=C(Cc1ccc(OC(F)(F)F)cc1)N1CCC2(CC1)NCCc1c2[nH]c2ccccc12,CHEMBL1996576
426.95,30,4,2,6,7,68.3,5.66,3,0.3913,COc1cccc(OC)c1CNc1nc(NC2CCCCC2)nc2ccc(Cl)cc12,CHEMBL1996646
460.53,34,4,4,6,7,102.93,4.06,3,0.2308,COc1cc(-c2ccc3c(c2)Nc2ccc(C(=O)NCCCN(C)C)cc2NC3=O)ccc1O,CHEMBL1996702
467.57,33,4,3,5,6,101.29,4.94,3,0.24,Nc1cc(S(=O)(=O)NC(=O)c2ccc(-c3ccc(F)cc3)cc2)ccc1NC1CCCCC1,CHEMBL1996795
323.4,24,3,3,4,6,82.7,3.4,3,0.2778,CCCNC(=O)c1ccc(Nc2nc(CC)c3cc[nH]c3n2)cc1,CHEMBL1997007
387.26,23,3,2,4,2,76.88,4.42,3,0.0588,Cc1ccc(-c2cc(-c3cc(Br)ccc3O)[nH]c(=O)c2C#N)s1,CHEMBL1997193
339.42,24,3,2,5,5,85.42,3.14,3,0.1176,COc1ccccc1CN=C(N)Nc1nccc(-c2cccs2)n1,CHEMBL1997197
334.38,25,4,1,5,4,52.08,4.04,3,0.15,COc1ccc(C2=NNc3cccc4c(OC)ccc2c34)cc1OC,CHEMBL1997335
373.33,27,3,2,7,4,148.7,1.53,3,0.25,CCOC(=O)c1nc2c(=O)[nH]c3cc([N+](=O)[O-])c(NC(C)=O)cc3n2c1C,CHEMBL1997611
440.78,30,3,3,3,3,86.88,5.2,3,0.1053,Cc1cc(=O)[nH]nc1-c1ccc(NC(=O)Nc2cc(C(F)(F)F)ccc2F)c(Cl)c1,CHEMBL1997892
353.45,25,3,1,5,5,64.11,4.01,3,0.2105,COc1cccc(C(C)NC(=O)c2sc(-c3ccncc3)nc2C)c1,CHEMBL1998110
186.26,14,2,1,2,1,29.26,2.49,2,0.1667,CN(C)c1ccc(N)c2ccccc12,CHEMBL1998253
265.32,20,3,2,4,4,58.04,2.7,3,0.125,OCCNc1cc2cc(-c3ccncc3)ccc2cn1,CHEMBL1998435
396.4,29,5,1,5,3,81.13,3.11,4,0.3,CC(C)(O)c1nnc2ccc(-c3c(-c4ccc(F)cc4F)nc4n3CCC4)nn12,CHEMBL1998551
514.58,38,4,3,6,9,122.55,3.63,4,0.2414,CC(C)(C)c1cc(NC(=O)C(=O)c2cccc3ccccc23)n(-c2cccc(OCC(=O)NCCO)c2)n1,CHEMBL1998680
193.21,14,2,3,2,1,81.51,0.67,2,0.3333,CC(C)c1cc(=O)[nH]c2[nH][nH]c(=O)c12,CHEMBL1999120
407.43,31,5,1,4,2,95.95,2.36,5,0.0833,Cc1[nH]n(-c2ccccc2)c(=O)c1C=c1c(C)c(C#N)c2nc3ccccc3n2c1=O,CHEMBL1999126
381.51,27,4,3,8,5,78.0,3.1,3,0.3158,CNc1nc(C)c(-c2ccnc(Nc3ccc(N4CCNCC4)cc3)n2)s1,CHEMBL1999484
265.32,20,3,2,4,3,65.15,2.6,3,0.2,CCNNc1cc(C)c(C#N)c2nc3ccccc3n12,CHEMBL2000433
372.39,28,5,1,7,5,107.43,1.67,5,0.1579,OCCn1cc(-c2cnc3nnn(Cc4ccc5ncccc5c4)c3n2)cn1,CHEMBL2001019
450.52,33,6,4,5,4,97.82,6.34,6,0.0,Oc1ccc2nc(-c3ccc(Sc4ccc(-c5nc6ccc(O)cc6[nH]5)cc4)cc3)[nH]c2c1,CHEMBL2001149
595.7,44,5,3,7,7,125.79,4.71,4,0.2941,Cn1cc(-c2cccc(NC(=O)c3ccc(C(C)(C)C)cc3)c2CO)cc(Nc2ccc(C(=O)N3CCOCC3)cn2)c1=O,CHEMBL2001584
213.03,11,2,2,1,0,48.65,1.62,2,0.0,O=c1[nH][nH]c2ccc(Br)cc12,CHEMBL2001613
243.27,18,3,2,4,2,79.62,1.37,3,0.25,CC(C)(O)c1cn(-c2ccc3[nH]ncc3c2)nn1,CHEMBL2001641
337.12,17,3,1,2,1,50.16,2.29,3,0.0,O=c1ncc(I)c2[nH]c(-c3ccccc3)cn12,CHEMBL2001668
213.04,11,2,2,3,0,67.59,1.3,2,0.0,Nc1[nH]nc2ncc(Br)cc12,CHEMBL2002105
302.34,23,3,2,4,2,91.8,3.31,3,0.0556,CC(=O)Nc1cc(N)c(C#N)c(-c2ccc3ccccc3c2)n1,CHEMBL2002240
240.26,18,3,1,4,2,61.28,3.09,3,0.0714,COc1ccc(-c2ccc(N)cc2)c2cnoc12,CHEMBL2002450
210.21,14,2,2,4,1,83.05,0.94,0,0.125,Cc1[nH]sc2ncc(C(=O)O)c(=O)c1-2,CHEMBL2002553
401.92,27,5,2,7,5,62.31,4.5,3,0.3684,Clc1cc(Nc2nc(NC3CC3)c3sccc3n2)ccc1N1CCOCC1,CHEMBL2002586
600.16,43,5,3,5,15,98.6,6.68,5,0.2857,Cc1cccc(Cl)c1-c1cccc2c(CCCOc3cccc4ccccc34)c(C(=O)NCCOCCOCCN)[nH]c12,CHEMBL2002682
361.43,26,4,3,4,3,74.25,5.31,4,0.0,O=C(Nc1nc2c(O)cccc2s1)Nc1ccccc1-c1ccccc1,CHEMBL2002690
268.28,20,3,2,5,2,98.72,1.36,3,0.0769,CC(=O)Nc1ccc(-n2nc3ccc(N)nc3n2)cc1,CHEMBL2002723
334.38,25,3,1,5,5,77.0,3.04,3,0.1579,COc1cccc(C(C)NC(=O)c2cnc(-c3ccncc3)nc2)c1,CHEMBL2003514
485.54,36,4,2,5,8,110.52,5.0,4,0.2143,CC(C)(C)c1cc(NC(=O)C(=O)c2cccc3ccccc23)n(-c2ccc(OCCC(=O)O)cc2)n1,CHEMBL2003689
339.35,25,3,2,7,7,89.55,2.05,3,0.1667,COc1ccc(CNc2c(Nc3ccncc3)c(=O)c2=O)c(OC)c1,CHEMBL2003768
425.46,29,2,1,8,10,109.39,2.48,2,0.3158,COCOc1cccc(OCOC)c1-c1ccc(NS(C)(=O)=O)cc1C(=O)OC,CHEMBL2004025
213.03,11,2,1,1,0,37.27,1.39,2,0.0,O=c1[nH]n2ccccc2c1Br,CHEMBL2004033
287.31,20,3,0,4,2,39.19,3.89,3,0.0667,COC(=O)c1cc2c(-c3cccc(F)c3)cncc2s1,CHEMBL2004072
357.84,25,4,2,5,4,66.07,3.75,3,0.3333,CCc1nc(Nc2ccc(N3CCOCC3)c(Cl)c2)nc2[nH]ccc12,CHEMBL2004118
320.35,24,3,1,5,5,77.0,2.48,3,0.1111,COc1cccc(CNC(=O)c2cnc(-c3ccncc3)nc2)c1,CHEMBL2004159
344.37,26,4,2,4,2,67.43,4.45,3,0.0476,COC(=O)c1ccccc1-c1ccc2c(c1)Nc1ccccc1NC2=O,CHEMBL2004513
239.23,18,4,1,4,1,60.03,2.35,3,0.0769,c1nc(-c2ccc3c(c2)OCO3)c2cc[nH]c2n1,CHEMBL2004515
381.23,23,3,3,5,3,98.32,1.49,2,0.4,CNC1CCN(c2nc3[nH]cc(C(=O)O)c(=O)c3c(C)c2Br)C1,CHEMBL2004647
314.78,22,3,3,5,5,78.52,3.52,3,0.1333,Cc1cc(Nc2nc(Cl)cc(NCc3ccccc3)n2)n[nH]1,CHEMBL2005449
357.21,22,4,1,3,2,55.73,3.89,4,0.125,COc1ccc2c(c1)c(-c1cc3nc(Br)cnc3[nH]1)cn2C,CHEMBL2005478
487.34,33,4,2,7,5,102.32,5.08,4,0.2174,CC(C)(C)OC(=O)n1ncc2cc(Nc3c(NCc4ccc(Cl)cc4Cl)c(=O)c3=O)ccc21,CHEMBL2005548
471.51,35,4,2,5,7,110.52,4.61,4,0.1852,CC(C)(C)c1cc(NC(=O)C(=O)c2cccc3ccccc23)n(-c2ccc(OCC(=O)O)cc2)n1,CHEMBL2005699
422.46,31,4,2,7,7,97.46,3.43,4,0.2727,COc1nccn2c(-c3ccnc(NCC(C)(C)CO)n3)c(-c3ccc(F)cc3)nc12,CHEMBL2005792
318.38,24,3,1,3,5,51.22,3.69,3,0.1,COc1cccc(CNC(=O)c2ccc(-c3ccncc3)cc2)c1,CHEMBL2006299
296.33,22,4,1,4,2,75.02,2.84,3,0.3125,O=C(c1cc(-c2ccc3[nH]ncc3c2)on1)N1CCCCC1,CHEMBL2006481
393.47,28,4,2,4,3,78.51,3.91,3,0.0952,CN(C)S(=O)(=O)c1ccccc1-c1ccc2c(c1)Nc1ccccc1NC2=O,CHEMBL2006631
396.5,29,4,2,6,7,92.63,2.28,3,0.4762,CCc1cnn2c(NCc3ccc[n+]([O-])c3)cc(N3CCCCC3CCO)nc12,CHEMBL2006674
392.39,28,3,4,5,7,94.73,3.82,3,0.2778,CCCNC(=O)c1ccc(Nc2nc(NCC(F)(F)F)c3cc[nH]c3n2)cc1,CHEMBL2006765
167.19,11,2,2,4,0,71.77,0.57,2,0.0,Nc1[nH]c(=O)nc2sccc12,CHEMBL2007097
374.32,27,3,3,3,3,86.88,4.1,3,0.0556,O=C(Nc1ccc(-c2ccc(=O)[nH]n2)cc1)Nc1cccc(C(F)(F)F)c1,CHEMBL2007124
222.63,15,2,2,3,2,58.2,1.21,1,0.0,O=C1NC(=O)C(Nc2ccccc2)=C1Cl,CHEMBL2007138
498.56,37,5,4,4,8,109.99,6.17,5,0.1429,Cc1ccc(F)c(NC(=O)Nc2ccc(-c3ccc(OCCCn4cccc4)c4[nH]nc(N)c34)cc2)c1,CHEMBL2007266
275.38,19,2,2,5,6,68.01,3.17,2,0.2857,CCCCNc1nc(N)c(C(=O)c2ccccc2)s1,CHEMBL2007479
409.44,28,3,3,6,7,78.94,4.55,3,0.2778,CCCNC(=O)c1ccc(Nc2nc(NCC(F)(F)F)c3sccc3n2)cc1,CHEMBL2007559
422.56,30,5,3,9,7,90.89,3.12,3,0.4286,CSc1ccccc1Nc1nc(N2CCNCC2)nc2c(NCC3CC3)ncnc12,CHEMBL2017214
400.87,28,3,2,6,5,103.17,3.64,2,0.3684,COc1cc(CN2CCCCC2)c(Cl)cc1NC(=O)Nc1cnc(C#N)cn1,CHEMBL202635
513.6,38,5,2,8,10,97.84,4.74,4,0.2759,COc1cc2c(Nc3ccc(NC(=O)c4ccccc4)cc3)ncnc2cc1OCCCN1CCOCC1,CHEMBL202721
505.7,36,6,3,10,8,94.13,3.58,3,0.5385,CSc1ccccc1Nc1nc(N2CCN(C3CCNCC3)CC2)nc2c(NCC3CC3)ncnc12,CHEMBL2063926
305.76,21,3,0,3,3,49.05,2.69,3,0.3333,CCCOn1c2ccc(Cl)cc2c(=O)c2c(C)nn(C)c21,CHEMBL207253
309.34,23,4,2,2,0,61.54,3.99,4,0.2222,CC(C)(C)c1nc2c3cc[nH]c(=O)c3c3cc(F)ccc3c2[nH]1,CHEMBL21156
328.33,25,5,3,3,1,82.19,3.58,4,0.0,O=C1NC(=O)c2c1c(-c1ccccc1)cc1[nH]c3ccc(O)cc3c21,CHEMBL214253
579.06,40,5,2,8,8,120.24,6.53,4,0.25,CN(c1ccc(F)c(NC(=O)c2cccc(OC(C)(C)C#N)c2Cl)c1)c1ccc2nc(NC(=O)C3CC3)sc2n1,CHEMBL2204532
438.58,32,4,3,7,8,91.41,3.28,2,0.5417,COc1ccccc1CNc1ncc(C(=O)NC2CCN(C)CC2)c(NC2CCCC2)n1,CHEMBL2312645
477.44,32,4,3,6,7,82.18,4.57,2,0.5217,CN1CCC(NC(=O)c2cnc(NCc3cc(Cl)ccc3Cl)nc2NC2CCCC2)CC1,CHEMBL2312646
520.51,35,4,3,7,7,85.42,4.64,2,0.56,CN1CCC(NC(=O)c2cnc(Nc3cc(Cl)cc(Cl)c3)nc2NC2CCC(N(C)C)CC2)CC1,CHEMBL2312649
481.38,32,4,4,8,6,111.64,2.52,2,0.4762,CN1CCC(NC(=O)c2cnc(Nc3cc(Cl)cc(Cl)c3)nc2NC2COCC2O)CC1,CHEMBL2312652
461.4,31,4,2,7,6,79.11,5.78,3,0.4091,Cc1cc(-c2cnc(Nc3cc(Cl)cc(Cl)c3)nc2NC2CCC(N(C)C)CC2)on1,CHEMBL2312654
448.79,31,4,3,5,4,104.82,5.46,4,0.0526,O=C(Nc1ccc(Oc2ncnc3[nH]ncc23)cc1)Nc1ccc(Cl)c(C(F)(F)F)c1,CHEMBL2332840
321.34,24,3,4,6,5,113.16,2.77,3,0.0,NC(=O)c1ccccc1Nc1ccnc(Nc2cccc(O)c2)n1,CHEMBL242237
351.32,26,3,3,7,6,130.28,3.57,3,0.0,O=C(O)c1ccccc1Nc1ccnc(Nc2ccc([N+](=O)[O-])cc2)n1,CHEMBL242865
239.28,18,3,2,5,1,76.19,2.0,2,0.1538,Nc1ncnc2c1N=C(c1ccccc1)CCN2,CHEMBL262623
468.56,35,6,1,4,2,68.5,3.51,4,0.2857,CN(C)CC1CCn2cc(c3ccccc32)C2=C(C(=O)NC2=O)c2cn(c3ccccc23)CCO1,CHEMBL360847
324.14,19,3,4,4,0,112.37,0.07,1,0.1818,NC1=NC(=O)C(=C2CCNC(=O)c3[nH]c(Br)cc32)N1,CHEMBL361708
512.55,38,7,1,4,2,91.95,3.42,4,0.2857,O=C1NC(=O)C(c2cnc3ccccn23)=C1c1cn2c3c(cc(F)cc13)CN(C(=O)N1CCCCC1)CC2,CHEMBL362558
362.77,26,5,3,3,1,82.19,4.23,4,0.0,O=C1NC(=O)c2c1c(-c1ccccc1Cl)cc1[nH]c3ccc(O)cc3c21,CHEMBL379975
394.48,30,5,2,4,6,76.82,4.73,5,0.12,NC(COc1cncc(-c2ccc3cnccc3c2)c1)Cc1c[nH]c2ccccc12,CHEMBL383264
370.46,28,4,2,4,7,76.82,4.08,4,0.1304,NC(COc1cncc(C=Cc2ccncc2)c1)Cc1c[nH]c2ccccc12,CHEMBL383541
301.78,21,3,1,4,1,69.62,3.48,3,0.2667,CC(C)(C)n1nc(-c2ccc(Cl)cc2)c2c(N)ncnc21,CHEMBL406845
163.18,12,2,1,4,1,57.7,0.42,2,0.2857,CN(C)c1ncnc2nc[nH]c12,CHEMBL407391
587.55,41,4,5,9,15,174.82,3.62,4,0.3077,CCN(CCCOc1ccc2c(Nc3cc(CC(=O)Nc4cccc(F)c4)[nH]n3)ncnc2c1)CCOP(=O)(O)O,CHEMBL415049
418.86,28,4,2,8,5,102.44,3.75,3,0.1111,CS(=O)(=O)c1cccc(Nc2nccc(Nc3c(Cl)ccc4c3OCO4)n2)c1,CHEMBL445162
319.29,23,4,1,4,3,55.11,3.38,3,0.2667,FC(F)(F)c1ccc(-c2nnc3ccc(NC4CC4)nn23)cc1,CHEMBL451964
398.46,30,6,2,3,3,63.49,3.8,4,0.24,COc1ccc2c(c1)CCc1c-2c2c(c3c4ccccc4n(CCO)c13)CNC2=O,CHEMBL460989
426.52,32,6,2,3,4,63.49,4.58,4,0.2963,CC(C)Oc1ccc2c(c1)CCc1c-2c2c(c3c4ccccc4n(CCO)c13)CNC2=O,CHEMBL460990
469.25,31,3,3,4,4,97.11,5.49,3,0.05,Nc1ncc(NC(=O)c2cc(NC(=O)c3cccc(C(F)(F)F)c3)ccc2Cl)cc1Cl,CHEMBL475817
427.53,31,5,2,5,4,84.81,5.34,4,0.2083,Cc1c(Nc2c(C#N)cnc3sc(C=CC(=O)N4CCCC4)cc23)ccc2[nH]ccc12,CHEMBL477817
280.67,19,3,2,4,1,88.23,1.81,3,0.1667,CCn1c2cc(Cl)c(O)cc2c(=O)c2c(=O)o[nH]c21,CHEMBL523823
383.68,25,2,2,2,2,49.33,5.34,2,0.1333,O=C(Nc1cc(C(F)(F)F)cc(C(F)(F)F)c1)c1cc(Cl)ccc1O,CHEMBL536151
277.29,21,4,3,5,2,82.17,3.49,3,0.0,O=NC(=C1Nc2ccccc2N1)c1nc2ccccc2[nH]1,CHEMBL546797
348.36,26,4,4,5,2,90.82,4.08,3,0.05,COc1cc(-c2ccc3c(c2)Nc2c(O)cccc2NC3=O)ccc1O,CHEMBL550418
495.54,36,5,1,9,4,123.94,2.91,3,0.4583,COC(=O)Nc1ccc(-c2nc(N3CCOCC3)c3cnn(C4CCN(C(=O)OC)CC4)c3n2)cc1,CHEMBL561708
336.41,24,4,0,3,3,43.35,5.41,4,0.1,Cc1ccc(-c2ccc3occ(-c4ccc(S(C)=O)cc4)c3c2)o1,CHEMBL574588
350.44,25,4,0,3,4,43.35,5.8,4,0.1429,CCS(=O)c1ccc(-c2coc3ccc(-c4ccc(C)o4)cc23)cc1,CHEMBL574613
482.54,36,8,3,5,2,89.68,3.84,5,0.3214,CNC1CC2OC(C)(C1OC)n1c3ccccc3c3c4c(c5c6ccccc6n2c5c31)C(=O)NC4O,CHEMBL574737
258.37,19,2,2,3,6,35.5,3.3,2,0.375,CCN(CC)CCNc1ccc(O)c2ccccc12,CHEMBL576113
262.32,20,3,2,4,4,49.84,3.96,3,0.0,c1ccc(Nc2ccnc(Nc3ccccc3)n2)cc1,CHEMBL578061
400.53,30,4,3,5,6,93.76,4.31,3,0.3333,Cc1c(Nc2c(C#N)cncc2C=CCCN2CCCC(N)C2)ccc2[nH]ccc12,CHEMBL606245
515.54,38,5,1,4,6,62.53,6.4,5,0.1379,CN(C)Cc1ccc(-c2cnn3c(-c4cccc(NC(=O)c5cccc(C(F)(F)F)c5)c4)ccnc23)cc1,CHEMBL1087397
476.48,34,5,1,5,4,67.77,6.69,5,0.04,O=C(Nc1cccc(-c2ncnc3sc(-c4ccncc4)cc23)c1)c1cccc(C(F)(F)F)c1,CHEMBL1090143
362.41,27,4,3,4,5,73.83,4.22,4,0.1429,CC(O)CNc1cc(-c2[nH]c3cccnc3c2-c2ccc(F)cc2)ccn1,CHEMBL142425
547.97,38,4,3,6,9,101.3,5.92,4,0.2692,CC(C)(O)CC(=O)NCCn1ccc2ncnc(Nc3ccc(Oc4cccc(C(F)(F)F)c4)c(Cl)c3)c21,CHEMBL1614725
449.84,31,3,2,5,7,93.45,2.77,3,0.1905,Cc1ccc(C(=O)NCCO)cc1-n1cnc(OCc2ccc(F)cc2F)c(Cl)c1=O,CHEMBL1738710
425.49,32,5,2,5,6,88.39,4.21,4,0.2,Cc1ccc(C(=O)NC2CC2)cc1Nc1ncnn2cc(C(=O)c3ccccc3)c(C)c12,CHEMBL1807446
407.91,29,5,2,6,3,70.38,3.78,4,0.2857,Cc1cccc(Cl)c1Nc1nc2ccc(N3CCNC(C)C3)nc2n2cncc12,CHEMBL189338
342.36,25,4,2,8,3,141.98,0.26,3,0.4,CCn1c(-c2nonc2N)nc2cncc(C(=O)N3CCC(N)C3)c21,CHEMBL1956071
309.32,23,3,1,5,5,77.25,2.68,3,0.1176,COc1ccc(-c2ocnc2C(=O)NCc2ccncc2)cc1,CHEMBL1957085
294.38,21,3,0,4,2,42.85,3.26,2,0.1176,O=C1C(=Cc2ccccn2)CSCC1=Cc1ccccn1,CHEMBL2036343
522.03,36,5,3,8,8,119.98,5.08,5,0.2,CC(C)(N)C(=O)NCCn1ccc2ncnc(Nc3ccc(Oc4cccc5sncc45)c(Cl)c3)c21,CHEMBL2048912
623.84,43,4,2,8,9,103.87,5.69,3,0.4375,COc1cc(C)c(Sc2cnc(NC(=O)c3ccc(CNC(C)C(C)(C)C)cc3)s2)cc1C(=O)N1CCN(C(C)=O)CC1,CHEMBL209148
562.48,37,4,2,7,9,115.21,5.21,4,0.24,CC(C)(C(=O)NCCn1ccc2ncnc(Nc3ccc(Oc4cccc(Cl)c4)c(Cl)c3)c21)S(C)(=O)=O,CHEMBL2148053
444.54,33,5,3,7,6,91.41,3.41,3,0.32,O=C(Nc1ccc(-c2ccnc(Nc3ccc(N4CCOCC4)cc3)n2)cc1)C1CCCN1,CHEMBL2208034
470.62,34,3,2,9,7,98.75,2.84,2,0.5833,CONC(=O)c1ccc(C)c(Nc2nc(N(C)CC(C)(C)C)nc(N3CCCN(C)CC3)n2)c1,CHEMBL225088
420.55,30,4,3,9,5,101.79,3.37,3,0.3333,CNc1nc(C)c(-c2nc(Nc3cccc(N4CCCNCC4)c3)ncc2C#N)s1,CHEMBL2312185
291.35,22,3,0,4,2,46.09,2.46,2,0.1667,CN1CC(=Cc2ccccn2)C(=O)C(=Cc2ccccn2)C1,CHEMBL2338333
293.37,22,3,0,4,3,46.09,2.23,2,0.2778,CN1CC(=Cc2ccccn2)C(=O)C(Cc2ccccn2)C1,CHEMBL2338334
293.37,22,3,0,4,3,46.09,2.23,2,0.2778,CN1CC(=Cc2ccccn2)C(=O)C(Cc2ccccn2)C1,CHEMBL2338335
508.0,35,5,4,8,7,108.4,5.19,4,0.16,O=C(NCCO)C1=Cc2c(ncnc2Nc2ccc(Oc3cccc4sccc34)c(Cl)c2)NCC1,CHEMBL2348417
547.65,39,4,3,10,6,142.83,2.35,0,0.6897,COCC1OC(=O)C(=CN(CCO)C(C)(C)C)C2=C(O)C(=O)C3=C(C(OC(C)=O)CC4(C)C(O)CCC34)C21C,CHEMBL271190
168.2,13,3,1,1,0,28.68,2.72,3,0.0,c1ccc2c(c1)[nH]c1cnccc12,CHEMBL275224
539.49,36,5,1,8,6,77.31,6.04,4,0.2692,COc1cc(Nc2c(C#N)cnc3cc(-c4ccc(CN5CCN(C)CC5)cn4)sc23)c(Cl)cc1Cl,CHEMBL373101
469.54,32,4,0,8,7,103.44,3.96,4,0.1818,COc1cc2ncn(-c3cc(OCc4ccccc4S(C)(=O)=O)c(C#N)s3)c2cc1OC,CHEMBL373751
311.33,23,3,1,2,2,29.1,3.6,2,0.1053,O=C1C(=Cc2ccccc2F)CNCC1=Cc1ccccc1F,CHEMBL379849
403.45,30,4,3,8,6,128.76,4.0,3,0.2857,Cc1ccc(C(=O)Nc2ccon2)cc1Nc1ncnc(NC2CCCC2)c1C#N,CHEMBL383172
460.59,35,7,1,5,5,72.34,5.39,5,0.2759,Nc1nccn2c(C3CC(CN4CCC4)C3)nc(-c3ccc4ccc(-c5ccccc5)nc4c3)c12,CHEMBL410659
427.27,29,4,3,5,5,89.42,5.63,4,0.05,N#Cc1cnc2c(Cl)cc(NCc3cnc[nH]3)cc2c1Nc1ccc(F)c(Cl)c1,CHEMBL436817
194.24,15,3,1,1,1,28.68,3.23,3,0.0,c1ccc(-c2ccnc3[nH]ccc23)cc1,CHEMBL482538
333.44,25,4,2,4,4,60.17,3.49,3,0.2857,NCc1ccc(-c2cc3ccncc3cc2OC2CCNCC2)cc1,CHEMBL484967
304.39,23,4,1,3,3,34.15,4.03,3,0.25,c1ccc(-c2cc3ccncc3cc2OC2CCNCC2)cc1,CHEMBL484968
558.16,39,5,1,7,9,73.01,6.43,4,0.3,CCN1CCN(CCC=Cc2ccc3c(Nc4ccc(Sc5nccn5C)c(Cl)c4)c(C#N)cnc3c2)CC1,CHEMBL489058
486.27,28,4,3,5,4,91.57,3.66,3,0.0476,O=C1NC(=O)c2ccc(I)cc2C1=CNCc1ccc(-c2ccoc2)c(O)c1,CHEMBL504547
327.43,24,4,3,5,4,86.72,3.24,2,0.6111,OC1CCC(c2[nH]ncc2-c2ccnc(NC3CCCC3)n2)CC1,CHEMBL507249
439.5,32,5,0,7,6,89.76,5.25,5,0.0833,COc1ccc(-n2cnc3ccc(-c4nnc(SCc5cccc(C#N)c5)o4)cc32)cc1,CHEMBL516640
383.47,27,4,2,5,4,94.31,2.68,3,0.25,NS(=O)(=O)c1ccc(-c2cc3ccncc3cc2OC2CCNCC2)cc1,CHEMBL519693
319.43,22,3,3,6,4,97.27,1.34,2,0.4667,CCCc1cc(N2CCNCC2)nc2sc(C(N)=O)c(N)c12,CHEMBL568922
277.33,21,3,1,4,2,54.88,2.12,2,0.1176,O=C1C(=Cc2ccccn2)CNCC1=Cc1ccccn1,CHEMBL574646
334.45,23,3,3,6,4,105.47,1.89,2,0.5,CCCc1cc(N2CCC(O)CC2)nc2sc(C(N)=O)c(N)c12,CHEMBL576887
334.45,23,3,3,6,4,105.47,1.89,2,0.5,CCCc1cc(N2CCCC(O)C2)nc2sc(C(N)=O)c(N)c12,CHEMBL576989
333.46,23,3,3,6,4,111.26,1.86,2,0.5,CCCc1cc(N2CCC(N)CC2)nc2sc(C(N)=O)c(N)c12,CHEMBL578601
322.76,23,4,2,3,2,70.67,4.02,4,0.0,O=C(Nc1cc(Cl)cc2c1[nH]c1cnccc12)c1cccnc1,CHEMBL79004
339.28,21,2,1,6,3,113.17,2.15,2,0.1111,NC(=O)c1sc2c([N+](=O)[O-])cc(SC(F)(F)F)cc2[n+]1[O-],CHEMBL1222044
278.32,21,4,1,3,2,55.73,3.13,4,0.125,COc1ccc2c(c1)c(-c1cc3nccnc3[nH]1)cn2C,CHEMBL1233887
445.38,32,4,2,4,4,81.07,5.56,4,0.0952,Cn1ccc2ncnc(Oc3ccc(NC(=O)Nc4cccc(C(F)(F)F)c4)c(F)c3)c21,CHEMBL1254007
304.35,23,4,1,4,4,47.29,4.6,4,0.1053,COc1ccc(CNc2ccnc3oc4ccccc4c23)cc1,CHEMBL1290072
327.12,21,2,2,4,3,92.47,3.86,2,0.0,O=C(Nc1ccc([N+](=O)[O-])cc1Cl)c1cc(Cl)ccc1O,CHEMBL1448
348.4,25,2,2,6,1,93.06,2.55,1,0.4737,COc1cc(O)c2c(c1)CCCC(O)CC(=O)C=CCC(C)OC2=O,CHEMBL1651521
572.98,40,4,4,5,7,123.3,6.4,4,0.1481,COc1ccc(Cn2ncc(NC(=O)c3cc(NC(=O)Nc4ccc(Cl)c(C(F)(F)F)c4)ccc3C)c2N)cc1,CHEMBL1684800
462.6,34,5,4,7,5,124.85,3.7,3,0.52,CNc1nc(-c2ccc3c(N)n[nH]c3c2)cc(N2CC(C(=O)NC3CCCCC3)CCC2C)n1,CHEMBL1765740
425.53,32,6,1,4,2,69.12,4.49,3,0.4074,CC1(C)c2cc(C3CCN(C4COC4)CC3)ccc2C(=O)c2c1[nH]c1cc(C#N)ccc21,CHEMBL1779202
582.63,42,4,3,6,7,102.73,2.87,3,0.3667,CNC(=O)c1ncc(C#Cc2cc(C(=O)Nc3ccc(CN4CCN(CCO)CC4)c(C(F)(F)F)c3)ccc2C)n1C,CHEMBL1784637
495.56,35,5,1,7,6,115.65,2.15,4,0.2917,CN(CC1COCCO1)S(=O)(=O)Nc1ccc2ccc3ncc(-c4cnn(C)c4)cc3c(=O)c2c1,CHEMBL1822792
454.57,34,6,1,5,3,72.36,3.99,3,0.4286,CCc1cc2c(cc1N1CCN(C3COC3)CC1)C(C)(C)c1[nH]c3cc(C#N)ccc3c1C2=O,CHEMBL1823221
342.36,25,4,2,8,3,141.98,0.26,3,0.4,CCn1c(-c2nonc2N)nc2cncc(C(=O)N3CCC(N)C3)c21,CHEMBL1870106
500.58,37,5,3,6,7,91.41,5.88,4,0.25,CN1CCC(COc2ccc3c(Nc4ccc(NC(=O)Nc5cccc(F)c5)cc4)ncnc3c2)CC1,CHEMBL1934327
180.59,12,2,1,2,0,45.75,1.58,2,0.0,O=c1nc[nH]c2c(Cl)cccc12,CHEMBL1949855
526.69,39,4,2,4,8,82.5,5.99,4,0.3226,CN(C)CCCN(C)C(=O)c1cccc(-n2nc(C(C)(C)C)cc2NC(=O)Nc2cccc3ccccc23)c1,CHEMBL1964948
322.37,24,4,1,4,2,90.08,2.08,3,0.4118,CC1CCN(C(=O)CC#N)CC1c1ncc2cnc3[nH]ccc3n12,CHEMBL1966175
214.2,16,3,0,3,1,43.08,1.93,3,0.0,Fc1ccc(-c2ccc3nccn3n2)cn1,CHEMBL1967211
301.26,22,3,2,4,2,79.8,2.95,3,0.0,O=C(Nc1cnccn1)Nc1ccnc2c(F)cc(F)cc12,CHEMBL1967336
366.73,25,3,2,3,2,66.91,4.95,3,0.0625,O=C(Nc1cccc(C(F)(F)F)n1)Nc1ccnc2ccc(Cl)cc12,CHEMBL1967513
448.96,32,5,3,7,6,85.0,4.64,4,0.2609,CCN1CCN(c2ccc(Nc3ncc(Cl)c(Nc4ccc5[nH]ncc5c4)n3)cc2)CC1,CHEMBL1967998
223.27,17,3,1,1,1,29.1,2.91,2,0.1333,Cc1cccc(-c2ccc3c(c2)C(=O)NC3)c1,CHEMBL1968394
203.2,15,3,1,4,0,53.93,0.33,1,0.2,O=C1CN2C(=NN1)COc1ccccc12,CHEMBL1968515
357.3,26,3,2,4,2,90.7,4.16,3,0.0588,N#Cc1cccc(NC(=O)Nc2ccnc3cc(C(F)(F)F)ccc23)n1,CHEMBL1968868
526.69,39,4,3,4,9,91.29,6.04,4,0.3226,CCN(CC)CCNC(=O)c1cccc(-n2nc(C(C)(C)C)cc2NC(=O)Nc2cccc3ccccc23)c1,CHEMBL1970290
227.24,17,3,2,2,1,54.7,2.95,3,0.0,Nc1n[nH]c2cccc(-c3ccc(F)cc3)c12,CHEMBL1971519
378.45,28,3,1,3,7,51.22,5.17,3,0.2174,CCCOc1cccc(C(C)NC(=O)c2ccc(-c3ccncc3F)cc2)c1,CHEMBL1971606
238.25,18,3,1,3,2,73.28,1.5,3,0.0,NC(=O)c1cnn2c(-c3ccccc3)ccnc12,CHEMBL1972583
439.53,33,5,3,8,6,108.79,3.85,4,0.25,CCN1CCN(c2ccc(Nc3ncc(C#N)c(Nc4ccc5[nH]ncc5c4)n3)cc2)CC1,CHEMBL1973516
209.25,16,3,1,1,1,29.1,2.6,2,0.0714,O=C1NCc2ccc(-c3ccccc3)cc21,CHEMBL1973795
227.29,16,3,1,4,1,51.8,2.94,3,0.0,Nc1ncnc2scc(-c3ccccc3)c12,CHEMBL1975212
214.02,11,2,2,2,0,61.54,1.01,2,0.0,O=c1[nH]c2cc(Br)cnc2[nH]1,CHEMBL1975921
406.44,30,4,1,7,7,79.66,4.2,4,0.1818,COc1ccc(-n2ccc3cnc(Nc4cc(OC)c(OC)c(OC)c4)nc32)cc1,CHEMBL1975927
241.26,18,3,1,1,1,29.1,3.04,2,0.1333,Cc1cc(-c2ccc3c(c2)CNC3=O)ccc1F,CHEMBL1976290
237.26,18,3,1,3,2,58.64,2.83,3,0.0714,CC(=O)c1ccccc1-c1ncnc2[nH]ccc12,CHEMBL1977931
515.61,38,4,4,5,9,117.51,4.71,4,0.2759,CC(C)(C)c1cc(NC(=O)Nc2cccc3ccccc23)n(-c2cccc(C(=O)NCCOCCO)c2)n1,CHEMBL1978271
484.6,36,4,3,4,6,105.28,5.0,4,0.25,CN(CCN)C(=O)c1cccc(-n2nc(C(C)(C)C)cc2NC(=O)Nc2cccc3ccccc23)c1,CHEMBL1979773
227.23,17,3,3,5,0,92.93,1.37,2,0.0,Nc1ncnc2c1C(=O)Nc1ccccc1N2,CHEMBL1980671
394.48,30,5,2,4,6,76.82,4.73,5,0.12,NC(COc1cncc(-c2ccc3cnccc3c2)c1)Cc1c[nH]c2ccccc12,CHEMBL1981133
191.19,14,2,1,4,1,69.62,0.7,2,0.1111,COC(=O)c1c(N)nc2ccccn12,CHEMBL1981492
366.73,25,3,2,3,2,66.91,4.95,3,0.0625,O=C(Nc1cccc(C(F)(F)F)n1)Nc1ccnc2cc(Cl)ccc12,CHEMBL1981744
368.27,26,3,2,3,2,66.91,4.57,3,0.0625,O=C(Nc1cccc(C(F)(F)F)n1)Nc1ccnc2cc(F)c(F)cc12,CHEMBL1981792
345.4,26,4,2,3,4,70.77,4.24,2,0.1429,CCOc1ccccc1-c1cccc(-c2[nH][nH]c3nc(=O)cc(C)c2-3)c1,CHEMBL1983070
236.28,18,3,1,3,2,56.21,2.62,3,0.0,C=Cc1ccc(-c2cccc3nnc(N)n23)cc1,CHEMBL1983573
243.27,18,2,1,4,2,77.98,1.23,2,0.1538,CC(=O)c1c(-c2ccccc2)nn(C)c(=O)c1N,CHEMBL1984402
444.21,27,3,1,4,4,76.98,3.69,1,0.2353,CC(=O)OCCn1[nH]c(-c2cccc(Br)c2)c2c(C(F)(F)F)cc(=O)nc1-2,CHEMBL1984847
241.25,18,3,2,2,1,70.65,1.32,3,0.0769,Cc1cc(=O)[nH]c2[nH]n(-c3ccccc3)c(=O)c12,CHEMBL1985042
232.29,17,2,1,3,1,73.28,1.43,2,0.4167,Cc1cc(C(N)=O)n2nc(C(C)(C)C)cc2n1,CHEMBL1986684
360.34,26,3,2,3,3,66.91,4.86,3,0.1667,CCc1ccc2c(NC(=O)Nc3cccc(C(F)(F)F)n3)ccnc2c1,CHEMBL1986756
502.58,36,5,4,6,6,118.09,5.49,5,0.1154,Cc1cccc(NC(=O)Nc2ccc(-c3csc4c(-c5cnn(CCO)c5)cnc(N)c34)cc2F)c1,CHEMBL1986851
244.28,17,3,1,4,2,73.28,1.56,3,0.0,NC(=O)c1cc(-c2cccs2)n2nccc2n1,CHEMBL1987815
221.26,17,3,0,2,2,30.19,2.9,3,0.0,C(=Cc1ccc2nccn2n1)c1ccccc1,CHEMBL1988622
335.79,24,4,2,2,2,61.54,4.5,2,0.0526,Cc1cc(=O)nc2[nH][nH]c(-c3cccc(-c4ccc(Cl)cc4)c3)c1-2,CHEMBL1990590
174.62,10,2,2,4,0,67.59,1.25,2,0.0,Nc1[nH]nc2nc(Cl)sc12,CHEMBL1991867
373.48,26,5,2,4,5,92.15,2.56,3,0.5556,CCC1CC(NS(=O)(=O)C2CC2)CC1c1ncc2cnc3[nH]ccc3n12,CHEMBL1992073
407.47,30,4,1,8,6,81.63,4.03,3,0.3182,COc1cc(Nc2ncnc(N3CCCc4cc(C)ccc43)n2)cc(OC)c1OC,CHEMBL1992125
237.26,18,3,0,3,2,47.26,2.6,3,0.0714,CC(=O)c1cccc(-c2ccc3nccn3n2)c1,CHEMBL1994159
499.62,37,4,4,4,8,108.28,5.47,4,0.2759,CC(C)(C)c1cc(NC(=O)Nc2cccc3ccccc23)n(-c2cccc(C(=O)NCCCCO)c2)n1,CHEMBL1994977
266.35,20,3,2,3,2,53.6,3.84,3,0.25,CC(C)(C)Nc1ncnc2[nH]cc(-c3ccccc3)c12,CHEMBL1995211
424.46,32,6,3,6,3,103.01,2.09,4,0.1667,O=C1NC(=O)C(c2c[nH]c3ccccc23)=C1c1nc(N2CCNCC2)nc2ccccc12,CHEMBL1996510
227.24,17,3,1,2,1,41.57,3.07,3,0.0769,Cc1cc(-c2ncnc3[nH]ccc23)ccc1F,CHEMBL1997041
209.25,16,3,1,2,1,43.32,2.58,3,0.0,Nc1ncc2cccc(-c3ccccc3)n12,CHEMBL1997119
326.36,25,4,2,3,2,85.33,3.72,2,0.05,Cc1cc(=O)nc2[nH][nH]c(-c3cccc(-c4ccc(C#N)cc4)c3)c1-2,CHEMBL2000724
368.27,26,3,2,3,2,66.91,4.57,3,0.0625,O=C(Nc1cccc(C(F)(F)F)n1)Nc1ccnc2c(F)ccc(F)c12,CHEMBL2001987
306.37,23,4,1,4,4,83.18,3.47,3,0.4118,N#CCC(C1CCCC1)n1cc(-c2ncnc3[nH]ccc23)cn1,CHEMBL2002099
376.42,28,5,2,6,3,92.27,2.75,3,0.3,O=C(Nc1cnccn1)Nc1ccnc2ccc(N3CC4COCC4C3)cc12,CHEMBL2002599
243.25,18,3,2,4,3,66.49,2.1,3,0.0833,Fc1cccc(CNc2ncnc3nc[nH]c23)c1,CHEMBL2003785
498.63,37,4,3,4,7,105.28,5.39,4,0.2759,CCN(CCN)C(=O)c1cccc(-n2nc(C(C)(C)C)cc2NC(=O)Nc2cccc3ccccc23)c1,CHEMBL2004637
351.41,26,4,3,6,6,98.83,3.04,3,0.3333,CCN(C(C)=O)c1ccc(Nc2nc(NC3CC3)c3[nH]cnc3n2)cc1,CHEMBL2006564
370.33,27,3,2,3,2,66.91,4.66,3,0.1053,CC#Cc1ccc2nccc(NC(=O)Nc3cccc(C(F)(F)F)n3)c2c1,CHEMBL2007375
391.84,27,3,3,7,7,100.64,4.09,3,0.2941,CC(C)Oc1cc(Nc2nc(NC(C)c3ccc(F)cn3)ncc2Cl)[nH]n1,CHEMBL2007421
477.57,36,7,2,5,4,89.66,4.73,5,0.2857,CC(C)Cn1c2ccc(Nc3ncccn3)cc2c2c3c(c4c(c21)CCc1nn(C)cc1-4)C(=O)NC3,CHEMBL2010872
580.69,41,5,3,10,12,121.73,4.63,4,0.3793,COc1cc2c(Nc3ncc(CC(=O)Nc4cccc(F)c4)s3)ncnc2cc1OCCCN1CCC(CO)CC1,CHEMBL201307
517.46,37,4,2,8,7,120.63,5.91,4,0.25,COc1cc2ncnc(Oc3cccc(NC(=O)Nc4cc(C(C)(C)C(F)(F)F)on4)c3)c2cc1OC,CHEMBL2029988
528.54,39,5,1,6,7,96.61,5.23,5,0.1379,COc1cc2nccc(Oc3ccc(NC(=O)c4c(C)n(C)n(-c5ccccc5)c4=O)cc3F)c2cc1OC,CHEMBL2031893
477.91,34,4,3,9,9,141.08,3.89,4,0.087,C=CC(=O)NCc1coc(-c2c(N)ncnc2Nc2ccc(OCc3ccccn3)c(Cl)c2)n1,CHEMBL2035810
490.55,34,3,2,6,8,94.47,5.11,3,0.25,CC(C=CC(F)(F)F)Oc1cc(-c2cc(-c3cc(CN(C)C)cs3)cnc2N)ccc1C(N)=O,CHEMBL2042135
537.67,37,5,2,10,9,114.39,4.69,4,0.32,Cc1ccc(NC(=O)Nc2nnc(Sc3ncnc4cc(OCCCN5CCOCC5)ccc34)s2)cc1,CHEMBL2046883
404.27,25,4,3,6,5,110.75,1.8,2,0.375,Cn1cc(Nc2ncc(Br)c(NC3C4C=CC(C4)C3C(N)=O)n2)cn1,CHEMBL2071201
390.54,29,5,1,5,4,49.22,4.43,3,0.4783,CN1CCN(c2ccc(Nc3ncc4ccn(C5CCCCC5)c4n3)cc2)CC1,CHEMBL214329
535.57,39,5,2,6,7,79.38,5.62,4,0.2759,Cc1ccc(C(=O)Nc2cccc(C(F)(F)F)c2)cc1-c1ccc2nc(NCCN3CCOCC3)ncc2c1,CHEMBL215943
338.34,25,3,3,5,5,87.14,4.11,3,0.0556,Cc1ccc(Nc2nccc(Nc3ccccc3C(=O)O)n2)cc1F,CHEMBL243518
328.36,23,3,2,8,4,119.86,3.14,3,0.0714,Cc1nc(N)sc1-c1ccnc(Nc2cccc([N+](=O)[O-])c2)n1,CHEMBL298445
333.75,23,3,1,5,4,56.27,4.18,3,0.125,COc1cc2ncnc(Nc3ccc(F)c(Cl)c3)c2cc1OC,CHEMBL301018
598.61,43,4,2,9,11,108.4,5.57,4,0.2759,CNc1ncnc(-c2cccnc2Oc2ccc(F)c(C(=O)Nc3cc(C(F)(F)F)ccc3N(C)CCCN(C)C)c2)n1,CHEMBL373882
549.6,40,5,2,6,6,79.38,6.39,4,0.3,CNc1ncc2cc(-c3cc(C(=O)Nc4cc(C(F)(F)F)ccc4OC4CCN(C)CC4)ccc3C)ccc2n1,CHEMBL386661
459.31,31,4,4,5,5,85.75,3.65,2,0.0909,O=C(NC(CO)c1ccc(F)c(Cl)c1)C1=CC(=C2NNC=C2c2cccc(Cl)c2)C=N1,CHEMBL387385
351.46,24,4,1,5,3,54.35,4.06,3,0.0556,O=C1N=C(NCc2cccs2)SC1=Cc1ccc2ncccc2c1,CHEMBL393929
484.94,35,5,1,5,6,69.68,7.1,5,0.0714,COc1cc2nccc(Oc3ccc4c(C(=O)Nc5ccc(Cl)cc5)cccc4c3)c2cc1OC,CHEMBL429743
612.66,45,6,1,10,11,112.86,5.18,5,0.2727,COc1cc2c(Oc3ccc(-c4cnc(Nc5ccc(F)cc5)n(C)c4=O)nc3)ccnc2cc1OCCCN1CCOCC1,CHEMBL447602
629.66,46,6,1,9,11,99.97,5.92,5,0.2647,COc1cc2c(Oc3ccc(-c4cnc(Nc5ccc(F)cc5)n(C)c4=O)cc3F)ccnc2cc1OCCCN1CCOCC1,CHEMBL453737
539.59,40,5,2,7,8,120.5,4.71,5,0.2,COc1ccc2c(Oc3ccc(NC(=O)c4c(C)n(CC(C)(C)O)n(-c5ccccc5)c4=O)nc3)ccnc2c1,CHEMBL460472
413.48,31,5,2,5,5,86.9,3.32,4,0.2083,O=c1nc[nH]c2[nH]c(-c3ccnc(C=Cc4ccc(CN5CCOCC5)cc4)c3)cc12,CHEMBL461139
401.47,30,4,2,5,7,86.9,3.42,4,0.1739,CN(C)CCOc1ccc(C=Cc2cc(-c3cc4c(=O)nc[nH]c4[nH]3)ccn2)cc1,CHEMBL461140
590.36,33,3,3,5,8,95.5,4.84,3,0.1364,CS(=O)(=O)c1ccc(CNCc2cc(C(=O)O)c(Nc3ccc(I)cc3F)c(F)c2F)cc1,CHEMBL465465
307.21,20,2,1,5,2,113.17,1.56,2,0.1111,NC(=O)c1sc2c([N+](=O)[O-])cc(C(F)(F)F)cc2[n+]1[O-],CHEMBL476124
559.24,32,3,4,6,7,124.16,4.0,3,0.05,O=C(NN=Cc1cc(C(=O)O)c(Nc2ccc(I)cc2F)c(F)c1F)c1ccc(CO)o1,CHEMBL481968
651.79,36,3,3,6,8,124.93,4.73,3,0.0455,O=C(CS(=O)(=O)c1ccc(Cl)cc1)NN=Cc1cc(C(=O)O)c(Nc2ccc(I)cc2F)c(F)c1F,CHEMBL481969
343.42,25,5,2,5,3,66.49,4.98,5,0.0,c1cc(Nc2ncnc3[nH]ccc23)cc(-c2nc3ccccc3s2)c1,CHEMBL490555
512.44,35,4,1,6,9,72.28,5.77,4,0.2692,CCN(CC)CCOc1ccc(Nc2ncc3cc(-c4c(Cl)cccc4Cl)c(=O)n(C)c3n2)cc1,CHEMBL49120
399.48,29,5,3,7,5,91.41,5.27,5,0.0476,Cc1cc(Nc2ccnc(Nc3cccc(-c4nc5ccccc5s4)c3)n2)n[nH]1,CHEMBL491686
362.36,26,4,2,5,3,67.14,2.97,3,0.3529,FC(F)(F)c1cccc(-c2nnc3ccc(NC4CCNCC4)nn23)c1,CHEMBL493169
381.44,28,5,4,7,4,102.38,-0.65,1,0.4211,O=C(NC1=CNNC1=C1N=c2ccc(CN3CCOCC3)cc2=N1)NC1CC1,CHEMBL495727
610.69,45,6,0,8,11,87.94,5.63,5,0.2857,COc1cc2c(Oc3ccc(-c4cnc(Cc5ccccc5)n(C)c4=O)cc3F)ccnc2cc1OCCCN1CCOCC1,CHEMBL505896
516.67,37,5,3,5,8,90.54,5.37,3,0.2759,CCS(=O)(=O)Nc1ccc2c(c1)C(=C(Nc1ccc(CN3CCCCC3)cc1)c1ccccc1)C(=O)N2,CHEMBL514409
536.25,30,2,5,5,8,147.54,1.97,2,0.1667,NC(=O)CC(N)C(=O)NCc1cc(C(=O)O)c(Nc2ccc(I)cc2F)c(F)c1F,CHEMBL517647
509.6,37,6,3,9,7,109.87,6.44,6,0.1111,COc1cc2nc(Nc3cc(C)[nH]n3)nc(Nc3cccc(-c4nc5ccccc5s4)c3)c2cc1OC,CHEMBL522785
336.19,22,3,0,2,3,22.12,5.82,3,0.1176,CC(Oc1ccc2ncccc2c1)c1c(Cl)ccc(F)c1Cl,CHEMBL600795
405.26,27,3,1,3,5,65.21,5.32,3,0.1,CC(Oc1ccc2ncc(C=CC(N)=O)cc2c1)c1c(Cl)ccc(F)c1Cl,CHEMBL602471
419.28,28,4,1,3,5,65.21,5.41,3,0.2381,CC(Oc1ccc2ncc(C3CC3C(N)=O)cc2c1)c1c(Cl)ccc(F)c1Cl,CHEMBL602472
381.4,26,4,2,5,2,88.56,2.18,2,0.4118,CC1CSc2c(C(=O)O)c(=O)c3cc(F)c(N4CCC(N)C4)c(F)c3n21,CHEMBL1977604
350.43,26,4,3,5,6,99.93,2.23,3,0.3158,NC(=O)c1cccc2[nH]c(-c3cccc(NCCN4CCCC4)n3)nc12,CHEMBL1985309
340.4,24,3,1,5,4,59.92,3.79,2,0.1111,COc1ccc(C=C2SC(Nc3ccccc3)=NC2=O)cc1OC,CHEMBL1996604
455.47,34,5,3,6,5,113.68,3.28,4,0.1154,Cn1cc(C=C2Oc3cccc(O)c3C2=O)c2c(-c3ccc(C(=O)NCCO)cc3)ccnc21,CHEMBL1092754
357.82,24,4,2,3,3,74.85,4.17,4,0.0,O=S(=O)(Nc1cc(Cl)cc2c1[nH]c1cnccc12)c1ccccc1,CHEMBL309265
253.09,16,3,2,1,0,48.65,3.32,3,0.0,O=c1c(Cl)cc2c([nH]c3c[nH]ccc32)c1Cl,CHEMBL309953
351.79,25,4,2,3,3,67.01,4.63,4,0.0526,COc1cccc(C(=O)Nc2cc(Cl)cc3c2[nH]c2cnccc23)c1,CHEMBL310179
277.12,16,3,1,2,1,37.91,3.49,3,0.0833,COc1ccc2[nH]c3cnccc3c2c1Br,CHEMBL310975
202.64,14,3,1,1,0,28.68,3.37,3,0.0,Clc1ccc2[nH]c3cnccc3c2c1,CHEMBL311201
330.78,23,4,2,3,1,70.25,3.23,3,0.25,O=C(Nc1cc(Cl)cc2c1[nH]c1cnccc12)N1CCOCC1,CHEMBL311306
349.26,23,4,1,2,3,37.91,5.98,3,0.3889,Clc1cc2c([nH]c3cnccc32)c(Cl)c1OCC1CCCCC1,CHEMBL312170
351.79,25,4,2,3,3,67.01,4.63,4,0.0526,COc1ccccc1C(=O)Nc1cc(Cl)cc2c1[nH]c1cnccc12,CHEMBL312648
267.12,17,3,1,2,1,37.91,4.03,3,0.0833,COc1c(Cl)cc2c([nH]c3cnccc32)c1Cl,CHEMBL312651
295.75,19,3,2,3,2,74.85,2.74,3,0.0833,CS(=O)(=O)Nc1cc(Cl)cc2c1[nH]c1cnccc12,CHEMBL312676
275.7,19,3,2,3,1,67.01,3.55,3,0.0769,COC(=O)Nc1cc(Cl)cc2c1[nH]c1cnccc12,CHEMBL312698
512.9,36,4,2,6,7,108.47,5.19,4,0.08,CCOc1ccn(-c2ccc(F)cc2)c(=O)c1C(=O)Nc1ccc(Oc2ccnc(N)c2Cl)c(F)c1,CHEMBL460702
293.33,22,3,2,5,5,71.09,2.59,3,0.1176,CC(Nc1c(Nc2ccncc2)c(=O)c1=O)c1ccccc1,CHEMBL466496
387.41,29,4,2,5,6,71.09,4.4,4,0.087,CC(Nc1c(Nc2ccnc(-c3ccccc3F)c2)c(=O)c1=O)c1ccccc1,CHEMBL468125
375.45,27,4,2,6,6,71.09,4.32,4,0.0952,CC(Nc1c(Nc2ccnc(-c3ccsc3)c2)c(=O)c1=O)c1ccccc1,CHEMBL481248
338.32,25,3,4,7,6,134.41,0.77,3,0.0588,NC(=O)C(Nc1c(Nc2ccncc2)c(=O)c1=O)c1cccc(O)c1,CHEMBL511410
359.39,27,4,2,6,6,84.23,3.85,4,0.0952,CC(Nc1c(Nc2ccnc(-c3ccco3)c2)c(=O)c1=O)c1ccccc1,CHEMBL519113
237.09,15,3,1,1,0,28.68,4.02,3,0.0,Clc1cc(Cl)c2[nH]c3cnccc3c2c1,CHEMBL78464
236.2,17,3,1,1,0,28.68,3.73,3,0.0833,FC(F)(F)c1ccc2[nH]c3cnccc3c2c1,CHEMBL78618
321.77,23,4,2,2,2,57.78,4.62,4,0.0,O=C(Nc1cc(Cl)cc2c1[nH]c1cnccc12)c1ccccc1,CHEMBL78862
351.79,25,4,2,3,3,67.01,4.63,4,0.0526,COc1ccc(C(=O)Nc2cc(Cl)cc3c2[nH]c2cnccc23)cc1,CHEMBL78885
322.76,23,4,2,3,2,70.67,4.02,4,0.0,O=C(Nc1cc(Cl)cc2c1[nH]c1cnccc12)c1ccccn1,CHEMBL78917
259.7,18,3,2,2,1,57.78,3.33,3,0.0769,CC(=O)Nc1cc(Cl)cc2c1[nH]c1cnccc12,CHEMBL80121
198.22,15,3,1,2,1,37.91,2.72,3,0.0833,COc1ccc2[nH]c3cnccc3c2c1,CHEMBL80619
307.78,22,4,2,2,3,40.71,4.98,4,0.0556,Clc1cc(NCc2ccccc2)c2[nH]c3cnccc3c2c1,CHEMBL80793
322.76,23,4,2,3,2,70.67,4.02,4,0.0,O=C(Nc1cc(Cl)cc2c1[nH]c1cnccc12)c1ccncc1,CHEMBL80843
247.09,14,3,1,1,0,28.68,3.48,3,0.0,Brc1ccc2[nH]c3cnccc3c2c1,CHEMBL81169
186.19,14,3,1,1,0,28.68,2.86,3,0.0,Fc1ccc2[nH]c3cnccc3c2c1,CHEMBL81170
193.21,15,3,1,2,0,52.47,2.59,3,0.0,N#Cc1ccc2[nH]c3cnccc3c2c1,CHEMBL81214
281.14,18,3,1,2,2,37.91,4.42,3,0.1538,CCOc1c(Cl)cc2c([nH]c3cnccc32)c1Cl,CHEMBL81229
274.71,19,3,3,2,1,69.81,3.12,3,0.0769,CNC(=O)Nc1cc(Cl)cc2c1[nH]c1cnccc12,CHEMBL81315
307.18,20,4,1,2,3,37.91,4.81,3,0.2667,Clc1cc2c([nH]c3cnccc32)c(Cl)c1OCC1CC1,CHEMBL81603
366.2,24,4,1,4,1,67.45,3.85,3,0.25,O=C(Oc1c(Cl)cc2c([nH]c3cnccc32)c1Cl)N1CCOCC1,CHEMBL81809
247.64,17,3,1,3,1,71.82,3.28,3,0.0,O=[N+]([O-])c1cc(Cl)cc2c1[nH]c1cnccc12,CHEMBL81838
336.78,24,4,2,3,3,70.67,3.95,4,0.0556,O=C(Cc1ccccn1)Nc1cc(Cl)cc2c1[nH]c1cnccc12,CHEMBL82136
303.75,21,3,3,3,4,78.01,3.08,3,0.2,O=C(CCCO)Nc1cc(Cl)cc2c1[nH]c1cnccc12,CHEMBL82137
467.55,33,5,1,8,5,81.21,2.57,3,0.3478,COc1cc2ncnc(N3CCN(C(=S)NCc4ccc5c(c4)OCO5)CC3)c2cc1OC,CHEMBL102301
418.46,31,4,1,7,4,103.61,2.87,3,0.2727,COc1cc2ncnc(N3CCN(C(=O)Nc4ccc(C#N)cc4)CC3)c2cc1OC,CHEMBL106966
334.35,25,4,2,4,3,76.82,4.02,4,0.0526,COc1cc(N)nc2[nH]c(-c3ccc(F)cc3)c(-c3ccncc3)c12,CHEMBL115769
335.82,22,3,2,4,4,71.09,3.71,2,0.2667,Cc1cccc(Cl)c1NC(=O)c1cnc(NC(=O)C2CC2)s1,CHEMBL131577
287.33,22,4,1,4,2,67.35,3.39,4,0.0588,Cc1cccc(-c2[nH]ncc2-c2ccc3ncccc3n2)n1,CHEMBL185238
508.58,38,7,1,4,2,91.95,3.59,4,0.3103,Cc1cc2c3c(c1)c(C1=C(c4cnc5ccccn45)C(=O)NC1=O)cn3CCN(C(=O)N1CCCCC1)C2,CHEMBL186290
426.88,30,4,2,7,6,86.1,3.78,3,0.2857,N#Cc1cnc2cnc(NCCN3CCOCC3)cc2c1Nc1ccc(F)c(Cl)c1,CHEMBL197538
482.61,35,5,2,8,8,86.1,5.14,4,0.2222,N#Cc1cnc2cnc(NCCN3CCOCC3)cc2c1Nc1ccc(Sc2ccccc2)cc1,CHEMBL199210
404.84,29,4,2,6,5,86.52,5.04,4,0.0476,N#Cc1cnc2cnc(NCc3cccnc3)cc2c1Nc1ccc(F)c(Cl)c1,CHEMBL200381
360.21,22,3,1,5,4,56.27,4.15,3,0.125,COc1cc2ncnc(Nc3cccc(Br)c3)c2cc1OC,CHEMBL29197
505.59,37,5,2,4,6,54.77,6.81,4,0.3103,CC(Nc1cc(-c2c(-c3cccc(C(F)(F)F)c3)nc(C3CCNCC3)n2C)ccn1)c1ccccc1,CHEMBL303144
506.58,37,5,2,5,6,67.66,6.2,4,0.3214,CC(Nc1nccc(-c2c(-c3cccc(C(F)(F)F)c3)nc(C3CCNCC3)n2C)n1)c1ccccc1,CHEMBL305178
423.54,30,4,1,6,5,62.75,2.84,3,0.3182,COc1cc2ncnc(N3CCN(C(=S)NCc4ccccc4)CC3)c2cc1OC,CHEMBL319894
472.34,30,4,1,6,4,79.82,3.76,3,0.2857,COc1cc2ncnc(N3CCN(C(=O)Nc4ccc(Br)cc4)CC3)c2cc1OC,CHEMBL323336
494.56,37,7,1,4,2,91.95,3.28,4,0.2857,O=C1NC(=O)C(c2cnc3ccccn23)=C1c1cn2c3c(cccc13)CN(C(=O)N1CCCCC1)CC2,CHEMBL362588
454.49,34,6,1,4,2,91.95,2.35,4,0.2,CN(C)C(=O)N1CCn2cc(C3=C(c4cnc5ccccn45)C(=O)NC3=O)c3cccc(c32)C1,CHEMBL362814
469.5,35,6,1,5,3,97.94,3.22,4,0.2308,CC(C)OC(=O)N1CCn2cc(C3=C(c4cnc5ccccn45)C(=O)NC3=O)c3cccc(c32)C1,CHEMBL363058
373.87,25,3,2,6,4,79.8,4.51,3,0.1765,Cc1cc(Nc2ncc(C(=O)Nc3c(C)cccc3Cl)s2)nc(C)n1,CHEMBL364623
446.56,33,5,2,7,5,92.15,3.57,3,0.44,CC(=O)c1c(C)c2cnc(Nc3ccc(N4CCNCC4)cc3)nc2n(C2CCCC2)c1=O,CHEMBL365847
466.55,35,5,2,8,8,95.33,4.78,4,0.2222,N#Cc1cnc2cnc(NCCN3CCOCC3)cc2c1Nc1ccc(Oc2ccccc2)cc1,CHEMBL371095
464.57,35,5,2,7,8,86.1,4.58,4,0.25,N#Cc1cnc2cnc(NCCN3CCOCC3)cc2c1Nc1ccc(Cc2ccccc2)cc1,CHEMBL371658
401.44,28,4,3,6,7,78.94,4.06,3,0.2105,O=C(NC1CC1)c1cc(NCc2cnc(Nc3ccccn3)s2)c(F)cc1F,CHEMBL377734
438.44,32,4,1,8,5,122.96,2.91,3,0.2857,COc1cc2ncnc(N3CCN(C(=O)Nc4ccc([N+](=O)[O-])cc4)CC3)c2cc1OC,CHEMBL99743
527.02,37,6,1,9,9,87.2,5.18,3,0.4815,Clc1ccc2c(c1Nc1ncnc3cc(OCCCN4CCCC4)cc(OC4CCOCC4)c13)OCO2,CHEMBL217090
542.04,38,6,1,10,8,90.44,3.94,3,0.4815,CN1CCN(CCOc2cc(OC3CCOCC3)c3c(Nc4c(Cl)ccc5c4OCO5)ncnc3c2)CC1,CHEMBL217092
459.28,29,4,1,7,7,86.98,3.95,4,0.1579,COc1cc2c(Nc3ccc(Br)cc3F)ncnc2cc1OCCn1ccnn1,CHEMBL281872
475.36,30,4,1,6,6,59.51,5.0,3,0.3636,COc1cc2c(Nc3ccc(Br)cc3F)ncnc2cc1OCC1CCN(C)CC1,CHEMBL533849
210.24,16,3,2,1,1,44.89,2.51,2,0.0,O=C1Nc2ccccc2C1=Cc1ccc[nH]1,CHEMBL86755
310.36,24,6,2,1,0,44.89,4.14,4,0.0952,O=C1NCc2c3c(c4[nH]c5ccccc5c4c21)Cc1ccccc1-3,CHEMBL148471
379.38,27,3,1,3,6,49.77,4.11,2,0.35,Cc1cc(OCc2cccc(C(F)(F)F)c2)ccc1CN1CC(C(=O)O)C1,CHEMBL1966501
365.35,26,3,1,3,6,49.77,3.8,2,0.3158,O=C(O)C1CN(Cc2ccc(OCc3cccc(C(F)(F)F)c3)cc2)C1,CHEMBL1971132
513.64,38,4,4,4,7,108.28,5.71,4,0.3,CC(C)C(CO)NC(=O)c1cccc(-n2nc(C(C)(C)C)cc2NC(=O)Nc2cccc3ccccc23)c1,CHEMBL1971223
494.6,37,4,2,4,6,103.05,5.95,4,0.2414,CN(CCC#N)C(=O)c1cccc(-n2nc(C(C)(C)C)cc2NC(=O)Nc2cccc3ccccc23)c1,CHEMBL1974998
324.38,24,3,3,4,4,73.47,2.51,2,0.2222,CN(C)c1ccc(NC(=O)CC2Nc3ccccc3NC2=O)cc1,CHEMBL1985469
347.34,26,4,4,7,5,128.71,2.93,4,0.0,O=C(O)c1ccccc1Nc1ncnc(Nc2ccc3cn[nH]c3c2)n1,CHEMBL1986666
293.25,21,3,2,2,1,61.54,3.2,1,0.1429,Cc1cc(=O)nc2[nH][nH]c(-c3cccc(C(F)(F)F)c3)c1-2,CHEMBL1991377
526.69,39,4,3,4,8,105.28,6.17,4,0.3226,CC(C)N(CCCN)C(=O)c1cccc(-n2nc(C(C)(C)C)cc2NC(=O)Nc2cccc3ccccc23)c1,CHEMBL1994318
290.32,22,4,2,2,2,54.12,3.67,3,0.0556,COc1ccc2[nH]cc(C=C3C(=O)Nc4ccccc43)c2c1,CHEMBL1997275
527.63,39,4,4,4,9,125.35,5.95,4,0.2667,CC(C)(C)c1cc(NC(=O)Nc2cccc3ccccc23)n(-c2cccc(C(=O)NCCCCC(=O)O)c2)n1,CHEMBL1999506
198.27,15,3,1,1,1,28.68,2.68,2,0.3077,c1ccc(C2CCc3[nH]ncc3C2)cc1,CHEMBL2000879
352.44,26,3,3,4,5,107.02,3.73,3,0.3,CC(C)(C)CCOc1cc(-c2ccc(C(N)=O)cc2)cc2[nH]nc(N)c12,CHEMBL2001398
499.62,37,4,2,4,7,88.49,5.69,4,0.2759,COCCN(C)C(=O)c1cccc(-n2nc(C(C)(C)C)cc2NC(=O)Nc2cccc3ccccc23)c1,CHEMBL2002660
235.29,17,2,2,4,5,73.16,1.95,2,0.4167,CCOCC(C)Oc1cccc2[nH]nc(N)c12,CHEMBL2002736
485.59,36,4,4,4,7,108.28,5.08,4,0.25,CC(C)(C)c1cc(NC(=O)Nc2cccc3ccccc23)n(-c2cccc(C(=O)NCCCO)c2)n1,CHEMBL2007073
328.4,24,6,2,2,0,44.89,4.93,5,0.05,O=C1NCc2c1c1c3ccccc3sc1c1[nH]c3ccccc3c21,CHEMBL221536
324.31,24,3,3,5,5,87.14,3.8,3,0.0,O=C(O)c1ccccc1Nc1ccnc(Nc2cccc(F)c2)n1,CHEMBL243298
310.36,24,6,2,1,0,44.89,4.14,4,0.0952,O=C1NCc2c1c1c(c3[nH]c4ccccc4c23)Cc2ccccc2-1,CHEMBL357490
324.38,25,6,2,1,0,44.89,4.33,4,0.1364,O=C1NCc2c3c(c4[nH]c5ccccc5c4c21)CCc1ccccc1-3,CHEMBL374581
338.37,26,6,2,2,0,61.96,3.97,4,0.0909,O=C1NC(=O)c2c1c1c(c3[nH]c4ccccc4c23)CCc2ccccc2-1,CHEMBL386636
467.48,35,8,2,5,1,94.72,3.66,5,0.2593,COC(=O)C1(O)CC2OC1(C)n1c3ccccc3c3c4c(c5c6ccccc6n2c5c31)C(=O)NC4,CHEMBL416056
417.47,31,5,1,6,6,84.75,2.46,4,0.2609,O=c1ccc(-c2cnn3cc(-c4ccc(OCCN5CCOCC5)cc4)cnc23)c[nH]1,CHEMBL1271480
390.45,29,5,1,6,6,80.57,2.5,4,0.2857,c1cc(-c2cnc3c(-c4cn[nH]c4)cnn3c2)ccc1OCCN1CCOCC1,CHEMBL1271532
416.49,31,5,1,7,6,90.8,2.75,4,0.2609,Nc1cc(-c2cnn3cc(-c4ccc(OCCN5CCOCC5)cc4)cnc23)ccn1,CHEMBL1271533
432.48,32,5,2,7,6,92.35,3.19,4,0.25,Oc1ccc(-c2cnn3cc(-c4ccc(OCCN5CCOCC5)cc4)cnc23)cc1O,CHEMBL1271641
347.35,24,3,4,7,4,138.68,2.14,3,0.0,NS(=O)(=O)c1ccc(Nc2ncc(-c3ccc(O)c(O)c3)o2)cc1,CHEMBL1271642
332.34,23,3,3,6,4,131.08,1.42,3,0.0,NS(=O)(=O)c1ccc(Nc2ncc(-c3ccc(=O)[nH]c3)o2)cc1,CHEMBL1271692
401.47,30,5,0,6,6,64.78,3.17,4,0.2609,c1cc(-c2cnn3cc(-c4ccc(OCCN5CCOCC5)cc4)cnc23)ccn1,CHEMBL324153
399.5,30,5,0,5,6,55.55,4.32,4,0.2917,c1cc(-c2cnn3cc(-c4ccc(OCCN5CCCCC5)cc4)cnc23)ccn1,CHEMBL478629
307.31,23,4,2,5,2,71.95,2.35,2,0.0588,O=C1N=C(Nc2ccccc2)NC1=Cc1ccc2c(c1)OCO2,CHEMBL1802358
475.47,34,4,2,6,7,97.48,5.87,3,0.375,CC(C)Oc1ccc(-c2noc(-c3ccc(NC4CCC(C(=O)O)C4)cc3)n2)cc1C(F)(F)F,CHEMBL1981947
324.38,24,3,2,4,6,84.24,2.27,3,0.2222,CN(C)CCOc1cccc(-c2nc3c(C(N)=O)cccc3[nH]2)c1,CHEMBL1989569
212.25,16,3,1,2,1,37.91,3.03,3,0.1538,COc1ccc2c(c1)[nH]c1c(C)nccc12,CHEMBL269538
245.24,18,3,1,5,1,77.15,0.54,1,0.1667,CN1C(=O)C(=Cc2ccc3c(c2)OCO3)N=C1N,CHEMBL485053
398.63,29,3,2,2,7,40.46,6.68,1,0.7037,Cc1ccc(O)cc1CCC1C(O)CCC2(C)C(C(C)C=CCC(C)C)CCC12,CHEMBL1922224
410.64,30,3,1,2,8,37.3,7.27,1,0.6786,C=C(CCC(C)C1CCC2C(CCc3cc(O)ccc3C)C(=O)CCC12C)C(C)C,CHEMBL1922225
539.08,38,6,3,8,7,114.63,3.55,2,0.5357,COc1c(Nc2ncc(Cl)c(NC3C4C=CC(C4)C3C(N)=O)n2)ccc2c1CCC(N1CCOCC1)CC2,CHEMBL2064666
274.23,20,3,4,6,0,111.13,2.08,3,0.0714,Cc1c(O)c(O)cc2oc3cc(O)cc(O)c3c(=O)c12,CHEMBL454440
414.63,30,3,2,3,8,57.53,6.08,1,0.7407,Cc1ccc(O)cc1CCC1C(=O)CCC2(C)C1CC(O)C2C(C)CCCC(C)C,CHEMBL456294
398.63,29,3,1,2,8,37.3,7.11,1,0.7407,Cc1ccc(O)cc1CCC1C(=O)CCC2(C)C(C(C)CCCC(C)C)CCC12,CHEMBL456936
416.65,30,3,3,3,8,60.69,5.87,1,0.7778,Cc1ccc(O)cc1CCC1C(O)CCC2(C)C1CC(O)C2C(C)CCCC(C)C,CHEMBL464351
258.23,19,3,3,5,0,90.9,2.37,3,0.0714,Cc1cc(O)cc2oc3cc(O)cc(O)c3c(=O)c12,CHEMBL466154
412.66,30,3,2,2,8,40.46,7.07,1,0.7143,C=C(CCC(C)C1CCC2C(CCc3cc(O)ccc3C)C(O)CCC12C)C(C)C,CHEMBL515982
400.65,29,3,2,2,8,40.46,6.9,1,0.7778,Cc1ccc(O)cc1CCC1C(O)CCC2(C)C(C(C)CCCC(C)C)CCC12,CHEMBL517956
396.62,29,3,1,2,7,37.3,6.88,1,0.6667,Cc1ccc(O)cc1CCC1C(=O)CCC2(C)C(C(C)C=CCC(C)C)CCC12,CHEMBL518060
303.36,22,3,2,6,4,76.5,2.36,2,0.5,COc1cc2ncc(NC3CCC(O)CC3)nc2cc1OC,CHEMBL104466
295.3,22,3,2,6,5,87.97,2.37,2,0.0667,COc1ccc(C2=C(NNc3cccnc3)C(=O)N=N2)cc1,CHEMBL1076721
324.34,24,3,2,6,6,84.31,2.98,2,0.1176,COc1ccc(C2=C(NNc3cccc(OC)c3)C(=O)N=N2)cc1,CHEMBL1080902
499.62,37,5,2,7,6,101.02,4.6,4,0.3214,CC(C)COC(=O)Nc1ccc(-c2cnc3c(-c4ccc(N5CCN(C)CC5)cc4)cnn3c2N)cc1,CHEMBL1085511
295.3,22,3,2,6,5,87.97,2.37,2,0.0667,COc1ccncc1C1=C(NNc2ccccc2)C(=O)N=N1,CHEMBL1086736
479.46,35,4,2,6,6,89.03,5.95,4,0.12,CNc1nccc(-c2cccnc2Oc2ccc(NC(=O)c3cccc(C(F)(F)F)c3)cc2C)n1,CHEMBL1242977
488.55,37,5,3,7,8,101.06,6.37,5,0.0345,CNc1nccc(-c2cccnc2Oc2ccc(NC(=O)c3ccccc3Nc3ccccc3)cc2)n1,CHEMBL1243200
515.55,39,6,2,8,7,97.74,6.87,6,0.0333,CNc1nccc(-c2cccnc2Oc2ccc(Nc3nnc(-c4ccc(F)cc4)c4ccccc34)cc2)n1,CHEMBL1243326
355.35,26,3,3,6,5,102.31,3.57,3,0.1765,Cc1cc(Nc2nc(NC(C)c3ccc(F)cn3)c(C#N)cc2F)n[nH]1,CHEMBL1774056
589.73,43,6,2,8,10,96.68,6.51,6,0.1515,COc1ccc(CN(C)C)cc1Nc1nccc(-c2c(-c3cccc(NC(=O)Cc4ccccc4)c3)nc3sccn23)n1,CHEMBL1966842
630.78,46,7,2,9,9,99.92,6.35,6,0.2,CN(C)c1ccc(-c2nc3sccn3c2-c2ccnc(Nc3cccc(N4CCOCC4)c3)n2)cc1NC(=O)Cc1ccccc1,CHEMBL1969483
244.25,18,2,4,4,2,80.92,2.68,2,0.0,Oc1cc(O)cc(C=Cc2ccc(O)c(O)c2)c1,CHEMBL1972346
351.16,21,3,1,5,3,89.35,1.44,3,0.2308,CCOC(=O)Cc1nc2c3cc(Br)ccc3nc(=O)n2[nH]1,CHEMBL1974480
616.75,45,7,2,9,8,99.92,6.42,6,0.1765,CN(C)c1ccc(-c2nc3sccn3c2-c2ccnc(Nc3cccc(N4CCOCC4)c3)n2)cc1NC(=O)c1ccccc1,CHEMBL1978267
359.86,25,3,4,5,5,106.06,3.26,2,0.3333,NC(=O)c1ccc(NC2CCCCC2N)nc1Nc1cccc(Cl)c1,CHEMBL1982753
502.6,37,6,2,6,6,84.21,6.82,6,0.0345,Cc1ccccc1Nc1nccc(-c2c(-c3cccc(NC(=O)c4ccccc4)c3)nc3sccn23)n1,CHEMBL1988076
388.43,28,4,1,2,5,28.26,5.76,3,0.3636,CC1CCCN1CCc1cc2cc(-c3ccc(OC(F)(F)F)cc3)ccc2[nH]1,CHEMBL1990635
611.68,44,6,2,8,9,96.68,6.86,6,0.125,COc1ccc(CN(C)C)cc1Nc1nccc(-c2c(-c3cccc(NC(=O)c4c(F)cccc4F)c3)nc3sccn23)n1,CHEMBL1997051
516.63,38,6,2,6,7,84.21,6.75,6,0.0667,Cc1ccccc1Nc1nccc(-c2c(-c3cccc(NC(=O)Cc4ccccc4)c3)nc3sccn23)n1,CHEMBL1997909
362.46,26,5,3,6,6,78.52,4.65,4,0.2105,c1ccc(CNc2nc(Nc3cc(C4CC4)[nH]n3)c3sccc3n2)cc1,CHEMBL1997924
631.76,46,7,2,9,10,105.91,6.68,6,0.2,CCOc1ccc(-c2nc3sccn3c2-c2ccnc(Nc3cccc(N4CCOCC4)c3)n2)cc1NC(=O)Cc1ccccc1,CHEMBL2000078
360.34,26,3,2,3,3,66.91,4.86,3,0.1667,CCc1ccc2nccc(NC(=O)Nc3cccc(C(F)(F)F)n3)c2c1,CHEMBL2000934
626.12,44,7,2,8,7,96.68,7.14,6,0.125,O=C(Nc1cccc(-c2nc3sccn3c2-c2ccnc(Nc3cccc(N4CCOCC4)c3)n2)c1Cl)c1ccccc1F,CHEMBL2001228
243.69,17,3,1,1,1,29.1,3.25,2,0.0714,O=C1NCc2ccc(-c3ccc(Cl)cc3)cc21,CHEMBL2002202
622.15,44,7,2,8,8,96.68,6.93,6,0.1515,O=C(Cc1ccccc1)Nc1cc(-c2nc3sccn3c2-c2ccnc(Nc3cccc(N4CCOCC4)c3)n2)ccc1Cl,CHEMBL2005482
350.28,25,3,2,3,2,66.91,4.43,3,0.0625,O=C(Nc1cccc(C(F)(F)F)n1)Nc1ccnc2ccc(F)cc12,CHEMBL2007603
407.44,29,3,2,6,5,84.14,3.13,2,0.45,CC(C)CC1CN(c2ccc(C(F)(F)F)c(C(=O)c3cccnc3N)n2)CCN1,CHEMBL2046643
381.42,28,4,2,6,6,93.54,3.64,4,0.2632,CC(C)Oc1cc(-n2cnc3ccc(NC(C)c4ccc(F)cn4)nc32)[nH]n1,CHEMBL2151321
468.61,35,6,2,7,6,74.14,5.18,4,0.3704,CN1CCN(c2ccc(Nc3ncc4nc(Nc5ccccc5)n(C5CCCC5)c4n3)cc2)CC1,CHEMBL2178352
528.47,38,4,2,8,9,111.15,5.57,4,0.16,CNc1ncnc(-c2cccnc2Oc2cc(NC(=O)c3cccc(OC(F)(F)C(F)F)c3)ccc2C)n1,CHEMBL246356
489.41,33,3,3,6,10,91.41,5.89,3,0.2609,CCN(CC)CCOc1ccc(Nc2cc(NC(=O)Nc3c(Cl)cccc3Cl)ncn2)cc1,CHEMBL253292
589.62,43,5,3,7,7,102.49,5.8,4,0.2258,Cc1ccc(NC(=O)c2cccc(C(F)(F)F)c2)cc1C(=O)Nc1cnc(Nc2ccc(N3CCN(C)CC3)cc2)nc1,CHEMBL272888
488.37,33,5,2,2,3,44.37,6.77,3,0.24,O=C1NCc2c(-c3ccc(F)cc3F)cc(C3CCNCC3)cc2N1c1c(Cl)cccc1Cl,CHEMBL319556
526.54,38,4,2,6,4,87.38,4.4,3,0.2963,CN(C)C1CCCN(c2ccc(C(F)(F)F)cc2NC(=O)c2cc(C#Cc3cnc(N)nc3)ccc2F)C1,CHEMBL386637
686.81,50,5,1,12,14,119.98,6.22,4,0.3784,COc1ccc(N(C(=O)Oc2c(C)cccc2C)c2ccnc(Nc3cc(OC)c(OCCCN4CCN(C)CC4)c(OC)c3)n2)c(OC)c1,CHEMBL386760
377.37,27,4,2,5,3,75.34,3.53,3,0.3889,OC1CCC(Nc2ccc3nnc(-c4cccc(C(F)(F)F)c4)n3n2)CC1,CHEMBL494221
446.37,27,3,2,4,8,71.09,3.58,3,0.15,O=S(=O)(NCCNCC=Cc1ccc(Br)cc1)c1cccc2cnccc12,CHEMBL104264
247.34,18,2,2,3,3,68.01,2.17,1,0.5714,CC(N)C1CCC(C(=O)Nc2ccncc2)CC1,CHEMBL559147
445.52,33,4,3,5,7,88.69,3.53,3,0.2308,COc1ccc(C(=O)NCc2cccc(C(=O)Nc3ccc4c(c3)CNCC4)c2)cc1OC,CHEMBL604087
332.32,25,4,2,4,3,100.92,3.48,3,0.0,O=C1Nc2ccccc2C1=Cc1cn[nH]c1-c1ccccc1[N+](=O)[O-],CHEMBL2347053
530.64,40,7,1,7,4,83.59,4.69,6,0.2258,Cc1cccc(C)c1-n1c(=O)c2cnc(Nc3ccc(N4CCN(C)CC4)cc3)nc2n2c3ccccc3nc12,CHEMBL410295
393.47,28,5,3,6,3,89.45,3.08,4,0.2381,O=c1nc(CN2CCC(O)C2)[nH]c2c1sc1ccc(-c3ccc(O)cc3)cc12,CHEMBL583187
457.56,33,5,3,4,6,105.9,3.72,4,0.16,Cn1cc(C2=C(c3cn(CCCSC(=N)N)c4ccccc34)C(=O)NC2=O)c2ccccc21,CHEMBL6291
326.4,24,3,4,4,8,100.01,1.64,2,0.3333,NCCCCCCNC1=C(c2cc3ccccc3[nH]2)C(=O)NC1=O,CHEMBL100102
485.54,36,5,1,7,6,89.05,4.79,4,0.2222,COc1cc2ncnc(N3CCN(C(=O)Nc4ccc(Oc5ccccc5)cc4)CC3)c2cc1OC,CHEMBL102346
435.53,32,4,1,6,5,79.82,4.12,3,0.375,COc1cc2ncnc(N3CCN(C(=O)Nc4ccc(C(C)C)cc4)CC3)c2cc1OC,CHEMBL104067
592.56,43,7,9,11,6,220.97,-0.44,5,0.3103,O=C1c2c(c3c4cc(O)ccc4n(C4OC(CO)C(O)C(O)C4O)c3c3[nH]c4ccccc4c23)C(=O)N1NC(CO)CO,CHEMBL111779
592.56,43,7,9,11,6,220.97,-0.44,5,0.3103,O=C1c2c(c3c4c(O)cccc4n(C4OC(CO)C(O)C(O)C4O)c3c3[nH]c4ccccc4c23)C(=O)N1NC(CO)CO,CHEMBL111889
608.56,44,7,10,12,6,241.2,-0.73,5,0.3103,O=C1c2c(c3c4ccc(O)cc4n(C4OC(CO)C(O)C(O)C4O)c3c3[nH]c4cc(O)ccc4c23)C(=O)N1NC(CO)CO,CHEMBL112235
624.56,45,7,11,13,6,261.43,-1.03,5,0.3103,O=C1c2c(c3c4ccc(O)cc4n(C4OC(CO)C(O)C(O)C4O)c3c3[nH]c4c(O)cc(O)cc4c23)C(=O)N1NC(CO)CO,CHEMBL112239
338.37,25,3,1,7,6,78.39,3.31,3,0.1667,COc1cc(Nc2nccc(-c3cccnc3)n2)cc(OC)c1OC,CHEMBL112263
450.54,33,4,2,9,8,93.66,3.5,3,0.375,CCC1CN(c2ccc(-c3ccnc(Nc4cc(OC)c(OC)c(OC)c4)n3)cn2)CCN1,CHEMBL112346
608.56,44,7,10,12,6,241.2,-0.73,5,0.3103,O=C1c2c(c3c4cc(O)ccc4n(C4OC(CO)C(O)C(O)C4O)c3c3[nH]c4c(O)cccc4c23)C(=O)N1NC(CO)CO,CHEMBL112602
396.45,29,3,3,9,9,116.44,2.68,3,0.25,COc1cc(Nc2nccc(-c3ccc(NCCN)nc3)n2)cc(OC)c1OC,CHEMBL113185
534.71,40,5,2,5,13,96.55,6.73,4,0.3636,N=c1cc2c(nn1CCCCCCCCCCC(=O)Nc1ccc(-c3ccccc3)nn1)-c1ccccc1CC2,CHEMBL115531
956.68,68,7,13,26,9,447.09,0.02,4,0.2439,O=C(O)CC1C(=O)OC2C(COC(=O)c3cc(O)c(O)c(O)c3)OC(OC(=O)c3cc(O)c(O)c(O)c3)C(OC(=O)c3cc(O)c(O)c4c3C1C(O)C(=O)O4)C2OC(=O)c1cc(O)c(O)c(O)c1,CHEMBL1159459
954.66,68,8,14,27,7,450.25,-1.08,4,0.2195,O=C1OC2C(COC(=O)c3cc(O)c(O)c(O)c3)OC(OC(=O)c3cc(O)c(O)c(O)c3)C(OC(=O)c3cc(O)c(O)c4c3C3C1=CC(=O)C(O)(O)C3(O)O4)C2OC(=O)c1cc(O)c(O)c(O)c1,CHEMBL1159460
650.45,46,6,10,19,3,316.73,-3.04,2,0.3333,O=C1OC2C(CO)OC(OC(=O)c3cc(O)c(O)c(O)c3)C(OC(=O)c3cc(O)c(O)c4c3C3C1=CC(=O)C(O)(O)C3(O)O4)C2O,CHEMBL1159461
636.47,45,4,11,18,7,310.66,-0.28,3,0.2222,O=C(OCC1OC(OC(=O)c2cc(O)c(O)c(O)c2)C(O)C(O)C1OC(=O)c1cc(O)c(O)c(O)c1)c1cc(O)c(O)c(O)c1,CHEMBL1159462
788.58,56,5,13,22,9,377.42,0.7,4,0.1765,O=C(OCC1OC(OC(=O)c2cc(O)c(O)c(O)c2)C(OC(=O)c2cc(O)c(O)c(O)c2)C(OC(=O)c2cc(O)c(O)c(O)c2)C1O)c1cc(O)c(O)c(O)c1,CHEMBL1159463
952.65,68,9,14,27,2,450.25,-1.1,4,0.2195,O=C1OC2C3COC(=O)c4cc(O)c(O)c(O)c4-c4c(cc(O)c(O)c4O)C(=O)OC2C(OC(=O)c2cc(O)c(O)c4c2C2C1=CC(=O)C(O)(O)C2(O)O4)C(OC(=O)c1cc(O)c(O)c(O)c1)O3,CHEMBL1159466
1120.75,80,10,17,31,5,537.24,-0.2,5,0.1875,O=C1OC2C3COC(=O)c4cc(Oc5c(C(=O)O)cc(O)c(O)c5O)c(O)c(O)c4-c4c(cc(O)c(O)c4O)C(=O)OC2C(OC(=O)c2cc(O)c(O)c4c2C2C1=CC(=O)C(O)(O)C2(O)O4)C(OC(=O)c1cc(O)c(O)c(O)c1)O3,CHEMBL1159467
802.56,57,6,14,22,5,397.65,0.61,4,0.1765,O=C(OC1OC2COC(=O)c3cc(Oc4c(C(=O)O)cc(O)c(O)c4O)c(O)c(O)c3-c3c(cc(O)c(O)c3O)C(=O)OC(C2O)C1O)c1cc(O)c(O)c(O)c1,CHEMBL1159468
508.67,38,4,2,5,14,96.55,6.64,4,0.3226,N=c1ccc(-c2ccccc2)nn1CCCCCCCCCCC(=O)Nc1ccc(-c2ccccc2)nn1,CHEMBL116963
446.6,33,3,2,5,13,96.55,5.28,3,0.4231,Cc1ccc(=N)n(CCCCCCCCCCC(=O)Nc2ccc(-c3ccccc3)nn2)n1,CHEMBL117443
452.56,34,6,1,3,4,59.27,3.82,4,0.2857,CN(C)CC1CCn2c(c(C3=C(c4cn(C)c5ccccc45)C(=O)NC3=O)c3ccccc32)C1,CHEMBL1202927
291.38,20,3,1,4,2,62.3,1.22,2,0.3571,CC1CNCCN1S(=O)(=O)c1cccc2cnccc12,CHEMBL1233654
327.34,25,6,4,2,0,80.91,3.69,5,0.05,O=C1NC(O)c2c1c1c3ccccc3[nH]c1c1[nH]c3ccccc3c21,CHEMBL127277
260.34,16,1,1,6,5,68.29,1.76,1,0.4444,CCOC(=O)CSc1cnc(NC(C)=O)s1,CHEMBL127929
494.6,37,8,1,4,3,60.66,5.09,5,0.3667,CCN(C)C1CC2OC(C)(C1OC)n1c3ccccc3c3c4c(c5c6ccccc6n2c5c31)C(=O)NC4,CHEMBL129946
524.58,39,8,1,5,2,86.96,4.83,5,0.3333,COC(=O)N(C)C1CC2OC(C)(C1OC)n1c3ccccc3c3c4c(c5c6ccccc6n2c5c31)C(=O)NC4,CHEMBL130049
508.58,38,8,1,4,2,77.73,4.61,5,0.3333,COC1C(N(C)C(C)=O)CC2OC1(C)n1c3ccccc3c3c4c(c5c6ccccc6n2c5c31)C(=O)NC4,CHEMBL130163
482.54,36,8,3,5,2,89.68,3.84,5,0.3214,CNC1CC2OC(C)(C1OC)n1c3ccccc3c3c4c(c5c6ccccc6n2c5c31)C(O)NC4=O,CHEMBL130181
615.65,46,9,1,6,4,120.87,5.82,6,0.2571,COC1C(N(C)C(=O)c2cccc([N+](=O)[O-])c2)CC2OC1(C)n1c3ccccc3c3c4c(c5c6ccccc6n2c5c31)C(=O)NC4,CHEMBL130208
544.63,39,8,1,5,3,94.8,4.03,5,0.3448,COC1C(N(C)S(C)(=O)=O)CC2OC1(C)n1c3ccccc3c3c4c(c5c6ccccc6n2c5c31)C(=O)NC4,CHEMBL131020
556.67,42,9,1,4,4,60.66,6.27,6,0.2857,COC1C(N(C)Cc2ccccc2)CC2OC1(C)n1c3ccccc3c3c4c(c5c6ccccc6n2c5c31)C(=O)NC4,CHEMBL131193
519.61,39,8,1,5,4,84.45,4.98,5,0.3548,COC1C(N(C)CCC#N)CC2OC1(C)n1c3ccccc3c3c4c(c5c6ccccc6n2c5c31)C(=O)NC4,CHEMBL131426
642.71,48,9,0,6,5,95.24,5.79,6,0.2895,COC(=O)CN1Cc2c(c3c4ccccc4n4c3c3c2c2ccccc2n3C2(C)OC4CC(N(C)C(=O)c3ccccc3)C2OC)C1=O,CHEMBL131456
605.09,44,9,1,4,3,77.73,6.56,6,0.2571,COC1C(N(C)C(=O)c2ccccc2Cl)CC2OC1(C)n1c3ccccc3c3c4c(c5c6ccccc6n2c5c31)C(=O)NC4,CHEMBL131590
605.09,44,9,1,4,3,77.73,6.56,6,0.2571,COC1C(N(C)C(=O)c2ccc(Cl)cc2)CC2OC1(C)n1c3ccccc3c3c4c(c5c6ccccc6n2c5c31)C(=O)NC4,CHEMBL131715
600.68,45,9,1,5,4,86.96,5.92,6,0.2778,COc1ccc(C(=O)N(C)C2CC3OC(C)(C2OC)n2c4ccccc4c4c5c(c6c7ccccc7n3c6c42)C(=O)NC5)cc1,CHEMBL132169
660.64,49,9,1,8,5,164.01,5.72,6,0.2571,COC1C(N(C)C(=O)c2cc([N+](=O)[O-])cc([N+](=O)[O-])c2)CC2OC1(C)n1c3ccccc3c3c4c(c5c6ccccc6n2c5c31)C(=O)NC4,CHEMBL132170
524.58,39,8,2,5,4,97.96,4.15,5,0.3333,COC1C(N(C)CC(=O)O)CC2OC1(C)n1c3ccccc3c3c4c(c5c6ccccc6n2c5c31)C(=O)NC4,CHEMBL132348
578.53,42,7,9,11,6,220.97,-0.09,5,0.2857,O=C1c2c(c3c4ccc(O)cc4n(C4OC(CO)C(O)C4O)c3c3[nH]c4cc(O)ccc4c23)C(=O)N1NC(CO)CO,CHEMBL132533
578.53,42,7,9,11,6,220.97,-0.09,5,0.2857,O=C1c2c(c3c4ccc(O)cc4n(C4OC(CO)C(O)C4O)c3c3[nH]c4cc(O)ccc4c23)C(=O)N1NC(CO)CO,CHEMBL133209
592.56,43,7,9,11,5,220.97,0.29,5,0.3103,CC1OC(n2c3cc(O)ccc3c3c4c(c5c6ccc(O)cc6[nH]c5c32)C(=O)N(NC(CO)CO)C4=O)C(O)C(O)C1O,CHEMBL134536
578.53,42,7,9,11,6,220.97,-0.09,5,0.2857,O=C1c2c(c3c4ccc(O)cc4n(C4OC(CO)C(O)C4O)c3c3[nH]c4cc(O)ccc4c23)C(=O)N1NC(CO)CO,CHEMBL135491
578.53,42,7,9,11,6,220.97,-0.09,5,0.2857,O=C1c2c(c3c4ccc(O)cc4n(C4OC(CO)C(O)C4O)c3c3[nH]c4cc(O)ccc4c23)C(=O)N1NC(CO)CO,CHEMBL135492
608.56,44,7,10,12,7,241.2,-0.73,5,0.3103,O=C1c2c(c3c4ccc(O)cc4n(C4OC(C(O)CO)C(O)C4O)c3c3[nH]c4cc(O)ccc4c23)C(=O)N1NC(CO)CO,CHEMBL135881
578.53,42,7,9,11,6,220.97,-0.09,5,0.2857,O=C1c2c(c3c4ccc(O)cc4n(C4OC(CO)C(O)C4O)c3c3[nH]c4cc(O)ccc4c23)C(=O)N1NC(CO)CO,CHEMBL135970
394.22,27,6,3,2,0,77.75,5.15,5,0.0,O=C1NC(=O)c2c1c1c3cccc(Cl)c3[nH]c1c1[nH]c3c(Cl)cccc3c21,CHEMBL139517
453.45,34,8,3,4,1,105.72,3.57,5,0.2308,CC12OC(CC1(O)C(=O)O)n1c3ccccc3c3c4c(c5c6ccccc6n2c5c31)CNC4=O,CHEMBL140600
308.34,23,4,2,3,2,74.33,3.02,2,0.2353,O=C(Nc1ccccn1)Nc1cccc2c1C1CCCN1C2=O,CHEMBL141247
323.74,23,4,1,3,2,71.82,4.94,4,0.0,O=[N+]([O-])c1ccc(Cl)c(-c2nccc3c2[nH]c2ccccc23)c1,CHEMBL14217
200.22,15,3,1,1,0,28.68,3.16,3,0.0833,Cc1nccc2c1[nH]c1cc(F)ccc12,CHEMBL14445
482.54,37,9,1,3,2,59.27,6.09,6,0.1613,O=C1NC(=O)c2c1c1c3ccccc3n3c1c1c2c2ccccc2n1C1CCC3N1Cc1ccccc1,CHEMBL144479
496.57,38,9,1,3,2,59.27,6.48,6,0.1875,O=C1NC(=O)c2c1c1c3ccccc3n3c1c1c2c2ccccc2n1C1CCCC3N1Cc1ccccc1,CHEMBL144598
408.42,31,8,2,4,0,77.29,3.42,5,0.1667,O=C1NC(=O)c2c1c1c3ccccc3n3c1c1c2c2ccccc2n1C1COCC3N1,CHEMBL146564
406.45,31,8,2,3,0,68.06,4.57,5,0.2,O=C1NC(=O)c2c1c1c3ccccc3n3c1c1c2c2ccccc2n1C1CCCC3N1,CHEMBL147986
265.34,18,2,2,4,5,71.09,0.73,2,0.25,CNCCNS(=O)(=O)c1cccc2cnccc12,CHEMBL148333
344.78,23,4,3,4,2,100.87,3.49,3,0.0,NC(=O)Nc1cccc2c1C(=O)c1c(-c3csc(Cl)c3)n[nH]c1-2,CHEMBL151546
694.54,46,7,4,9,9,163.55,3.37,5,0.3636,COC1C(CO)OC(n2c3ccccc3c3c4c(c5c6ccccc6[nH]c5c32)C(=O)N(CCCCOC(=O)CBr)C4=O)C(O)C1O,CHEMBL154620
691.32,43,7,4,8,5,152.11,4.19,5,0.2759,COC1C(COC(=O)CBr)OC(n2c3c(Cl)cccc3c3c4c(c5c6cccc(Cl)c6[nH]c5c32)C(=O)NC4=O)C(O)C1O,CHEMBL156776
328.4,23,3,3,4,5,100.97,1.7,2,0.1875,N=C(N)SCCCn1cc(C2=CC(=O)NC2=O)c2ccccc21,CHEMBL160030
404.5,29,4,3,4,6,100.97,3.36,3,0.1364,N=C(N)SCCCn1c(-c2ccccc2)c(C2=CC(=O)NC2=O)c2ccccc21,CHEMBL161832
485.59,34,5,3,6,6,124.76,4.47,4,0.12,N#CC1=C(c2c(-c3cc4ccccc4s3)n(CCCSC(=N)N)c3ccccc23)C(=O)NC1=O,CHEMBL162621
426.5,31,5,2,5,5,100.91,3.81,4,0.125,N#CC1=C(c2c(-c3cc4ccccc4s3)n(CCCN)c3ccccc23)C(=O)NC1=O,CHEMBL162903
455.56,33,5,3,3,6,102.71,2.56,4,0.1154,NC(=[NH2+])SCCCn1cc(C2=C(c3cccc4ccccc34)C(=O)NC2=O)c2ccccc21,CHEMBL163269
484.54,35,5,2,6,6,113.22,4.2,4,0.1538,CNC(=O)OCCCn1c(-c2cc3ccccc3s2)c(C2=C(C#N)C(=O)NC2=O)c2ccccc21,CHEMBL163629
311.34,24,6,3,1,0,60.68,4.2,5,0.05,O=C1NCc2c1c1c3ccccc3[nH]c1c1[nH]c3ccccc3c21,CHEMBL16958
230.67,16,3,1,1,0,24.33,2.94,3,0.0,Oc1cc2cccc[n+]2c2c(Cl)cccc12,CHEMBL175225
369.63,26,1,3,3,18,52.49,5.58,0,1.0,CCCCCCC(C)CCCCCCCCCCCC1NC(CO)C1O,CHEMBL177780
458.57,34,5,2,4,6,84.19,3.89,4,0.3462,CC1CCNC(=O)c2cc3ccc(C(=O)Nc4nc5ccccc5n4CCCN(C)C)cc3n21,CHEMBL1933288
534.52,39,4,6,9,7,182.49,2.44,3,0.2143,O=C(NC1CNCCCC1OC(=O)c1cc(O)c(C(=O)c2ccccc2C(=O)O)c(O)c1)c1ccc(O)cc1,CHEMBL193697
185.19,14,3,1,4,0,69.1,0.86,3,0.0,Nc1ncnc2nc3ccccc3n12,CHEMBL1983884
770.7,55,8,13,17,9,320.35,-2.91,5,0.4286,O=C1c2c(c3c4ccc(O)cc4n(C4OC(CO)C(OC5OC(CO)C(O)C(O)C5O)C(O)C4O)c3c3[nH]c4cc(O)ccc4c23)C(=O)N1NC(CO)CO,CHEMBL2029060
636.47,45,4,11,18,8,310.66,-0.28,3,0.2222,O=C(OCC1OC(O)C(O)(COC(=O)c2cc(O)c(O)c(O)c2)C1OC(=O)c1cc(O)c(O)c(O)c1)c1cc(O)c(O)c(O)c1,CHEMBL2311100
1105.3,77,2,17,15,34,539.14,-6.21,2,0.5333,CC(NC(=O)C(C)NS(=O)(=O)c1ccc(N(C)C)c2ccccc12)C(=O)NC(CO)C(=O)NC(CCCN=C(N)N)C(=O)NC(CCCN=C(N)N)C(=O)NC(CCCN=C(N)N)C(=O)NC(CCCN=C(N)N)C(=O)O,CHEMBL263188
1113.31,78,0,22,16,40,673.65,-10.87,0,0.6667,CC(N)C(=O)NC(CO)C(=O)NC(CCCN=C(N)N)C(=O)NC(CCCN=C(N)N)C(=O)NC(CCCN=C(N)N)C(=O)NC(CCCN=C(N)N)C(=O)NC(CCCN=C(N)N)C(=O)NC(CCCN=C(N)N)C(=O)O,CHEMBL263225
452.56,34,6,1,3,4,59.27,3.82,4,0.2857,CN(C)CC1CCn2c(c(C3=C(c4cn(C)c5ccccc45)C(=O)NC3=O)c3ccccc32)C1,CHEMBL26501
422.96,29,2,4,4,10,139.83,0.32,1,0.55,NC(N)=NCCCC(CCl)NC(=O)C1CCCN1C(=O)C(N)Cc1ccccc1,CHEMBL265315
1297.3,86,8,12,17,16,483.75,6.74,8,0.0392,Cc1ccc(C(=O)Nc2ccc(S(=O)(=O)O)c3cc(S(=O)(=O)O)cc(S(=O)(=O)O)c23)cc1NC(=O)c1cccc(NC(=O)Nc2cccc(C(=O)Nc3cc(C(=O)Nc4ccc(S(=O)(=O)O)c5cc(S(=O)(=O)O)cc(S(=O)(=O)O)c45)ccc3C)c2)c1,CHEMBL265502
1063.22,74,2,17,15,33,548.79,-6.88,2,0.5238,CC(NC(=O)C(C)NS(=O)(=O)c1cccc2cnccc12)C(=O)NC(CO)C(=O)NC(CCCN=C(N)N)C(=O)NC(CCCN=C(N)N)C(=O)NC(CCCN=C(N)N)C(=O)NC(CCCN=C(N)N)C(=O)O,CHEMBL265876
355.4,27,5,1,4,2,52.65,3.86,3,0.0909,O=C1NC(=O)c2cc3c(cc21)N(c1ccccc1)CCN3c1ccccc1,CHEMBL266255
327.34,25,5,3,2,2,77.75,3.22,4,0.0,O=C1NC(=O)C(c2c[nH]c3ccccc23)=C1c1c[nH]c2ccccc12,CHEMBL266487
341.46,25,4,3,4,4,70.23,4.06,1,0.6,O=C1NC(=O)c2cc(NC3CCCCC3)c(NC3CCCCC3)cc21,CHEMBL266969
361.36,27,4,5,6,4,110.69,3.47,3,0.0,O=C1NC(=O)c2cc(Nc3ccc(O)cc3)c(Nc3ccc(O)cc3)cc21,CHEMBL267019
379.38,29,4,3,6,4,117.81,3.8,3,0.0,N#Cc1ccc(Nc2cc3c(cc2Nc2ccc(C#N)cc2)C(=O)NC3=O)cc1,CHEMBL267869
357.41,27,4,1,4,4,52.65,4.11,3,0.0909,CN(c1ccccc1)c1cc2c(cc1N(C)c1ccccc1)C(=O)NC2=O,CHEMBL267941
325.33,25,6,3,2,0,77.75,3.84,5,0.0,O=C1NC(=O)c2c1c1c3ccccc3[nH]c1c1[nH]c3ccccc3c21,CHEMBL268368
371.4,28,4,2,4,4,78.51,4.0,3,0.0455,CC(=O)N(c1ccccc1)c1cc2c(cc1Nc1ccccc1)C(=O)NC2=O,CHEMBL268441
329.36,25,4,3,4,4,70.23,4.06,3,0.0,O=C1NC(=O)c2cc(Nc3ccccc3)c(Nc3ccccc3)cc21,CHEMBL268868
969.04,69,9,12,19,4,330.89,3.35,2,0.66,CC1(C)CCC2(C(=O)OC3OC(CO)C(O)C(O)C3O)CCC3(C)C(=CCC4C5(C)CC(O)C6OC(=O)c7cc(O)c(O)c(O)c7-c7c(cc(O)c(O)c7O)C(=O)OCC6(CO)C5CCC43C)C2C1,CHEMBL269557
248.29,19,4,2,2,1,57.36,3.41,4,0.0667,Cc1[nH]cnc1-c1nccc2c1[nH]c1ccccc12,CHEMBL273547
608.56,44,7,10,12,6,241.2,-0.73,5,0.3103,O=C1c2c(c3c4cccc(O)c4n(C4OC(CO)C(O)C(O)C4O)c3c3[nH]c4c(O)cccc4c23)C(=O)N1NC(CO)CO,CHEMBL277008
547.73,39,5,4,7,10,152.72,2.58,3,0.4483,NC(N)=NCCCC(NC(=O)C1CCC2CCC(N)(Cc3ccccc3)CN21)C(=O)c1nc2ccccc2s1,CHEMBL27852
298.39,22,3,1,5,5,50.28,2.2,2,0.4118,Cc1cc(-c2ccccc2)nnc1NCCN1CCOCC1,CHEMBL278819
309.37,23,3,1,4,6,67.87,3.61,3,0.2778,CC(C)CCOc1c(C(=O)c2ccccc2)cnc2[nH]ncc12,CHEMBL279405
266.3,20,3,0,4,3,44.24,3.31,3,0.125,COc1cc2cc(-c3ccncc3)cnc2cc1OC,CHEMBL280069
276.3,21,4,1,3,2,54.98,3.3,3,0.0588,COc1ccc(-c2n[nH]c3c2C(=O)c2ccccc2-3)cc1,CHEMBL281470
548.72,39,5,4,8,10,155.96,1.65,3,0.4286,NC(N)=NCCCC(NC(=O)C1CCN2CCC(N)(Cc3ccccc3)CN12)C(=O)c1nc2ccccc2s1,CHEMBL282830
436.0,30,3,4,5,9,126.0,0.4,1,0.619,NC(N)=NCCCC(CCl)NC(=O)C1CCN2CCC(N)(Cc3ccccc3)CN12,CHEMBL284436
523.74,35,0,0,6,27,77.05,6.49,0,1.0,CCCCCCCCCCCCCCCCCCOCC(COP(=O)([O-])OCC[N+](C)(C)C)OC,CHEMBL28509
460.83,31,0,1,3,25,29.46,7.45,0,1.0,CCCCCCCCCCCCCCCCCCSCC(C[N+](C)(C)CCCO)OC,CHEMBL28641
372.66,26,0,0,2,20,18.46,6.21,0,1.0,CCCCCCCCCCCCCCCCOCC(C[N+](C)(C)C)OC,CHEMBL28657
934.63,67,10,16,26,0,455.18,1.32,5,0.1463,O=C1OCC2OC(=O)c3cc(O)c(O)c(O)c3-c3c(O)c(O)c(O)c4c3C(=O)OC(C2OC(=O)c2cc(O)c(O)c(O)c2-c2c1cc(O)c(O)c2O)C1OC(=O)c2c-4c(O)c(O)c(O)c2C1O,CHEMBL288273
388.73,26,0,0,2,20,9.23,6.92,0,1.0,CCCCCCCCCCCCCCCCSCC(C[N+](C)(C)C)OC,CHEMBL28893
934.63,67,10,16,26,0,455.18,1.32,5,0.1463,O=C1OCC2OC(=O)c3cc(O)c(O)c(O)c3-c3c(O)c(O)c(O)c4c3C(=O)OC(C2OC(=O)c2cc(O)c(O)c(O)c2-c2c1cc(O)c(O)c2O)C1OC(=O)c2c-4c(O)c(O)c(O)c2C1O,CHEMBL288949
326.26,23,2,6,8,3,164.75,-0.53,1,0.2857,O=C(O)C1=CC(O)C(O)C(OC(=O)c2cc(O)c(O)c(O)c2)C1,CHEMBL289369
866.78,63,9,15,18,5,331.14,4.44,6,0.2,Oc1cc(O)c2c(c1)OC(c1ccc(O)c(O)c1)C(O)C2c1c(O)cc(O)c2c1OC(c1ccc(O)c(O)c1)C(O)C2c1c(O)cc(O)c2c1OC(c1ccc(O)c(O)c1)C(O)C2,CHEMBL290632
423.43,32,8,2,4,1,85.49,3.83,5,0.2,O=C1NC(=O)c2c1c1c3ccccc3n3c1c1c2c2ccccc2n1C1OC3CC1CO,CHEMBL291126
471.56,35,7,3,5,4,80.81,4.1,5,0.3571,CNC1CC2OC(C)(C1OC)n1c3ccccc3c3c(CO)c(CO)c4c5ccccc5n2c4c31,CHEMBL293338
481.55,36,8,0,5,2,57.86,5.12,5,0.3448,COC1C(N(C)C)CC2OC1(C)n1c3ccccc3c3c4c(c5c6ccccc6n2c5c31)C(=O)OC4,CHEMBL293750
467.53,35,8,1,5,2,66.65,4.78,5,0.3214,CNC1CC2OC(C)(C1OC)n1c3ccccc3c3c4c(c5c6ccccc6n2c5c31)C(=O)OC4,CHEMBL294653
584.41,40,7,4,7,3,137.25,3.59,5,0.2857,COC1C(CO)OC(n2c3c(Cl)cccc3c3c4c(c5c6cccc(Cl)c6[nH]c5c32)C(=O)N(C)C4=O)C(O)C1O,CHEMBL295132
416.71,29,0,0,3,23,27.69,6.22,0,1.0,CCCCCCCCCCCCCCCCOCC(COCC[N+](C)(C)C)OC,CHEMBL299368
396.45,29,3,3,7,4,124.28,3.21,3,0.3,COc1cc(OC)cc(-c2cc3cnc(N)nc3nc2NC(=O)NC(C)(C)C)c1,CHEMBL299763
367.41,28,6,2,2,2,66.89,4.72,5,0.1304,CCCn1c2ccccc2c2c3c(c4c5ccccc5[nH]c4c21)C(=O)NC3=O,CHEMBL300559
504.47,34,3,3,6,11,95.07,5.67,3,0.4167,CCNC(=O)Nc1nc2nc(NCCCCN(CC)CC)ncc2cc1-c1c(Cl)cccc1Cl,CHEMBL301483
648.48,46,4,11,17,7,318.5,0.62,3,0.2143,O=C(OC1CC(OC(=O)c2cc(O)c(O)c(O)c2)(C(=O)O)CC(O)C1OC(=O)c1cc(O)c(O)c(O)c1)c1cc(O)c(O)c(O)c1,CHEMBL309733
375.4,27,4,2,5,4,83.8,1.98,2,0.4737,COc1c(N2CCNC(C)C2)c(F)cc2c(=O)c(C(=O)O)cn(C3CC3)c12,CHEMBL31
648.48,46,4,11,17,7,318.5,0.62,3,0.2143,O=C(OC1CC(O)(C(=O)O)CC(OC(=O)c2cc(O)c(O)c(O)c2)C1OC(=O)c1cc(O)c(O)c(O)c1)c1cc(O)c(O)c(O)c1,CHEMBL310527
920.65,66,8,15,25,2,434.95,2.06,5,0.1463,O=C(OC1OC2CC(=O)c3cc(O)c(O)c(O)c3-c3c(cc(O)c(O)c3O)C(=O)OC2C2OC(=O)c3cc(O)c(O)c(O)c3-c3c(cc(O)c(O)c3O)C(=O)OC12)c1cc(O)c(O)c(O)c1,CHEMBL310950
466.35,33,4,8,13,0,223.67,-0.25,2,0.3,CC1OC(O)C2OC(=O)c3cc(O)c(O)c(O)c3-c3c(cc(O)c(O)c3O)C(=O)OC2C1O,CHEMBL311573
922.67,66,7,15,25,6,434.95,2.08,5,0.1463,O=C(OC1OC2CC(=O)c3cc(O)c(O)c(O)c3-c3c(cc(O)c(O)c3O)C(=O)OC2C(OC(=O)c2cc(O)c(O)c(O)c2)C1OC(=O)c1cc(O)c(O)c(O)c1)c1cc(O)c(O)c(O)c1,CHEMBL311906
495.58,37,7,3,4,6,91.39,3.51,5,0.3103,O=C(CCn1c2ccccc2c2c3c(c4c5ccccc5[nH]c4c21)C(=O)NC3)NCCN1CCOCC1,CHEMBL318272
502.62,37,4,6,6,14,141.14,1.57,3,0.3214,NC(Cc1ccccc1)C(=O)NCCNCCCCCNC1=C(c2cc3ccccc3[nH]2)C(=O)NC1=O,CHEMBL318650
467.57,35,6,3,3,7,82.16,4.13,5,0.2857,CN(C)CCCNC(=O)CCn1c2ccccc2c2c3c(c4c5ccccc5[nH]c4c21)C(=O)NC3,CHEMBL319068
592.56,43,7,9,11,6,220.97,-0.44,5,0.3103,O=C1c2c(c3c4ccccc4n(C4OC(CO)C(O)C(O)C4O)c3c3[nH]c4cccc(O)c4c23)C(=O)N1NC(CO)CO,CHEMBL320574
592.56,43,7,9,11,6,220.97,-0.44,5,0.3103,O=C1c2c(c3c4ccccc4n(C4OC(CO)C(O)C(O)C4O)c3c3[nH]c4ccc(O)cc4c23)C(=O)N1NC(CO)CO,CHEMBL320575
592.56,43,7,9,11,6,220.97,-0.44,5,0.3103,O=C1c2c(c3c4ccc(O)cc4n(C4OC(CO)C(O)C(O)C4O)c3c3[nH]c4ccccc4c23)C(=O)N1NC(CO)CO,CHEMBL321262
422.49,31,4,2,9,7,93.66,2.72,3,0.3182,COc1cc(Nc2nccc(-c3ccc(N4CCNCC4)nc3)n2)cc(OC)c1OC,CHEMBL322066
608.56,44,7,10,12,6,241.2,-0.73,5,0.3103,O=C1c2c(c3c4cccc(O)c4n(C4OC(CO)C(O)C(O)C4O)c3c3[nH]c4cc(O)ccc4c23)C(=O)N1NC(CO)CO,CHEMBL322711
608.56,44,7,10,12,6,241.2,-0.73,5,0.3103,O=C1c2c(c3c4cccc(O)c4n(C4OC(CO)C(O)C(O)C4O)c3c3[nH]c4ccc(O)cc4c23)C(=O)N1NC(CO)CO,CHEMBL322712
608.56,44,7,10,12,6,241.2,-0.73,5,0.3103,O=C1c2c(c3c4ccc(O)cc4n(C4OC(CO)C(O)C(O)C4O)c3c3[nH]c4ccc(O)cc4c23)C(=O)N1NC(CO)CO,CHEMBL323394
608.56,44,7,10,12,6,241.2,-0.73,5,0.3103,O=C1c2c(c3c4cc(O)ccc4n(C4OC(CO)C(O)C(O)C4O)c3c3[nH]c4ccc(O)cc4c23)C(=O)N1NC(CO)CO,CHEMBL323601
608.56,44,7,10,12,6,241.2,-0.73,5,0.3103,O=C1c2c(c3c4ccc(O)cc4n(C4OC(CO)C(O)C(O)C4O)c3c3[nH]c4c(O)cccc4c23)C(=O)N1NC(CO)CO,CHEMBL324765
592.56,43,7,9,11,6,220.97,-0.44,5,0.3103,O=C1c2c(c3c4ccccc4n(C4OC(CO)C(O)C(O)C4O)c3c3[nH]c4c(O)cccc4c23)C(=O)N1NC(CO)CO,CHEMBL325005
437.53,31,5,3,7,3,106.25,2.65,3,0.3333,Cc1nc(C)c(-c2[nH]nc3c2C(=O)c2c(NC(=O)NN4CCN(C)CC4)cccc2-3)s1,CHEMBL325023
592.56,43,7,9,11,6,220.97,-0.44,5,0.3103,O=C1c2c(c3c4ccccc4n(C4OC(CO)C(O)C(O)C4O)c3c3[nH]c4cc(O)ccc4c23)C(=O)N1NC(CO)CO,CHEMBL325839
312.37,23,3,4,4,7,100.01,1.25,2,0.2941,NCCCCCNC1=C(c2cc3ccccc3[nH]2)C(=O)NC1=O,CHEMBL327291
341.36,25,3,0,6,6,59.04,4.06,3,0.2105,COc1ccc(Oc2ccnc3cc(OC)c(OC)cc23)cc1OC,CHEMBL327300
327.34,25,5,1,2,2,56.03,3.08,4,0.0,O=C1NC(=O)C(n2ccc3ccccc32)=C1n1ccc2ccccc21,CHEMBL329274
733.78,55,9,3,6,9,154.15,5.97,8,0.1667,COC(=O)c1cc(C(=O)c2cc(C(=O)c3cc(NC(=O)CCn4c5ccccc5c5c6c(c7c8ccccc8[nH]c7c54)C(=O)NC6)cn3C)cn2C)cn1C,CHEMBL329958
640.56,46,7,12,14,6,281.66,-1.32,5,0.3103,O=C1c2c(c3c4cc(O)cc(O)c4n(C4OC(CO)C(O)C(O)C4O)c3c3[nH]c4c(O)cc(O)cc4c23)C(=O)N1NC(CO)CO,CHEMBL334064
562.54,41,7,8,10,6,200.74,0.93,5,0.2857,O=C1c2c(c3c4ccc(O)cc4n(C4CC(O)C(CO)O4)c3c3[nH]c4cc(O)ccc4c23)C(=O)N1NC(CO)CO,CHEMBL334337
548.51,40,7,8,10,5,200.74,0.54,5,0.2593,O=C1c2c(c3c4ccc(O)cc4n(C4OCC(O)C4O)c3c3[nH]c4cc(O)ccc4c23)C(=O)N1NC(CO)CO,CHEMBL334360
592.56,43,7,9,11,6,220.97,0.3,5,0.3103,O=C1c2c(c3c4ccc(O)cc4n(C4CC(O)C(O)C(CO)O4)c3c3[nH]c4cc(O)ccc4c23)C(=O)N1NC(CO)CO,CHEMBL334461
608.56,44,7,10,12,6,241.2,-0.73,5,0.3103,O=C1c2c(c3c4ccc(O)cc4n(C4OC(CO)C(O)C(O)C4O)c3c3[nH]c4cc(O)ccc4c23)C(=O)N1NC(CO)CO,CHEMBL334869
571.64,43,9,1,5,3,90.62,5.3,6,0.2647,COC1C(N(C)C(=O)c2cccnc2)CC2OC1(C)n1c3ccccc3c3c4c(c5c6ccccc6n2c5c31)C(=O)NC4,CHEMBL335012
584.63,44,9,1,5,3,94.8,5.55,6,0.2286,COC1C(N(C)C(=O)c2ccccc2)CC2OC1(C)n1c3ccccc3c3c4c(c5c6ccccc6n2c5c31)C(=O)NC4=O,CHEMBL335020
495.6,37,8,1,3,2,57.42,4.84,5,0.3667,COC1C([N+](C)(C)C)CC2OC1(C)n1c3ccccc3c3c4c(c5c6ccccc6n2c5c31)C(=O)NC4,CHEMBL335648
566.7,42,8,2,5,7,80.89,5.62,5,0.4412,CCCCC(O)CN(C)C1CC2OC(C)(C1OC)n1c3ccccc3c3c4c(c5c6ccccc6n2c5c31)C(=O)NC4,CHEMBL335718
623.71,46,8,2,6,4,116.06,5.12,5,0.4,COC1C(N(C)C(=O)CNC(=O)OC(C)(C)C)CC2OC1(C)n1c3ccccc3c3c4c(c5c6ccccc6n2c5c31)C(=O)NC4,CHEMBL335931
562.55,41,8,1,4,2,77.73,5.16,5,0.3333,COC1C(N(C)C(=O)C(F)(F)F)CC2OC1(C)n1c3ccccc3c3c4c(c5c6ccccc6n2c5c31)C(=O)NC4,CHEMBL335932
608.56,44,7,10,12,6,241.2,-0.73,5,0.3103,O=C1c2c(c3c4ccc(O)cc4n(C4OC(CO)C(O)C(O)C4O)c3c3[nH]c4cc(O)ccc4c23)C(=O)N1NC(CO)CO,CHEMBL335940
628.69,47,9,1,6,4,104.03,5.69,6,0.2703,COC(=O)c1ccc(C(=O)N(C)C2CC3OC(C)(C2OC)n2c4ccccc4c4c5c(c6c7ccccc7n3c6c42)C(=O)NC5)cc1,CHEMBL336192
608.56,44,7,10,12,6,241.2,-0.73,5,0.3103,O=C1c2c(c3c4ccc(O)cc4n(C4OC(CO)C(O)C(O)C4O)c3c3[nH]c4cc(O)ccc4c23)C(=O)N1NC(CO)CO,CHEMBL336603
608.56,44,7,10,12,7,241.2,-0.73,5,0.3103,O=C1c2c(c3c4ccc(O)cc4n(C4OC(C(O)CO)C(O)C4O)c3c3[nH]c4cc(O)ccc4c23)C(=O)N1NC(CO)CO,CHEMBL336626
480.52,36,8,2,5,2,86.52,3.99,5,0.2857,CNC1CC2OC(C)(C1OC)n1c3ccccc3c3c4c(c5c6ccccc6n2c5c31)C(=O)NC4=O,CHEMBL337026
566.61,42,8,2,5,5,115.03,4.46,5,0.3438,COC1C(N(C)C(=O)CCC(=O)O)CC2OC1(C)n1c3ccccc3c3c4c(c5c6ccccc6n2c5c31)C(=O)NC4,CHEMBL337027
539.66,39,8,2,4,2,72.69,4.57,5,0.3333,CNC(=S)N(C)C1CC2OC(C)(C1OC)n1c3ccccc3c3c4c(c5c6ccccc6n2c5c31)C(=O)NC4,CHEMBL337035
572.63,43,9,1,6,3,103.51,4.7,6,0.2727,COC1C(N(C)C(=O)c2cnccn2)CC2OC1(C)n1c3ccccc3c3c4c(c5c6ccccc6n2c5c31)C(=O)NC4,CHEMBL337297
482.54,36,8,3,5,2,89.68,3.84,5,0.3214,CNC1CC2OC(C)(C1OC)n1c3ccccc3c3c4c(c5c6ccccc6n2c5c31)C(=O)NC4O,CHEMBL338049
482.54,36,8,3,5,2,89.68,3.84,5,0.3214,CNC1CC2OC(C)(C1OC)n1c3ccccc3c3c4c(c5c6ccccc6n2c5c31)C(O)NC4=O,CHEMBL338155
566.66,42,8,1,5,2,86.96,6.0,5,0.3939,COC1C(N(C)C(=O)OC(C)(C)C)CC2OC1(C)n1c3ccccc3c3c4c(c5c6ccccc6n2c5c31)C(=O)NC4,CHEMBL338449
523.59,39,8,2,5,3,103.75,3.55,5,0.3333,COC1C(N(C)C(=O)CN)CC2OC1(C)n1c3ccccc3c3c4c(c5c6ccccc6n2c5c31)C(=O)NC4,CHEMBL338935
605.09,44,9,1,4,3,77.73,6.56,6,0.2571,COC1C(N(C)C(=O)c2cccc(Cl)c2)CC2OC1(C)n1c3ccccc3c3c4c(c5c6ccccc6n2c5c31)C(=O)NC4,CHEMBL338944
586.65,44,9,2,5,3,97.96,5.4,6,0.2571,COC1C(N(C)C(=O)c2ccccc2)CC2OC1(C)n1c3ccccc3c3c4c(c5c6ccccc6n2c5c31)C(=O)NC4O,CHEMBL338956
608.56,44,7,10,12,6,241.2,-0.73,5,0.3103,O=C1c2c(c3c4ccc(O)cc4n(C4OC(CO)C(O)C(O)C4O)c3c3[nH]c4cc(O)ccc4c23)C(=O)N1NC(CO)CO,CHEMBL338966
578.53,42,7,9,11,5,220.97,-0.09,5,0.2857,O=C1c2c(c3c4ccc(O)cc4n(C4OCC(O)C(O)C4O)c3c3[nH]c4cc(O)ccc4c23)C(=O)N1NC(CO)CO,CHEMBL338967
576.7,43,9,1,4,3,77.73,6.17,5,0.4286,COC1C(N(C)C(=O)C2CCCCC2)CC2OC1(C)n1c3ccccc3c3c4c(c5c6ccccc6n2c5c31)C(=O)NC4,CHEMBL339364
482.54,36,8,3,5,2,89.68,3.84,5,0.3214,CNC1CC2OC(C)(C1OC)n1c3ccccc3c3c4c(c5c6ccccc6n2c5c31)C(=O)NC4O,CHEMBL339799
509.63,38,8,1,3,3,57.42,5.23,5,0.3871,CC[N+](C)(C)C1CC2OC(C)(C1OC)n1c3ccccc3c3c4c(c5c6ccccc6n2c5c31)C(=O)NC4,CHEMBL340611
420.47,32,8,1,3,0,59.27,4.91,5,0.2308,CN1C2CCCC1n1c3ccccc3c3c4c(c5c6ccccc6n2c5c31)C(=O)NC4=O,CHEMBL342767
251.31,17,2,2,4,4,85.08,0.47,2,0.1818,NCCNS(=O)(=O)c1cccc2cnccc12,CHEMBL344314
660.89,44,7,4,8,6,154.32,3.77,5,0.3,COC1C(CO)OC(n2c3c(Cl)cccc3c3c4c(c5c6cccc(Cl)c6[nH]c5c32)C(=O)N(CC(=O)CCl)C4=O)C(O)C1O,CHEMBL345384
691.32,43,7,4,8,5,152.11,4.19,5,0.2759,COC1C(CO)OC(n2c3c(Cl)cccc3c3c4c(c5c6cccc(Cl)c6[nH]c5c32)C(=O)NC4=O)C(OC(=O)CBr)C1O,CHEMBL345881
622.43,41,7,4,8,5,152.11,2.88,5,0.2759,COC1C(CO)OC(n2c3ccccc3c3c4c(c5c6ccccc6[nH]c5c32)C(=O)NC4=O)C(O)C1OC(=O)CBr,CHEMBL347195
612.42,42,7,4,8,4,152.11,3.82,5,0.2759,COC1C(CO)OC(n2c3c(Cl)cccc3c3c4c(c5c6cccc(Cl)c6[nH]c5c32)C(=O)NC4=O)C(OC(C)=O)C1O,CHEMBL347466
622.43,41,7,4,8,5,152.11,2.88,5,0.2759,COC1C(CO)OC(n2c3ccccc3c3c4c(c5c6ccccc6[nH]c5c32)C(=O)NC4=O)C(OC(=O)CBr)C1O,CHEMBL347684
503.65,35,5,3,6,7,104.21,4.47,4,0.1923,CN(C)C1=C(c2c(-c3cc4ccccc4s3)n(CCCSC(=N)N)c3ccccc23)C(=O)NC1=O,CHEMBL348586
480.59,35,5,3,4,7,100.97,5.03,4,0.1071,N=C(N)SCCCn1c(-c2ccc(-c3ccccc3)cc2)c(C2=CC(=O)NC2=O)c2ccccc21,CHEMBL348943
469.57,34,6,3,6,6,87.52,3.5,4,0.1923,O=C1C=C(c2c(-c3cc4ccccc4s3)n(CCCNC3=NCCN3)c3ccccc23)C(=O)N1,CHEMBL349382
454.56,33,5,3,4,6,100.97,4.52,4,0.1154,N=C(N)SCCCn1c(-c2cccc3ccccc23)c(C2=CC(=O)NC2=O)c2ccccc21,CHEMBL350059
294.33,20,2,1,5,5,85.36,1.08,2,0.2308,COC(=O)CCNS(=O)(=O)c1cccc2cnccc12,CHEMBL350084
502.62,35,5,3,6,7,118.04,4.54,4,0.1538,CC(=O)C1=C(c2c(-c3cc4ccccc4s3)n(CCCSC(=N)N)c3ccccc23)C(=O)NC1=O,CHEMBL350143
468.54,34,5,3,5,6,139.29,3.12,4,0.12,N#CC1=C(c2c(-c3cc4ccccc4s3)n(CCCN=C(N)N)c3ccccc23)C(=O)NC1=O,CHEMBL350375
337.4,23,2,2,6,8,97.39,0.67,2,0.3333,COC(=O)CCNCCNS(=O)(=O)c1cccc2cnccc12,CHEMBL351282
351.38,24,2,3,5,8,125.46,0.49,2,0.2667,O=C(O)CCC(=O)NCCNS(=O)(=O)c1cccc2cnccc12,CHEMBL351291
429.55,31,5,1,4,6,54.34,4.51,4,0.2,CN(C)CCCn1c(-c2cc3ccccc3s2)c(C2=CC(=O)NC2=O)c2ccccc21,CHEMBL351295
363.44,25,3,0,6,5,79.81,1.1,2,0.4118,COC(=O)CCN1CCN(S(=O)(=O)c2cccc3cnccc23)CC1,CHEMBL351380
514.7,37,5,3,4,6,100.97,5.71,3,0.3667,CC1(C)CCC(C)(C)c2cc(-c3c(C4=CC(=O)NC4=O)c4ccccc4n3CCCSC(=N)N)ccc21,CHEMBL351859
365.41,25,2,2,6,8,114.46,0.58,2,0.3125,COC(=O)CCC(=O)NCCNS(=O)(=O)c1cccc2cnccc12,CHEMBL352085
564.69,40,6,3,6,8,118.04,5.83,5,0.0968,N=C(N)SCCCn1c(-c2cc3ccccc3s2)c(C2=C(C(=O)c3ccccc3)C(=O)NC2=O)c2ccccc21,CHEMBL353795
493.55,36,5,3,6,6,149.09,3.23,4,0.1154,N#CNC(N)=NCCCn1c(-c2cc3ccccc3s2)c(C2=C(C#N)C(=O)NC2=O)c2ccccc21,CHEMBL354246
392.42,30,8,2,3,0,68.06,4.18,5,0.1667,O=C1NC(=O)c2c1c1c3ccccc3n3c1c1c2c2ccccc2n1C1CCC3N1,CHEMBL357602
498.54,38,9,1,4,2,68.5,5.33,6,0.1613,O=C1NC(=O)c2c1c1c3ccccc3n3c1c1c2c2ccccc2n1C1COCC3N1Cc1ccccc1,CHEMBL357892
494.55,37,8,2,5,4,86.52,4.32,5,0.3103,COCC1CC(COC)C2NC1n1c3ccccc3c3c4c(c5c6ccccc6n2c5c31)C(=O)NC4=O,CHEMBL358130
584.68,44,9,1,5,6,77.73,6.23,6,0.2778,COCC1CC(COC)C2N(Cc3ccccc3)C1n1c3ccccc3c3c4c(c5c6ccccc6n2c5c31)C(=O)NC4=O,CHEMBL358314
806.9,58,8,9,13,2,251.74,6.09,2,0.6136,CC1(C)CCC2(C(=O)O)CCC3(C)C(=CCC4C5(C)CC(O)C6OC(=O)c7cc(O)c(O)c(O)c7-c7c(cc(O)c(O)c7O)C(=O)OCC6(CO)C5CCC43C)C2C1,CHEMBL36432
518.52,38,4,5,8,7,162.26,2.73,3,0.2143,O=C(NC1CNCCCC1OC(=O)c1ccc(C(=O)c2c(O)cccc2C(=O)O)cc1)c1ccc(O)cc1,CHEMBL365598
800.59,57,5,13,21,9,385.26,1.6,4,0.1714,O=C(OC1CC(OC(=O)c2cc(O)c(O)c(O)c2)(C(=O)O)CC(OC(=O)c2cc(O)c(O)c(O)c2)C1OC(=O)c1cc(O)c(O)c(O)c1)c1cc(O)c(O)c(O)c1,CHEMBL36985
570.39,39,7,5,7,3,146.04,3.25,5,0.2593,COC1C(CO)OC(n2c3c(Cl)cccc3c3c4c(c5c6cccc(Cl)c6[nH]c5c32)C(=O)NC4=O)C(O)C1O,CHEMBL370100
375.67,22,3,1,4,2,63.57,4.05,1,0.1538,CSc1[nH]n(-c2c(Cl)cc(Cl)cc2Cl)c2nc(C)nc(=O)c1-2,CHEMBL370283
940.68,67,6,15,26,11,444.18,1.69,5,0.1463,O=C(OCC1OC(OC(=O)c2cc(O)c(O)c(O)c2)C(OC(=O)c2cc(O)c(O)c(O)c2)C(OC(=O)c2cc(O)c(O)c(O)c2)C1OC(=O)c1cc(O)c(O)c(O)c1)c1cc(O)c(O)c(O)c1,CHEMBL382408
1108.79,79,13,15,31,2,498.17,-1.88,4,0.3333,C=C1OC2C3COC(=O)c4cc(O)c(O)c(O)c4-c4c(cc(O)c(O)c4O)C(=O)OC2C(OC(=O)c2cc(O)c(O)c4c2C2C(O)(O4)C4(O)OC5(C(=O)OC6C(O)COC65O)C12CC4=O)C(OC(=O)c1cc(O)c(O)c(O)c1)O3,CHEMBL384283
1323.1,96,12,21,30,11,531.42,7.39,9,0.1364,O=C(OC1Cc2c(O)cc(O)c(C3c4c(O)cc(O)c(C5c6c(O)cc(O)cc6OC(c6ccc(O)c(O)c6)C5OC(=O)c5cc(O)c(O)c(O)c5)c4OC(c4ccc(O)c(O)c4)C3OC(=O)c3cc(O)c(O)c(O)c3)c2OC1c1ccc(O)c(O)c1)c1cc(O)c(O)c(O)c1,CHEMBL386276
478.36,34,3,8,12,5,231.51,0.1,2,0.1905,O=C(O)C1=CC(O)C(O)C(OC(=O)c2cc(O)c(O)c(OC(=O)c3cc(O)c(O)c(O)c3)c2)C1,CHEMBL39413
882.74,64,8,14,20,7,354.28,4.96,6,0.1364,O=C(OC1Cc2c(O)cc(O)c(C3c4c(O)cc(O)cc4OC(c4ccc(O)c(O)c4)C3OC(=O)c3cc(O)c(O)c(O)c3)c2OC1c1ccc(O)c(O)c1)c1cc(O)c(O)c(O)c1,CHEMBL39504
496.38,35,3,9,13,5,251.74,-0.36,2,0.2857,O=C(OC1C(O)CC(OC(=O)c2cc(O)c(O)c(O)c2)(C(=O)O)CC1O)c1cc(O)c(O)c(O)c1,CHEMBL39530
344.27,24,2,7,9,3,184.98,-1.34,1,0.4286,O=C(OC1C(O)CC(O)(C(=O)O)CC1O)c1cc(O)c(O)c(O)c1,CHEMBL39744
592.56,43,7,9,11,6,220.97,0.3,5,0.3103,O=C1c2c(c3c4ccc(O)cc4n(C4CC(O)C(O)C(CO)O4)c3c3[nH]c4cc(O)ccc4c23)C(=O)N1NC(CO)CO,CHEMBL405405
1068.72,77,11,17,29,0,509.53,2.37,8,0.125,O=C1OC2C(O)OC3CC(=O)c4cc(O)c(O)c(O)c4-c4c(O)c(O)c5oc(=O)c6c(c(O)c(O)c7oc(=O)c4c5c76)-c4c(cc(O)c(O)c4O)C(=O)OC3C2OC(=O)c2cc(O)c(O)c(O)c2-c2c1cc(O)c(O)c2O,CHEMBL406635
608.56,44,7,10,12,6,241.2,-0.73,5,0.3103,O=C1c2c(c3c4ccc(O)cc4n(C4OC(CO)C(O)C(O)C4O)c3c3[nH]c4cc(O)ccc4c23)C(=O)N1NC(CO)CO,CHEMBL406901
1205.38,84,2,19,17,37,606.99,-7.87,2,0.5417,CC(NC(=O)C(C)NC(=O)C(C)NS(=O)(=O)c1cccc2cnccc12)C(=O)NC(C)C(=O)NC(CO)C(=O)NC(CCCN=C(N)N)C(=O)NC(CCCN=C(N)N)C(=O)NC(CCCN=C(N)N)C(=O)NC(CCCN=C(N)N)C(=O)O,CHEMBL407100
1234.81,89,14,20,34,0,596.52,2.61,9,0.1091,O=C1OC2COC(=O)c3cc(O)c(O)c(O)c3-c3c(O)c(O)c4oc(=O)c5c(c(O)c(O)c6oc(=O)c3c4c65)-c3c(cc(O)c(O)c3O)C(=O)OC2C2OC(=O)c3c(c(O)c(O)c(O)c3-c3c(O)c(O)c(O)c4c3C(=O)OC2C4O)-c2c1cc(O)c(O)c2O,CHEMBL407558
1176.86,85,14,17,30,1,510.94,2.42,6,0.2,O=C1OCC2OC(=O)c3cc(O)c(O)c(O)c3-c3c(O)c(O)c(O)c4c3C(=O)OC(C2OC(=O)c2cc(O)c(O)c(O)c2-c2c1cc(O)c(O)c2O)C1OC(=O)C2C4=C(O)C(=O)C23Oc2cc(O)c4c(c2C13)OC(c1ccc(O)c(O)c1)C(O)C4,CHEMBL407914
3740.55,268,32,57,104,14,1743.72,7.79,20,0.1463,O=C(OC1OC2COC(=O)c3cc(O)c(O)c(O)c3-c3c(cc(O)c(O)c3O)C(=O)OC2C2OC(=O)c3cc(O)c(O)c(O)c3-c3c(cc(O)c(O)c3O)C(=O)OC12)c1cc(O)c(O)c(Oc2c(O)c(O)c(O)c3c2C(=O)OC2C(COC(=O)c4cc(O)c(O)c(O)c4-3)OC(OC(=O)c3cc(O)c(O)c(Oc4c(O)c(O)c(O)c5c4C(=O)OC4C(COC(=O)c6cc(O)c(O)c(O)c6-5)OC(OC(=O)c5cc(O)c(O)c(Oc6c(O)c(O)c(O)c7c6C(=O)OC6C(COC(=O)c8cc(O)c(O)c(O)c8-7)OC(OC(=O)c7cc(O)c(O)c(O)c7)C7OC(=O)c8cc(O)c(O)c(O)c8-c8c(cc(O)c(O)c8O)C(=O)OC67)c5)C5OC(=O)c6cc(O)c(O)c(O)c6-c6c(cc(O)c(O)c6O)C(=O)OC45)c3)C3OC(=O)c4cc(O)c(O)c(O)c4-c4c(cc(O)c(O)c4O)C(=O)OC23)c1,CHEMBL409397
1089.3,76,2,16,14,33,518.91,-5.18,2,0.5333,CC(NC(=O)C(C)NS(=O)(=O)c1ccc(N(C)C)c2ccccc12)C(=O)NC(C)C(=O)NC(CCCN=C(N)N)C(=O)NC(CCCN=C(N)N)C(=O)NC(CCCN=C(N)N)C(=O)NC(CCCN=C(N)N)C(=O)O,CHEMBL410778
1153.02,84,13,19,24,6,430.52,5.69,8,0.2,Oc1cc(O)c2c(c1)OC(c1ccc(O)c(O)c1)C(O)C2c1c(O)cc(O)c2c1OC1(c3ccc(O)c(O)c3)Oc3cc(O)c4c(c3C2C1O)OC(c1ccc(O)c(O)c1)C(O)C4c1c(O)cc(O)c2c1OC(c1ccc(O)c(O)c1)C(O)C2,CHEMBL411351
1206.89,87,13,20,31,2,545.33,3.28,7,0.1607,O=C1OCC2OC(=O)c3cc(O)c(O)c(O)c3-c3c(O)c(O)c(O)c4c3C(=O)OC(C2OC(=O)c2cc(O)c(O)c(O)c2-c2c1cc(O)c(O)c2O)C1OC(=O)c2c-4c(O)c(O)c(O)c2C1c1c(O)cc(O)c2c1OC(c1ccc(O)c(O)c1)C(O)C2,CHEMBL411401
1877.33,134,13,29,52,19,877.36,3.75,10,0.1463,O=C(OCC1OC(OC(=O)c2cc(O)c(O)c(O)c2)C(OC(=O)c2cc(O)c(O)c(O)c2)C(OC(=O)c2cc(O)c(O)c(O)c2)C1OC(=O)c1cc(O)c(O)c(O)c1Oc1cc2c(c(O)c1O)-c1c(cc(O)c(O)c1O)C(=O)OCC1OC(OC(=O)c3cc(O)c(O)c(O)c3)C(OC(=O)c3cc(O)c(O)c(O)c3)C(OC(=O)c3cc(O)c(O)c(O)c3)C1OC2=O)c1cc(O)c(O)c(O)c1,CHEMBL413375
660.77,50,10,0,4,5,68.94,7.82,7,0.2381,COC1C(N(C)C(=O)c2ccccc2)CC2OC1(C)n1c3ccccc3c3c4c(c5c6ccccc6n2c5c31)C(=O)N(Cc1ccccc1)C4,CHEMBL415233
1375.6,96,2,23,19,45,735.79,-9.8,2,0.5556,CC(NC(=O)C(C)NS(=O)(=O)c1cccc2cnccc12)C(=O)NC(CO)C(=O)NC(CCCN=C(N)N)C(=O)NC(CCCN=C(N)N)C(=O)NC(CCCN=C(N)N)C(=O)NC(CCCN=C(N)N)C(=O)NC(CCCN=C(N)N)C(=O)NC(CCCN=C(N)N)C(=O)O,CHEMBL415414
342.63,24,0,0,1,19,9.23,6.58,0,1.0,CCCCCCCCCCCCCCCCOCCC[N+](C)(C)C,CHEMBL416110
367.41,28,6,2,2,1,66.89,4.89,5,0.1304,CC(C)n1c2ccccc2c2c3c(c4c5ccccc5[nH]c4c21)C(=O)NC3=O,CHEMBL418479
424.5,32,6,2,3,3,82.05,3.22,4,0.2308,Cn1cc(C2=C(c3c4n(c5ccccc35)CCC(CN)C4)C(=O)NC2=O)c2ccccc21,CHEMBL421565
406.45,31,8,1,3,0,59.27,4.52,5,0.2,CN1C2CCC1n1c3ccccc3c3c4c(c5c6ccccc6n2c5c31)C(=O)NC4=O,CHEMBL421947
453.5,34,8,2,4,1,77.65,4.13,5,0.2963,COC1C(O)CC2OC1(C)n1c3ccccc3c3c4c(c5c6ccccc6n2c5c31)C(=O)NC4,CHEMBL423731
391.49,27,3,0,6,7,79.81,1.88,2,0.4737,COC(=O)CCCCN1CCN(S(=O)(=O)c2cccc3cnccc23)CC1,CHEMBL424168
1047.22,73,2,16,14,32,528.56,-5.85,2,0.5238,CC(NC(=O)C(C)NS(=O)(=O)c1cccc2cnccc12)C(=O)NC(C)C(=O)NC(CCCN=C(N)N)C(=O)NC(CCCN=C(N)N)C(=O)NC(CCCN=C(N)N)C(=O)NC(CCCN=C(N)N)C(=O)O,CHEMBL428973
544.57,41,9,4,6,2,119.96,3.4,6,0.1875,O=C1NC(=O)c2c1c1c3ccccc3n3c1c1c2c2ccccc2n1C1C(O)C(O)C(O)C3N1Cc1ccccc1,CHEMBL429225
768.55,55,7,13,21,0,368.19,1.08,4,0.1765,O=C1CC2OC(O)C3OC(=O)c4cc(O)c(O)c(O)c4-c4c(cc(O)c(O)c4O)C(=O)OC3C2OC(=O)c2cc(O)c(O)c(O)c2-c2c1cc(O)c(O)c2O,CHEMBL430440
407.35,30,6,2,2,1,66.89,4.87,5,0.0909,O=C1NC(=O)c2c1c1c3ccccc3[nH]c1c1c2c2ccccc2n1CC(F)(F)F,CHEMBL431176
493.61,37,7,3,3,6,82.16,4.66,5,0.3333,CN1CCCC1CCNC(=O)CCn1c2ccccc2c2c3c(c4c5ccccc5[nH]c4c21)C(=O)NC3,CHEMBL431432
592.56,43,7,9,11,6,220.97,-0.44,5,0.3103,O=C1c2c(c3c4cccc(O)c4n(C4OC(CO)C(O)C(O)C4O)c3c3[nH]c4ccccc4c23)C(=O)N1NC(CO)CO,CHEMBL432622
608.56,44,7,10,12,6,241.2,-0.73,5,0.3103,O=C1c2c(c3c4cc(O)ccc4n(C4OC(CO)C(O)C(O)C4O)c3c3[nH]c4cc(O)ccc4c23)C(=O)N1NC(CO)CO,CHEMBL433841
578.53,42,7,9,11,6,220.97,-0.09,5,0.2857,O=C1c2c(c3c4ccc(O)cc4n(C4OC(CO)C(O)C4O)c3c3[nH]c4cc(O)ccc4c23)C(=O)N1NC(CO)CO,CHEMBL433855
580.64,43,8,1,7,3,104.03,5.21,5,0.3636,COC1C(N(C)OC(=O)C(C)(C)C)CC2OC1(C)n1c3ccccc3c3c4c(c5c6ccccc6n2c5c31)C(=O)NC4=O,CHEMBL434037
608.56,44,7,10,12,6,241.2,-0.73,5,0.3103,O=C1c2c(c3c4ccc(O)cc4n(C4OC(CO)C(O)C(O)C4O)c3c3[nH]c4cc(O)ccc4c23)C(=O)N1NC(CO)CO,CHEMBL434237
542.64,41,9,1,4,3,60.66,6.27,6,0.2647,COC1C(N(C)c2ccccc2)CC2OC1(C)n1c3ccccc3c3c4c(c5c6ccccc6n2c5c31)C(=O)NC4,CHEMBL434415
608.56,44,7,10,12,6,241.2,-0.73,5,0.3103,O=C1c2c(c3c4ccc(O)cc4n(C4OC(CO)C(O)C(O)C4O)c3c3[nH]c4cc(O)ccc4c23)C(=O)N1NC(CO)CO,CHEMBL435191
614.66,46,9,2,5,4,115.03,5.61,6,0.25,COC1C(N(C)C(=O)c2ccc(C(=O)O)cc2)CC2OC1(C)n1c3ccccc3c3c4c(c5c6ccccc6n2c5c31)C(=O)NC4,CHEMBL435809
444.52,32,5,3,5,6,114.11,4.11,4,0.125,N=C(N)SCCCn1c(-c2cc3ccccc3o2)c(C2=CC(=O)NC2=O)c2ccccc21,CHEMBL435868
1347.59,94,2,23,19,47,718.72,-9.72,2,0.566,NC(N)=NCCCC(NC(=O)C(CCCN=C(N)N)NC(=O)C(CCCN=C(N)N)NC(=O)C(CCCN=C(N)N)NC(=O)C(CCCN=C(N)N)NC(=O)C(CCCN=C(N)N)NC(=O)C(CO)NC(=O)CCNCCNS(=O)(=O)c1cccc2cnccc12)C(=O)O,CHEMBL436718
1247.46,87,2,19,17,38,597.34,-7.2,2,0.549,CC(NC(=O)C(C)NC(=O)C(C)NS(=O)(=O)c1ccc(N(C)C)c2ccccc12)C(=O)NC(C)C(=O)NC(CO)C(=O)NC(CCCN=C(N)N)C(=O)NC(CCCN=C(N)N)C(=O)NC(CCCN=C(N)N)C(=O)NC(CCCN=C(N)N)C(=O)O,CHEMBL437640
515.52,38,7,4,7,3,137.25,2.28,5,0.2857,COC1C(CO)OC(n2c3ccccc3c3c4c(c5c6ccccc6[nH]c5c32)C(=O)N(C)C4=O)C(O)C1O,CHEMBL44137
538.6,40,8,1,6,4,86.96,4.24,5,0.3548,COC(=O)CN(C)C1CC2OC(C)(C1OC)n1c3ccccc3c3c4c(c5c6ccccc6n2c5c31)C(=O)NC4,CHEMBL444337
455.56,33,5,3,3,6,102.71,2.7,4,0.1154,NC(=[NH2+])SCCCn1c(-c2ccc3ccccc3c2)c(C2=CC(=O)NC2=O)c2ccccc21,CHEMBL444864
636.47,45,4,11,18,7,310.66,-0.28,3,0.2222,O=C(OCC1OC(OC(=O)c2cc(O)c(O)c(O)c2)C(OC(=O)c2cc(O)c(O)c(O)c2)C(O)C1O)c1cc(O)c(O)c(O)c1,CHEMBL447974
634.46,45,5,11,18,2,310.66,-0.3,3,0.2222,O=C(OC1OC2COC(=O)c3cc(O)c(O)c(O)c3-c3c(cc(O)c(O)c3O)C(=O)OC(C2O)C1O)c1cc(O)c(O)c(O)c1,CHEMBL449392
532.52,36,3,3,6,10,95.07,6.45,3,0.4615,CCN(CC)CCCCNc1ncc2cc(-c3c(Cl)cccc3Cl)c(NC(=O)NC(C)(C)C)nc2n1,CHEMBL45827
501.5,37,7,5,7,3,146.04,1.94,5,0.2593,COC1C(CO)OC(n2c3ccccc3c3c4c(c5c6ccccc6[nH]c5c32)C(=O)NC4=O)C(O)C1O,CHEMBL47243
370.46,28,5,1,4,4,65.96,5.59,4,0.2174,Nc1ncnc2c1c(-c1ccc(Oc3ccccc3)cc1)cn2C1CCCC1,CHEMBL47940
332.26,23,2,7,10,3,177.14,-2.24,1,0.4615,O=C(OC1OC(CO)C(O)C(O)C1O)c1cc(O)c(O)c(O)c1,CHEMBL480283
484.37,34,3,9,14,6,243.9,-1.26,2,0.3,O=C(OCC1OC(O)C(O)(COC(=O)c2cc(O)c(O)c(O)c2)C1O)c1cc(O)c(O)c(O)c1,CHEMBL491592
788.58,56,5,13,22,9,377.42,0.7,4,0.1765,O=C(OCC1OC(O)C(OC(=O)c2cc(O)c(O)c(O)c2)C(OC(=O)c2cc(O)c(O)c(O)c2)C1OC(=O)c1cc(O)c(O)c(O)c1)c1cc(O)c(O)c(O)c1,CHEMBL500292
938.67,67,7,15,26,6,444.18,1.67,5,0.1463,O=C(OC1OC2COC(=O)c3cc(O)c(O)c(O)c3-c3c(cc(O)c(O)c3O)C(=O)OC(C2OC(=O)c2cc(O)c(O)c(O)c2)C1OC(=O)c1cc(O)c(O)c(O)c1)c1cc(O)c(O)c(O)c1,CHEMBL507308
428.72,30,1,1,3,21,38.69,6.45,0,1.0,CCCCCCCCCCCCCCCCCC1OCC(C[N+](C)(C)CCCO)O1,CHEMBL50749
362.62,26,1,0,1,19,13.11,6.86,1,0.7917,CCCCCCCCCCCCCCCCOCCC[n+]1ccccc1,CHEMBL51563
484.37,34,3,9,14,5,243.9,-1.26,2,0.3,O=C(OCC1OC(OC(=O)c2cc(O)c(O)c(O)c2)C(O)C(O)C1O)c1cc(O)c(O)c(O)c1,CHEMBL522251
954.66,68,8,13,26,4,447.09,-0.0,4,0.2439,O=C(O)CC1C(=O)OC2C3COC(=O)c4cc(O)c(O)c(O)c4-c4c(cc(O)c(O)c4O)C(=O)OC2C(OC(=O)c2cc(O)c(O)c4c2C1C(O)C(=O)O4)C(OC(=O)c1cc(O)c(O)c(O)c1)O3,CHEMBL525240
458.79,32,0,0,3,26,27.69,7.39,0,1.0,CCCCCCCCCCCCCCCCOCC(COCCCC[N+](C)(C)C)OCC,CHEMBL52850
472.82,33,0,0,3,27,27.69,7.78,0,1.0,CCCCCCCCCCCCCCCCOCC(COCCCCCC[N+](C)(C)C)OC,CHEMBL53606
444.77,31,0,0,3,25,27.69,7.0,0,1.0,CCCCCCCCCCCCCCCCOCC(COCCCC[N+](C)(C)C)OC,CHEMBL53826
450.54,34,7,1,3,2,59.27,3.43,4,0.2857,CN1CC2Cc3c(C4=C(c5cn(C)c6ccccc56)C(=O)NC4=O)c4ccccc4n3CC2C1,CHEMBL538718
291.38,20,3,1,4,2,62.3,1.22,2,0.3571,CC1CNCCN1S(=O)(=O)c1cccc2cnccc12,CHEMBL540848
499.52,37,8,3,7,2,107.11,4.19,5,0.3214,CNC1CC2OC(C)(C1OC)n1c3ccc(O)cc3c3c4c(c5c6cc(O)ccc6n2c5c31)C(=O)OC4,CHEMBL55382
399.48,28,4,1,7,4,79.82,3.06,3,0.3158,COc1cc2ncnc(N3CCN(C(=O)Nc4ccsc4)CC3)c2cc1OC,CHEMBL553824
392.51,29,3,3,5,2,105.82,4.43,3,0.3636,Cc1cc(C)c(C)c(-c2cc3cnc(N)nc3nc2NC(=O)NC(C)(C)C)c1C,CHEMBL56236
552.51,38,4,3,6,11,95.07,7.18,4,0.2857,CCN(CC)CCCCNc1ncc2cc(-c3c(Cl)cccc3Cl)c(NC(=O)Nc3ccccc3)nc2n1,CHEMBL56983
545.52,37,4,3,7,7,98.31,4.97,3,0.4615,CN1CCN(CCCNc2ncc3cc(-c4c(Cl)cccc4Cl)c(NC(=O)NC(C)(C)C)nc3n2)CC1,CHEMBL57347
405.29,27,3,3,5,2,105.82,4.5,3,0.2222,CC(C)(C)NC(=O)Nc1nc2nc(N)ncc2cc1-c1c(Cl)cccc1Cl,CHEMBL57366
550.52,40,4,7,10,7,202.72,2.15,3,0.2143,O=C(NC1CNCCCC1OC(=O)c1cc(O)c(C(=O)c2c(O)cccc2C(=O)O)c(O)c1)c1ccc(O)cc1,CHEMBL60254
1066.75,76,11,19,30,2,525.1,-0.83,5,0.2391,O=C1OCC2OC(=O)c3cc(O)c(O)c(O)c3-c3c(O)c(O)c(O)c4c3C(=O)OC(C2OC(=O)c2cc(O)c(O)c(O)c2-c2c1cc(O)c(O)c2O)C1OC(=O)c2c-4c(O)c(O)c(O)c2C1C1(O)OC(CO)C(O)C1O,CHEMBL611124
353.38,27,6,2,2,1,66.89,4.33,5,0.0909,CCn1c2ccccc2c2c3c(c4c5ccccc5[nH]c4c21)C(=O)NC3=O,CHEMBL61867
340.18,21,4,2,4,2,66.49,4.01,4,0.0,Brc1cccc(Nc2ncnc3cc4nc[nH]c4cc23)c1,CHEMBL66031
266.3,20,3,0,4,3,44.24,3.31,3,0.125,COc1cc(OC)c2cc(-c3ccncc3)cnc2c1,CHEMBL68423
386.46,29,5,2,5,4,86.19,4.56,4,0.2174,Nc1ncnc2c1c(-c1ccc(Oc3ccccc3)cc1)cn2C1CCC(O)C1,CHEMBL69129
389.41,29,4,3,6,6,88.69,4.07,3,0.0909,COc1ccc(Nc2cc3c(cc2Nc2ccc(OC)cc2)C(=O)NC3=O)cc1,CHEMBL7352
277.35,19,3,1,4,2,62.3,0.83,2,0.3077,O=S(=O)(c1cccc2cnccc12)N1CCNCC1,CHEMBL75773
343.39,26,4,2,4,4,61.44,4.08,3,0.0476,CN(c1ccccc1)c1cc2c(cc1Nc1ccccc1)C(=O)NC2=O,CHEMBL7775
442.38,32,4,7,10,3,177.14,2.53,3,0.1364,O=C(OC1Cc2c(O)cc(O)cc2OC1c1ccc(O)c(O)c1)c1cc(O)c(O)c(O)c1,CHEMBL78573
357.41,27,4,3,4,4,70.23,4.67,3,0.0909,Cc1ccc(Nc2cc3c(cc2Nc2ccc(C)cc2)C(=O)NC3=O)cc1,CHEMBL7914
936.65,67,9,16,26,3,455.18,1.34,5,0.1463,O=C(OC1COC(=O)c2cc(O)c(O)c(O)c2-c2c(cc(O)c(O)c2O)C(=O)OC1C1OC(=O)c2cc(O)c(O)c(O)c2-c2c(O)c(O)c(O)c3c2C(=O)OC1C3O)c1cc(O)c(O)c(O)c1,CHEMBL79244
481.56,37,6,3,4,6,70.23,7.39,5,0.0,O=C1NC(=O)c2cc(Nc3ccc(-c4ccccc4)cc3)c(Nc3ccc(-c4ccccc4)cc3)cc21,CHEMBL7929
365.34,27,4,3,4,4,70.23,4.34,3,0.0,O=C1NC(=O)c2cc(Nc3ccc(F)cc3)c(Nc3ccc(F)cc3)cc21,CHEMBL7939
405.46,31,5,2,4,5,61.44,5.97,4,0.0,O=C1c2cc(Nc3ccccc3)c(Nc3ccccc3)cc2C(=O)N1c1ccccc1,CHEMBL8000
766.53,55,8,13,21,0,376.01,0.43,6,0.1765,O=C1CC2OC(O)C(O)C(O)C2OC(=O)c2cc(O)c(O)c(O)c2-c2c(O)c(O)c3oc(=O)c4c(c(O)c(O)c5oc(=O)c2c3c54)-c2c1cc(O)c(O)c2O,CHEMBL80024
343.39,26,4,2,4,4,61.44,4.4,3,0.0476,CN1C(=O)c2cc(Nc3ccccc3)c(Nc3ccccc3)cc2C1=O,CHEMBL8036
412.39,30,3,2,6,6,76.66,5.03,3,0.0909,COC(=O)c1cc(Nc2ccc(F)cc2)c(Nc2ccc(F)cc2)cc1C(=O)OC,CHEMBL8091
290.27,21,3,5,6,1,110.38,1.55,2,0.2,Oc1cc(O)c2c(c1)OC(c1ccc(O)c(O)c1)C(O)C2,CHEMBL80941
359.39,27,4,3,5,5,79.46,4.07,3,0.0476,COc1ccc(Nc2cc3c(cc2Nc2ccccc2)C(=O)NC3=O)cc1,CHEMBL8095
864.77,63,10,14,18,4,320.14,4.24,6,0.2,Oc1cc(O)c2c(c1)OC1(c3ccc(O)c(O)c3)Oc3cc(O)c4c(c3C2C1O)OC(c1ccc(O)c(O)c1)C(O)C4c1c(O)cc(O)c2c1OC(c1ccc(O)c(O)c1)C(O)C2,CHEMBL81478
581.15,27,4,3,4,4,70.23,5.27,3,0.0,O=C1NC(=O)c2cc(Nc3ccc(I)cc3)c(Nc3ccc(I)cc3)cc21,CHEMBL8163
576.51,42,7,9,12,2,209.76,2.79,4,0.2,Oc1cc(O)c2c(c1)OC1(c3ccc(O)c(O)c3)Oc3cc(O)c4c(c3C2C1O)OC(c1ccc(O)c(O)c1)C(O)C4,CHEMBL81646
578.53,42,6,10,12,3,220.76,3.0,4,0.2,Oc1cc(O)c2c(c1)OC(c1ccc(O)c(O)c1)C(O)C2c1c(O)cc(O)c2c1OC(c1ccc(O)c(O)c1)C(O)C2,CHEMBL81753
376.41,28,3,2,6,6,76.66,4.75,3,0.0909,COC(=O)c1cc(Nc2ccccc2)c(Nc2ccccc2)cc1C(=O)OC,CHEMBL8222
471.61,35,4,3,6,10,76.71,5.75,3,0.2857,CCN(CC)c1ccc(Nc2cc3c(cc2Nc2ccc(N(CC)CC)cc2)C(=O)NC3=O)cc1,CHEMBL8223
363.46,25,4,1,4,4,46.17,4.87,3,0.0,O=C1NC(=O)c2cc(Sc3ccccc3)c(Sc3ccccc3)cc21,CHEMBL8271
618.46,44,5,11,17,2,301.43,0.12,3,0.2222,O=C(OC1OC2CC(=O)c3cc(O)c(O)c(O)c3-c3c(cc(O)c(O)c3O)C(=O)OC2C(O)C1O)c1cc(O)c(O)c(O)c1,CHEMBL82762
482.54,36,8,3,5,2,89.68,4.06,5,0.3214,CNC1CC2OC(C)(C1OC)n1c3ccccc3c3c4c(c5c6cc(O)ccc6n2c5c31)C(=O)NC4,CHEMBL83790
478.36,34,3,8,12,5,231.51,0.45,2,0.1905,O=C(O)C1=CC(OC(=O)c2cc(O)c(O)c(O)c2)C(O)C(OC(=O)c2cc(O)c(O)c(O)c2)C1,CHEMBL84333
240.69,17,3,0,2,1,25.78,3.95,3,0.0,Clc1ccc2cc(-c3ccncc3)cnc2c1,CHEMBL86664
238.25,18,3,2,3,1,65.98,2.25,1,0.0,O=c1cc2[nH]cc(-c3ccncc3)cc-2cc1O,CHEMBL87084
459.55,34,4,5,5,11,129.11,1.98,3,0.2692,NC(Cc1ccccc1)C(=O)NCCCCCNC1=C(c2cc3ccccc3[nH]2)C(=O)NC1=O,CHEMBL93559
467.48,35,8,2,5,1,94.72,3.66,5,0.2593,COC(=O)C1(O)CC2OC1(C)n1c3ccccc3c3c4c(c5c6ccccc6n2c5c31)C(=O)NC4,CHEMBL94678
519.56,39,7,3,4,5,110.15,4.83,6,0.1667,COC(=O)c1cc(NC(=O)CCn2c3ccccc3c3c4c(c5c6ccccc6[nH]c5c32)C(=O)NC4)cn1C,CHEMBL95539
341.42,25,3,5,5,9,112.04,0.45,2,0.3333,NCCCNCCCNC1=C(c2cc3ccccc3[nH]2)C(=O)NC1=O,CHEMBL95737
441.49,32,3,6,6,12,166.41,0.6,2,0.3636,NC(CCC(=O)O)C(=O)NCCCCCNC1=C(c2cc3ccccc3[nH]2)C(=O)NC1=O,CHEMBL95812
493.61,37,7,3,3,6,82.16,4.66,5,0.3333,O=C(CCn1c2ccccc2c2c3c(c4c5ccccc5[nH]c4c21)C(=O)NC3)NCCN1CCCCC1,CHEMBL95825
270.29,20,3,4,4,4,100.01,0.08,2,0.1429,NCCNC1=C(c2cc3ccccc3[nH]2)C(=O)NC1=O,CHEMBL97026
626.67,47,8,3,5,7,132.15,5.4,7,0.1667,COC(=O)c1cc(C(=O)c2cc(NC(=O)CCn3c4ccccc4c4c5c(c6c7ccccc7[nH]c6c43)C(=O)NC5)cn2C)cn1C,CHEMBL97117
355.44,26,3,5,5,10,112.04,0.84,2,0.3684,NCCNCCCCCNC1=C(c2cc3ccccc3[nH]2)C(=O)NC1=O,CHEMBL97448
340.43,25,3,4,4,9,100.01,2.03,2,0.3684,NCCCCCCCNC1=C(c2cc3ccccc3[nH]2)C(=O)NC1=O,CHEMBL97768
313.36,23,3,5,5,7,112.04,-0.33,2,0.25,NCCNCCNC1=C(c2cc3ccccc3[nH]2)C(=O)NC1=O,CHEMBL97796
466.54,35,7,3,3,5,88.15,4.22,5,0.2857,O=C(CCn1c2ccccc2c2c3c(c4c5ccccc5[nH]c4c21)C(=O)NC3)NCC1CCOC1,CHEMBL97822
468.56,34,3,7,6,13,193.51,-0.21,2,0.3913,NC(N)=NCCCC(N)C(=O)NCCCCCNC1=C(c2cc3ccccc3[nH]2)C(=O)NC1=O,CHEMBL98721
511.63,37,3,8,7,16,205.54,-0.62,2,0.44,NC(N)=NCCCC(N)C(=O)NCCNCCCCCNC1=C(c2cc3ccccc3[nH]2)C(=O)NC1=O,CHEMBL99572
630.78,46,7,2,9,9,99.92,6.35,6,0.2,CN(C)c1c(NC(=O)Cc2ccccc2)cccc1-c1nc2sccn2c1-c1ccnc(Nc2cccc(N3CCOCC3)c2)n1,CHEMBL1971485
209.25,16,3,2,2,1,54.7,2.81,3,0.0,Nc1n[nH]c2c(-c3ccccc3)cccc12,CHEMBL1991008
211.23,16,3,1,4,1,69.1,1.37,3,0.0,Nc1nc2ncc(-c3ccccc3)cn2n1,CHEMBL2002480
339.42,24,4,1,3,2,66.06,3.44,3,0.1667,CCc1ccc(-c2ccc3c(c2)-c2[nH]ncc2S(=O)(=O)N3C)cc1,CHEMBL2333445
347.44,25,4,2,3,5,57.78,4.26,4,0.1,O=C(NCCc1ccccc1)c1cc2c(-c3ccccc3)[nH]nc2s1,CHEMBL197923
363.44,26,4,2,4,5,67.01,4.23,4,0.1,COc1ccc(CNC(=O)c2cc3c(-c4ccccc4)[nH]nc3s2)cc1,CHEMBL199383
313.43,22,3,1,3,5,48.99,4.16,3,0.2941,CCCCN(C)C(=O)c1cc2c(-c3ccccc3)[nH]nc2s1,CHEMBL199528
325.44,23,4,2,3,3,57.78,4.35,3,0.3333,O=C(NC1CCCCC1)c1cc2c(-c3ccccc3)[nH]nc2s1,CHEMBL199755
388.9,27,3,3,6,7,87.89,4.23,3,0.4211,CC(C)C(CO)Nc1nc(Nc2cccc(Cl)c2)c2ncn(C(C)C)c2n1,CHEMBL23327
326.43,23,4,1,4,2,52.23,2.68,3,0.2941,CN1CCN(C(=O)c2cc3c(-c4ccccc4)[nH]nc3s2)CC1,CHEMBL371239
315.35,22,2,2,5,4,95.12,0.54,2,0.1333,CCn1c(=C(C#N)C(=O)O)sc(=CNc2ccccc2)c1=O,CHEMBL1986996
503.49,37,5,3,5,6,96.24,6.07,5,0.0769,O=C(Nc1cccc(-c2cn3ccnc3c(NCc3ccncc3)n2)c1)Nc1cccc(C(F)(F)F)c1,CHEMBL1081198
499.6,37,5,3,6,5,114.69,4.94,4,0.3214,CC1(C)CC(NC(=O)c2cccc(-c3cc4nccc(Nc5cccc(O)c5)n4n3)c2)CC(C)(C)N1[O],CHEMBL1163016
375.41,26,4,3,8,4,139.12,0.58,3,0.2667,NS(=O)(=O)c1ccc(Nc2nc(N3CCOCC3)nc3nc[nH]c23)cc1,CHEMBL1172957
486.54,35,5,2,6,5,79.1,4.62,3,0.48,CN1CCC(O)(c2cn(-c3ccnc(NC4CCCC4)n3)c(-c3cccc(C(F)(F)F)c3)n2)CC1,CHEMBL118258
325.34,24,4,2,4,4,59.17,3.88,3,0.1667,COc1cc2c(cc1OC)-c1[nH]nc(Nc3cccc(F)c3)c1C2,CHEMBL120077
472.57,35,6,1,7,5,75.0,4.12,4,0.3846,CN1CCN(c2ccc3c(n2)nc(-c2ccc(F)cc2)n3-c2ccnc(NC3CCCC3)n2)CC1,CHEMBL120185
436.53,32,5,3,6,5,83.21,4.86,3,0.44,OC1(c2nc(-c3ccc(F)cc3)c(-c3ccnc(NC4CCCCC4)c3)o2)CCNCC1,CHEMBL121405
319.32,23,3,1,5,3,78.85,2.94,3,0.2667,COc1cc(F)c(-c2nn(C(C)C)c3ncnc(N)c23)cc1F,CHEMBL1242027
371.36,27,3,2,3,5,54.02,4.96,3,0.1,O=C(Nc1cccc(C(F)(F)F)c1)c1ccccc1NCc1ccncc1,CHEMBL153843
473.46,34,4,1,6,5,91.61,4.44,3,0.3043,CC(=O)N1CCN(c2cnc3cc(C(F)(F)F)cc(NCc4cccc([N+](=O)[O-])c4)c3c2)CC1,CHEMBL1766529
277.28,21,4,0,3,2,55.73,2.5,2,0.1176,CCOC(=O)C1=C2C(=NC1=O)c1cccc3cccc2c13,CHEMBL1784725
552.56,40,6,1,6,6,86.11,6.83,6,0.0,O=C(Nc1ccc(Oc2ncnc3scc(-c4ccccc4)c23)c(F)c1)c1cccn(-c2ccc(F)cc2)c1=O,CHEMBL1813632
419.53,31,5,2,7,5,94.12,3.35,3,0.4348,Nc1nc(Nc2ccc(C3CCC(N4CCOCC4)CC3)cc2)nn1-c1ccccn1,CHEMBL1835870
432.5,32,4,1,5,6,65.77,4.15,4,0.2083,Cc1ccccc1Nc1nc2cc(F)c(N(C)C(=O)C=CCN(C)C)cc2n2cncc12,CHEMBL1916891
361.83,25,2,3,4,7,78.79,2.6,2,0.2105,COc1ccc(C(=O)NCC(O)CO)cc1C=Cc1ccc(Cl)cc1,CHEMBL1949788
361.83,25,2,3,4,7,78.79,2.6,2,0.2105,COc1ccc(C(=O)NCC(O)CO)cc1C=Cc1ccc(Cl)cc1,CHEMBL1949789
553.45,38,5,1,8,8,88.87,6.04,4,0.2857,COc1cc(Nc2c(C#N)cnc3cc4cc(OCCN5CCOCC5)c(OC)cc4cc23)c(Cl)cc1Cl,CHEMBL195029
444.39,32,4,3,4,3,97.86,5.02,4,0.0952,Cn1nc(N)c2c(-c3ccc(NC(=O)Nc4ccc(F)c(C(F)(F)F)c4)cc3)ccnc21,CHEMBL1966836
458.4,33,4,3,6,5,111.64,5.63,4,0.0909,COc1ccc(-c2ccc(NC(=O)Nc3ccc(OC(F)(F)F)cc3)cc2)c2c(N)noc12,CHEMBL1973178
429.38,31,4,4,3,3,95.83,5.61,4,0.0476,Nc1n[nH]c2cccc(-c3ccc(NC(=O)Nc4cccc(C(F)(F)F)c4)c(F)c3)c12,CHEMBL1980904
389.43,29,4,3,3,3,84.97,4.91,4,0.0909,Cc1ccc(F)c(NC(=O)Nc2ccc(-c3cccc4c3c(N)nn4C)cc2)c1,CHEMBL1985491
426.4,31,4,3,4,3,97.86,4.88,4,0.0952,Cn1nc(N)c2c(-c3ccc(NC(=O)Nc4cccc(C(F)(F)F)c4)cc3)ccnc21,CHEMBL1985888
393.4,29,4,4,3,3,95.83,5.04,4,0.0476,Cc1cc(NC(=O)Nc2ccc(-c3cccc4[nH]nc(N)c34)c(F)c2)ccc1F,CHEMBL1986979
393.4,29,4,4,3,3,95.83,5.04,4,0.0476,Cc1ccc(F)c(NC(=O)Nc2ccc(-c3cccc4[nH]nc(N)c34)c(F)c2)c1,CHEMBL1988778
393.4,29,4,4,3,3,95.83,5.04,4,0.0476,Cc1cc(NC(=O)Nc2ccc(-c3c(F)ccc4[nH]nc(N)c34)cc2)ccc1F,CHEMBL1993996
375.41,28,4,4,3,3,95.83,4.9,4,0.0476,Cc1cccc(NC(=O)Nc2ccc(-c3cccc4[nH]nc(N)c34)c(F)c2)c1,CHEMBL1994638
393.4,29,4,4,3,3,95.83,5.04,4,0.0476,Cc1ccc(F)c(NC(=O)Nc2ccc(-c3c(F)ccc4[nH]nc(N)c34)cc2)c1,CHEMBL1996255
395.83,28,4,4,3,3,95.83,5.25,4,0.0,Nc1n[nH]c2cccc(-c3ccc(NC(=O)Nc4cccc(Cl)c4)c(F)c3)c12,CHEMBL2000652
311.41,22,3,2,6,5,62.73,4.16,3,0.1875,CC(C)Nc1nccc(Nc2ncc(-c3ccccc3)s2)n1,CHEMBL2002432
478.36,32,4,2,5,5,95.06,4.82,3,0.3182,CC(NC(=O)c1cc(-c2cnn(C3CCOCC3)c2)cnc1N)c1c(Cl)ccc(F)c1Cl,CHEMBL2071457
472.63,34,5,1,5,6,41.05,6.99,4,0.2857,CC(Nc1cc(-c2sc(C3CCN(C)CC3)nc2-c2ccc(F)cc2)ccn1)c1ccccc1,CHEMBL2111784
467.59,34,5,0,4,5,57.01,6.02,5,0.1429,COc1ccc2cc(-c3c(-c4ccncc4)nc(-c4ccc(S(C)=O)cc4C)n3C)ccc2c1,CHEMBL237570
317.4,24,4,1,4,1,69.62,3.98,4,0.2105,CC(C)(C)n1nc(-c2cccc3ccccc23)c2c(N)ncnc21,CHEMBL264406
376.4,28,4,4,4,3,108.72,4.3,4,0.05,Cc1ccc(F)c(NC(=O)Nc2ccc(-c3cncc4[nH]nc(N)c34)cc2)c1,CHEMBL271441
358.41,27,4,4,4,3,108.72,4.16,4,0.05,Cc1cccc(NC(=O)Nc2ccc(-c3cncc4[nH]nc(N)c34)cc2)c1,CHEMBL272938
376.4,28,4,4,4,3,108.72,4.3,4,0.05,Cc1cc(NC(=O)Nc2ccc(-c3ccnc4n[nH]c(N)c34)cc2)ccc1F,CHEMBL273187
238.29,18,3,2,1,1,44.89,3.12,2,0.1333,Cc1cc(C)c(C=C2C(=O)Nc3ccccc32)[nH]1,CHEMBL276711
430.51,33,5,2,4,6,66.91,6.16,5,0.0357,O=C(Nc1cccc(-c2cncc3ccccc23)c1)c1ccccc1NCc1ccncc1,CHEMBL347537
361.38,27,4,4,3,3,95.83,4.6,4,0.0,Nc1n[nH]c2cccc(-c3ccc(NC(=O)Nc4cccc(F)c4)cc3)c12,CHEMBL373798
375.41,28,4,4,3,3,95.83,4.9,4,0.0476,Cc1cc(NC(=O)Nc2ccc(-c3cccc4[nH]nc(N)c34)cc2)ccc1F,CHEMBL374044
430.37,31,4,4,4,3,108.72,5.01,4,0.05,Nc1[nH]nc2nccc(-c3ccc(NC(=O)Nc4cc(C(F)(F)F)ccc4F)cc3)c12,CHEMBL403402
392.85,28,4,3,4,3,97.86,4.51,4,0.05,Cn1nc(N)c2c(-c3ccc(NC(=O)Nc4cccc(Cl)c4)cc3)cncc21,CHEMBL404366
234.26,18,4,1,2,1,41.82,3.98,4,0.0,c1ccc(-c2n[nH]c3c2oc2ccccc23)cc1,CHEMBL406375
372.43,28,4,3,4,3,93.18,5.34,4,0.0909,Cc1cc(C)cc(NC(=O)Nc2ccc(-c3cccc4onc(N)c34)cc2)c1,CHEMBL409349
453.59,34,5,1,6,7,63.17,5.84,4,0.3214,Cc1cccc(C)c1-c1cc(C)c2nc(Nc3ccc(OCCN4CCCC4)cc3)nnc2c1,CHEMBL436137
270.24,20,3,3,5,1,90.9,2.58,3,0.0,O=c1c(-c2ccc(O)cc2)coc2cc(O)cc(O)c12,CHEMBL44
417.45,30,4,1,5,5,72.7,5.06,4,0.1739,Cc1cccc(C)c1C=Cn1cnc2c(Nc3ccc(P(C)(C)=O)cc3)ncnc21,CHEMBL488840
531.95,37,4,2,7,9,105.68,4.45,3,0.28,C=CC(=O)N1CCCC1C(=O)Nc1cc2c(Nc3ccc(F)c(Cl)c3F)ncnc2cc1OCCOC,CHEMBL569880
513.96,36,4,2,7,9,105.68,4.31,3,0.28,C=CC(=O)N1CCCC1C(=O)Nc1cc2c(Nc3cccc(Cl)c3F)ncnc2cc1OCCOC,CHEMBL571040
263.3,20,3,2,5,3,76.72,2.86,3,0.0,Nc1cccc(Nc2nccc(-c3cccnc3)n2)c1,CHEMBL57553
295.3,22,3,2,4,3,84.08,2.97,3,0.0625,COC(=O)Nc1nc2ccc(C(=O)c3ccccc3)cc2[nH]1,CHEMBL685
346.82,25,4,1,4,4,50.7,5.01,4,0.05,Clc1ccc(Nc2nnc(Cc3ccncc3)c3ccccc23)cc1,CHEMBL75232
337.81,24,3,2,3,5,54.02,4.6,3,0.0526,O=C(Nc1ccc(Cl)cc1)c1ccccc1NCc1ccncc1,CHEMBL101683
512.61,38,6,1,5,1,77.73,3.53,4,0.3333,CCN1CCOCCn2cc(c3ccccc32)C2=C(C(=O)NC2=O)c2cn(c3ccccc23)CCOCC1,CHEMBL103055
194.19,14,2,0,3,0,61.82,-1.03,2,0.375,Cn1c(=O)c2c(ncn2C)n(C)c1=O,CHEMBL113
564.69,41,5,1,9,10,101.52,3.88,3,0.5,COc1cc2c(N3CCN(C(=O)Nc4ccc(OC(C)C)cc4)CC3)ncnc2cc1OCCCN1CCOCC1,CHEMBL125898
267.25,19,2,2,5,3,133.08,-0.2,1,0.6,Cc1cn(C2CC(N=[N+]=[N-])C(CO)O2)c(=O)[nH]c1=O,CHEMBL129
355.83,25,3,3,6,7,82.96,3.73,3,0.1667,OCCCNc1cncc(-c2cncc(Nc3cccc(Cl)c3)n2)c1,CHEMBL177688
369.86,26,3,3,6,8,82.96,4.12,3,0.2105,OCCCCNc1cncc(-c2cncc(Nc3cccc(Cl)c3)n2)c1,CHEMBL188386
416.92,30,4,2,6,8,75.62,5.38,4,0.1304,Clc1cccc(Nc2cncc(-c3cncc(NCCCc4cccnc4)c3)n2)c1,CHEMBL188502
523.68,38,3,3,8,12,113.53,5.16,3,0.5,CCN(CC)CCCCNc1ncc2cc(-c3cc(OC)cc(OC)c3)c(NC(=O)NC(C)(C)C)nc2n1,CHEMBL189584
368.87,26,3,2,6,7,65.97,3.91,3,0.2105,CN(C)CCNc1cncc(-c2cncc(Nc3cccc(Cl)c3)n2)c1,CHEMBL190984
356.82,25,3,3,7,7,95.85,3.12,3,0.1765,OCCCNc1cc(-c2ncnc(Nc3cccc(Cl)c3)n2)ccn1,CHEMBL191336
479.39,34,4,2,8,7,119.47,4.15,4,0.25,CONC(=O)c1cc(Nc2ncnn3cc(-c4nnc(C(F)F)o4)c(C(C)C)c23)c(F)cc1F,CHEMBL194498
540.55,37,3,3,9,10,153.02,3.15,3,0.3636,CONC(=O)c1cc(Nc2ncnn3cc(NC(=O)OCCCS(C)(=O)=O)c(C(C)C)c23)c(F)cc1F,CHEMBL195218
557.49,38,4,2,10,8,153.61,3.31,4,0.2857,CONC(=O)c1cc(Nc2ncnn3cc(-c4nnc(C(F)(F)S(C)(=O)=O)o4)c(C(C)C)c23)c(F)cc1F,CHEMBL195903
447.97,32,5,3,4,5,73.05,4.87,3,0.28,CCN1CCC(Nc2ccc3c(c2)C(=C(c2ccc(Cl)cc2)c2ncc[nH]2)C(=O)N3)CC1,CHEMBL2086760
318.41,23,5,1,3,3,46.5,3.95,4,0.1111,c1cn(Cc2ccc3c(c2)-c2[nH]nc(-c4ccsc4)c2C3)cn1,CHEMBL212084
436.37,28,3,3,6,7,92.93,3.85,3,0.2105,CNc1nccc(-c2ccc(C(=O)NC(CN)Cc3ccc(Cl)cc3Cl)s2)n1,CHEMBL213618
350.49,25,5,1,4,3,35.16,3.46,3,0.35,CN1CCN(Cc2ccc3c(c2)-c2[nH]nc(-c4ccsc4)c2C3)CC1,CHEMBL213743
277.28,21,4,2,4,1,66.49,4.06,4,0.0,Oc1ccc2oc3ncc(O)c(-c4ccccc4)c3c2c1,CHEMBL2163772
472.71,29,4,3,6,5,102.31,5.14,4,0.0526,N#Cc1cnc2c(Br)cc(NCc3cn[nH]n3)cc2c1Nc1ccc(F)c(Cl)c1,CHEMBL230232
507.98,36,5,2,8,8,101.75,5.24,4,0.2692,CNC(=O)c1cc(Oc2ccc3oc(Nc4ccc(Cl)c(OCC5CCCN5C)c4)nc3c2)ccn1,CHEMBL231568
401.49,29,5,1,4,3,73.2,4.71,3,0.2609,N#Cc1c(NC(=O)c2cccc3ccccc23)sc2c1CCCN2C(=O)C1CC1,CHEMBL232601
332.43,24,4,1,3,2,52.89,4.9,3,0.2,N#Cc1c(NC(=O)c2cccc3ccccc23)sc2c1CCCC2,CHEMBL233001
410.82,29,4,3,5,5,89.42,5.12,4,0.05,N#Cc1cnc2c(F)cc(NCc3cnc[nH]3)cc2c1Nc1ccc(F)c(Cl)c1,CHEMBL245212
241.25,18,3,2,3,2,67.01,1.91,2,0.0769,COc1ccc2c(c1)C(=Cc1cnc[nH]1)C(=O)N2,CHEMBL258805
425.45,28,3,4,7,4,140.95,1.77,3,0.0,Nc1nc(Nc2ccc(S(N)(=O)=O)cc2)nn1C(=S)Nc1c(F)cccc1F,CHEMBL261720
298.35,22,3,3,6,6,87.89,1.38,3,0.2667,Cn1cnc2c(NCc3ccccc3)nc(NCCO)nc21,CHEMBL280074
490.65,33,3,4,9,11,120.51,3.34,3,0.4348,CC(C)(C)c1cnc(CSc2cnc(NC(=O)Cc3ccc(CNC(CO)CO)cc3)s2)o1,CHEMBL300936
378.44,25,3,3,8,4,145.99,1.31,3,0.0714,Cc1ccsc1C(=O)n1nc(Nc2ccc(S(N)(=O)=O)cc2)nc1N,CHEMBL363130
407.4,28,3,2,6,4,119.97,2.25,3,0.1176,Cc1ccc(F)c(C(=O)n2nc(Nc3ccc(S(N)(=O)=O)cc3)nc2C)c1F,CHEMBL363607
443.41,32,4,2,8,6,119.47,3.52,4,0.25,CONC(=O)c1cc(Nc2ncnn3cc(-c4nnc(C)o4)c(C(C)C)c23)c(F)cc1F,CHEMBL365318
504.49,36,4,3,8,8,128.11,3.89,3,0.3913,CONC(=O)c1cc(Nc2ncnn3cc(NC(=O)OCC4CCCO4)c(C(C)C)c23)c(F)cc1F,CHEMBL370266
461.44,32,4,3,5,3,92.93,6.05,4,0.0952,Cc1sc2ncnc(N)c2c1-c1ccc(NC(=O)Nc2cc(C(F)(F)F)ccc2F)cc1,CHEMBL381207
454.29,31,4,2,5,5,87.68,5.54,4,0.0455,N#Cc1cnc2c(Cl)cc(NCc3cccc[n+]3[O-])cc2c1Nc1ccc(F)c(Cl)c1,CHEMBL395573
557.86,35,4,2,7,9,94.69,5.56,4,0.25,CN(C)CCCn1cc(CNc2cc(Br)c3ncc(C#N)c(Nc4ccc(F)c(Cl)c4)c3c2)nn1,CHEMBL425834
484.55,36,5,1,5,9,70.95,4.88,4,0.2069,COc1cc(C2=C(c3cn(COCc4ccccc4)c4ccccc34)CNC2=O)cc(OC)c1OC,CHEMBL453336
512.03,36,5,3,6,8,86.58,4.22,2,0.4231,Cc1cc(C2CCN(CCCF)CC2)cc2c1NC(=C1C(=O)N=CC=C1NCCn1cc(Cl)cn1)N2,CHEMBL459729
450.5,31,4,3,7,3,113.37,3.65,2,0.0,O=C1C=CC(NC(=S)NC(=O)c2ccc([N+](=O)[O-])cc2)=CC1=C1Nc2ccccc2S1,CHEMBL460746
289.31,22,4,0,2,2,30.19,4.2,4,0.0,Fc1ccc(-c2nn3ccccc3c2-c2ccncc2)cc1,CHEMBL485745
441.52,32,6,2,4,4,97.76,3.63,6,0.125,N=C(N)SCCCn1c(=O)c2c(c1=O)n1c3ccccc3cc1c1cccc3ccn2c31,CHEMBL489083
370.41,28,4,2,5,5,82.96,4.86,4,0.0909,COc1ccc(-c2cncc(C#N)c2Nc2ccc3[nH]ccc3c2)cc1OC,CHEMBL492251
338.41,25,3,1,5,4,69.56,2.38,2,0.3158,CN1CCCN(c2cncc(-c3cccc(C=CC(=O)O)c3)n2)CC1,CHEMBL493937
302.24,22,3,5,7,1,131.36,1.99,3,0.0,O=c1c(O)c(-c2ccc(O)c(O)c2)oc2cc(O)cc(O)c12,CHEMBL50
366.85,26,3,2,4,5,66.91,4.86,3,0.15,Cc1cccc(C(=O)Nc2cccc(C(C)Nc3cncc(Cl)n3)c2)c1,CHEMBL504075
473.37,29,4,3,4,6,83.8,4.49,4,0.1429,NCC(Cc1cccc(F)c1)NC(=O)c1cc(Br)c(-c2ccnc3[nH]ccc23)s1,CHEMBL523586
186.17,14,1,2,4,1,88.04,1.53,1,0.0,N#CC(C#N)=Cc1ccc(O)c(O)c1,CHEMBL76904
418.9,29,4,3,6,4,89.96,3.0,3,0.45,CC(C)C(C)(O)C1CN(c2nc(-c3[nH]nc4ncccc34)c(F)cc2Cl)CCN1,CHEMBL2326002
305.14,18,3,3,4,1,87.82,2.68,3,0.0,Nc1nccc(-c2c[nH]c3c(Br)ccc(O)c23)n1,CHEMBL296682
482.54,36,5,4,4,5,116.83,5.78,5,0.1481,CC(C)(C)c1cc(NC(=O)Nc2cccc(Oc3cccc4[nH]c(=O)[nH]c34)c2)n(-c2ccccc2)n1,CHEMBL597592
467.53,35,5,3,4,5,104.8,5.38,5,0.1481,CC(C)(C)c1cc(NC(=O)c2cccc(Oc3cccc4[nH]c(=O)[nH]c34)c2)n(-c2ccccc2)n1,CHEMBL598626
483.32,34,4,3,4,5,96.21,5.22,4,0.0476,O=C(Nc1cc(Oc2cccc3[nH]c(=O)[nH]c23)c(F)c(F)c1F)c1cccc(OC(F)(F)F)c1,CHEMBL602123
267.33,20,3,2,3,3,57.25,1.72,1,0.25,CCCCc1c2c([nH]c1=C1C=CC(=O)C=C1)=NC=CN2,CHEMBL75680
354.8,25,3,3,3,3,86.88,4.04,3,0.0556,Cc1cc(=O)[nH]nc1-c1ccc(NC(=O)Nc2cccc(Cl)c2)cc1,CHEMBL1968606
392.44,28,4,1,5,4,107.42,2.57,4,0.05,CS(=O)(=O)c1cccc(-c2cnn3c(C(N)=O)cc(-c4ccccc4)nc23)c1,CHEMBL1998477
210.24,16,3,1,3,1,56.21,1.98,3,0.0,Nc1nccc2nc(-c3ccccc3)cn12,CHEMBL2004887
451.45,33,5,1,4,3,77.04,4.37,4,0.2083,Cn1cc(-c2ccc3c(c2)CCN3C(=O)Cc2cccc(C(F)(F)F)c2)c2c(N)ncnc21,CHEMBL2171124
418.5,32,5,2,4,6,76.82,4.71,5,0.1111,C#Cc1ncc(OCC(N)Cc2c[nH]c3ccccc23)cc1-c1ccc2cnccc2c1,CHEMBL207544
409.49,31,5,3,5,6,102.84,4.31,5,0.12,Nc1cc2cc(-c3cncc(OCC(N)Cc4c[nH]c5ccccc45)c3)ccc2cn1,CHEMBL210390
432.91,30,3,4,7,8,125.19,3.93,3,0.4,CC(C)C(CO)Nc1nc(Nc2ccc(C(=O)O)c(Cl)c2)c2ncn(C(C)C)c2n1,CHEMBL23254
500.6,38,7,1,3,5,59.27,5.15,5,0.1875,Cn1cc(C2=C(c3cn(C4CCN(Cc5ccccc5)C4)c4ccccc34)C(=O)NC2=O)c2ccccc21,CHEMBL291975
514.63,39,7,1,3,5,59.27,5.54,5,0.2121,Cn1cc(C2=C(c3cn(C4CCN(Cc5ccccc5)CC4)c4ccccc34)C(=O)NC2=O)c2ccccc21,CHEMBL300549
466.59,35,6,1,3,4,59.27,4.75,4,0.3103,CC(C)N1CCC(n2cc(C3=C(c4cn(C)c5ccccc45)C(=O)NC3=O)c3ccccc32)CC1,CHEMBL301860
336.35,26,6,2,2,0,61.96,4.51,5,0.0,O=C1NC(=O)c2c1c1c3ccccc3ccc1c1[nH]c3ccccc3c21,CHEMBL332575
531.57,39,6,1,8,0,118.73,2.03,4,0.3571,O=C1NC(=O)C2=C1c1cn(c3ncccc13)CCOCCOCCOCCOCCn1cc2c2cccnc21,CHEMBL337642
485.54,36,6,1,5,0,83.72,3.23,4,0.2857,O=C1NC(=O)C2=C1c1cn(c3ccccc13)CCOCCOCCOCCn1cc2c2ccccc21,CHEMBL340259
487.52,36,6,1,7,0,109.5,2.02,4,0.3077,O=C1NC(=O)C2=C1c1cn(c3ncccc13)CCOCCOCCOCCn1cc2c2cccnc21,CHEMBL340776
486.53,36,6,1,6,0,96.61,2.62,4,0.2963,O=C1NC(=O)C2=C1c1cn(c3ccccc13)CCOCCOCCOCCn1cc2c2cccnc21,CHEMBL340935
428.92,31,5,2,4,6,76.82,5.38,5,0.12,NC(COc1cnc(Cl)c(-c2ccc3cnccc3c2)c1)Cc1c[nH]c2ccccc12,CHEMBL378963
468.56,35,6,1,4,2,68.5,3.51,4,0.2857,CN(C)CC1CCn2cc(c3ccccc32)C2=C(C(=O)NC2=O)c2cn(c3ccccc23)CCO1,CHEMBL432130
424.5,32,6,2,3,3,70.13,3.96,4,0.2308,CN1CCC(n2cc(C3=C(c4c[nH]c5ccccc45)C(=O)NC3=O)c3ccccc32)CC1,CHEMBL52654
438.53,33,6,1,3,3,59.27,3.97,4,0.2593,CN1CCC(n2cc(C3=C(c4cn(C)c5ccccc45)C(=O)NC3=O)c3ccccc32)CC1,CHEMBL53596
452.56,34,6,1,3,4,59.27,4.36,4,0.2857,CCN1CCC(n2cc(C3=C(c4cn(C)c5ccccc45)C(=O)NC3=O)c3ccccc32)CC1,CHEMBL54382
478.6,36,7,1,3,5,59.27,4.75,4,0.3333,Cn1cc(C2=C(c3cn(C4CCN(CC5CC5)CC4)c4ccccc34)C(=O)NC2=O)c2ccccc21,CHEMBL55394
424.5,32,6,2,3,3,68.06,3.62,4,0.2308,Cn1cc(C2=C(c3cn(C4CCNCC4)c4ccccc34)C(=O)NC2=O)c2ccccc21,CHEMBL55788
412.49,31,5,2,3,6,70.13,3.64,4,0.2,CN(C)CCCn1cc(C2=C(c3c[nH]c4ccccc34)C(=O)NC2=O)c2ccccc21,CHEMBL7463
420.4,31,4,3,6,5,128.07,3.39,4,0.0476,Cc1ccc(C(=O)Nc2ccon2)cc1NC(=O)c1cnn(-c2ccccc2F)c1N,CHEMBL1290746
467.6,34,5,2,6,6,76.97,6.44,5,0.1852,COc1ccc(CN(C)C)c(-c2cc3c(Nc4ccc5[nH]ccc5c4C)c(C#N)cnc3s2)c1,CHEMBL479835
398.34,29,4,1,4,4,68.52,4.79,4,0.05,O=C(Nc1cccc(Oc2ccc3nccn3n2)c1)c1cccc(C(F)(F)F)c1,CHEMBL2206666
405.89,29,4,2,6,8,80.55,4.63,4,0.1429,Clc1cccc(Nc2cncc(-c3cncc(NCCCn4cccn4)c3)n2)c1,CHEMBL371169
406.88,29,4,2,7,8,93.44,4.03,4,0.15,Clc1cccc(Nc2cncc(-c3cncc(NCCCn4cncn4)c3)n2)c1,CHEMBL372657
332.4,24,2,1,5,1,72.83,3.58,1,0.4737,COc1cc(O)c2c(c1)CCCCCC(=O)C=CCC(C)OC2=O,CHEMBL1651523
514.63,38,4,4,5,8,125.51,4.36,4,0.2759,CC(C)(C)c1cc(NC(=O)Nc2cccc3ccccc23)n(-c2cccc(C(=O)N(CCN)CCO)c2)n1,CHEMBL1993634
431.52,31,5,1,6,7,77.85,3.36,4,0.2609,COCCOCC#Cc1cc(-c2n[nH]c3c2Cc2ccc(Cn4cncn4)cc2-3)cs1,CHEMBL223971
485.75,30,4,2,5,5,78.56,5.75,4,0.0952,Cn1cnc(CNc2cc(Br)c3ncc(C#N)c(Nc4ccc(F)c(Cl)c4)c3c2)c1,CHEMBL230761
523.66,38,6,2,6,6,73.49,4.33,4,0.2667,CN1CCN(CC(=O)Nc2cccc3c2Cc2c(-c4csc(C#CCOc5ccccc5)c4)n[nH]c2-3)CC1,CHEMBL245377
455.54,33,5,2,5,6,76.24,4.72,4,0.1538,COCC(=O)Nc1cccc2c1Cc1c(-c3csc(C#CCOc4ccccc4)c3)n[nH]c1-2,CHEMBL245769
499.59,36,5,2,6,9,85.47,4.74,4,0.2143,COCCOCC(=O)Nc1cccc2c1Cc1c(-c3csc(C#CCOc4ccccc4)c3)n[nH]c1-2,CHEMBL245968
469.52,34,5,2,6,4,93.31,4.25,4,0.1154,COC(=O)C(=O)Nc1cccc2c1Cc1c(-c3csc(C#CCOc4ccccc4)c3)n[nH]c1-2,CHEMBL246166
335.37,25,3,4,6,5,113.16,3.08,3,0.0556,Cc1ccc(O)cc1Nc1ccnc(Nc2cccc(C(N)=O)c2)n1,CHEMBL249097
480.64,35,6,1,5,5,44.39,4.89,4,0.2759,CN1CCN(Cc2ccc3c(c2)Cc2c(-c4csc(C#CCOc5ccccc5)c4)n[nH]c2-3)CC1,CHEMBL390156
497.58,36,5,2,6,7,93.31,5.03,4,0.1786,CCOC(=O)CC(=O)Nc1cccc2c1Cc1c(-c3csc(C#CCOc4ccccc4)c3)n[nH]c1-2,CHEMBL395427
454.41,33,4,1,5,5,85.59,4.84,4,0.1304,CCOC(=O)c1cnn2c(-c3cccc(NC(=O)c4cccc(C(F)(F)F)c4)c3)ccnc12,CHEMBL565061
371.47,27,5,1,4,3,54.35,4.35,3,0.1364,O=C1N=C(NC2CC2c2ccccc2)SC1=Cc1ccc2ncccc2c1,CHEMBL235345
255.3,18,3,1,4,1,68.34,2.16,2,0.0,NC1=NC(=O)C(=Cc2ccc3ncccc3c2)S1,CHEMBL396377
385.47,28,3,5,7,9,114.94,1.59,3,0.4,CC(C)c1cnn2c(NCc3ccccc3)cc(NC(CO)C(O)CO)nc12,CHEMBL1234833
440.98,31,4,2,7,6,85.86,4.31,3,0.4545,CC(C)c1[nH]nc(Cl)c1-c1ccnc(Nc2ccc(N3CCC(N(C)C)CC3)cn2)n1,CHEMBL1272116
474.54,34,4,2,7,6,85.86,4.68,3,0.4783,CC(C)c1[nH]nc(C(F)(F)F)c1-c1ccnc(Nc2ccc(N3CCC(N(C)C)CC3)cn2)n1,CHEMBL1272171
344.37,26,4,2,4,4,79.52,3.14,4,0.05,O=C(Nc1ccc(CO)cc1)c1cnn2c(-c3ccccc3)ccnc12,CHEMBL1974363
289.14,17,3,2,3,1,67.59,2.97,3,0.0,Nc1nccc(-c2c[nH]c3ccc(Br)cc23)n1,CHEMBL44541
305.14,18,3,3,4,1,87.82,2.68,3,0.0,Nc1nccc(-c2c[nH]c3cc(Br)cc(O)c23)n1,CHEMBL44545
289.14,17,3,2,3,1,67.59,2.97,3,0.0,Nc1nccc(-c2c[nH]c3cc(Br)ccc23)n1,CHEMBL46440
238.25,18,3,2,4,0,86.18,1.63,2,0.0,Nc1ccc(N)c2c1C(=O)c1ccccc1C2=O,CHEMBL86771
526.69,39,4,3,4,9,91.29,6.04,4,0.3226,CN(C)CCCCNC(=O)c1cccc(-n2nc(C(C)(C)C)cc2NC(=O)Nc2cccc3ccccc23)c1,CHEMBL2001451
211.22,16,3,1,2,1,50.16,1.69,3,0.0,O=c1[nH]nc2c(-c3ccccc3)cccn12,CHEMBL2002182
330.38,24,2,1,5,1,72.83,3.66,1,0.3684,COc1cc(O)c2c(c1)C=CCCCC(=O)C=CCC(C)OC2=O,CHEMBL1668418
332.4,24,2,1,5,1,72.83,3.58,1,0.4737,COc1cc(O)c2c(c1)CCCCCC(=O)C=CCC(C)OC2=O,CHEMBL1668419
249.33,17,2,0,4,3,29.54,3.06,1,0.3077,CCN1C(=CC(C)=O)Sc2ccc(OC)cc21,CHEMBL408982
494.6,37,7,4,4,5,99.15,4.68,5,0.3333,Cn1ccc2ccc3c4[nH]c5c(CCCNC6CCC(O)CC6)cccc5c4c4c(c3c21)C(=O)NC4=O,CHEMBL307152
469.35,32,4,3,5,7,89.42,6.58,4,0.1739,CCCc1nc[nH]c1CNc1cc(Cl)c2ncc(C#N)c(Nc3ccc(F)c(Cl)c3)c2c1,CHEMBL230654
